session,chance,level rho,Shape differential,Shape differential rho,Temporal delta,Temporal delta rho,Turnover share,Turnover share rho,Participation,Participation rho,Rotation momentum,Rotation momentum rho
2019-01-02,0.2727272727272727,-0.5545454545454546,0.3333333333333333,0.31890743330474364,0.0,-0.5818181818181819,0.3333333333333333,-0.4000000000000001,0.0,-0.21818181818181823,0.0,-0.11818181818181818
2019-01-03,0.2727272727272727,-0.6363636363636364,0.3333333333333333,0.38181818181818183,0.0,-0.07272727272727274,0.0,-0.43636363636363645,0.3333333333333333,0.07744894808829489,0.3333333333333333,0.08181818181818183
2019-01-04,0.2727272727272727,-0.29157251045005134,0.0,-0.18678863950706415,0.0,-0.41818181818181827,0.3333333333333333,-0.16363636363636366,0.0,-0.41818181818181827,0.0,-0.4090909090909091
2019-01-07,0.2727272727272727,-0.4009122018688206,0.3333333333333333,-0.26363636363636367,0.0,-0.6727272727272727,0.3333333333333333,0.10909090909090911,0.0,-0.38181818181818183,0.0,-0.45454545454545453
2019-01-08,0.2727272727272727,-0.1415525114155251,0.0,-0.4738053294813334,0.0,-0.4783611499571155,0.6666666666666666,0.3143516128289616,0.3333333333333333,-0.3926940639269406,0.0,-0.7334870966009104
2019-01-09,0.2727272727272727,-0.5785892004243207,0.0,-0.45454545454545453,0.3333333333333333,-0.46363636363636374,0.0,-0.03636363636363637,0.3333333333333333,-0.4000000000000001,0.0,-0.6454545454545455
2019-01-10,0.2727272727272727,-0.6742614304157438,0.3333333333333333,-0.4000000000000001,0.0,-0.6272727272727273,0.0,-0.16363636363636366,0.3333333333333333,0.17272727272727276,0.0,-0.7727272727272727
2019-01-11,0.2727272727272727,-0.5727272727272729,0.3333333333333333,-0.05454545454545456,0.0,-0.7272727272727273,0.0,-0.07272727272727274,0.3333333333333333,0.27272727272727276,0.0,-0.8181818181818182
2019-01-14,0.2727272727272727,-0.8454545454545455,0.0,-0.3181818181818182,0.0,-0.7454545454545456,0.3333333333333333,0.009090909090909092,0.0,-0.14545454545454548,0.0,-0.7818181818181819
2019-01-15,0.2727272727272727,-0.29157251045005134,0.6666666666666666,-0.009090909090909092,0.0,-0.5272727272727273,0.3333333333333333,0.018181818181818184,0.0,0.38181818181818183,0.0,-0.6636363636363638
2019-01-16,0.2727272727272727,-0.7000000000000001,0.3333333333333333,0.03636363636363637,0.0,-0.6181818181818182,0.3333333333333333,-0.07272727272727274,0.0,0.02727272727272728,0.0,-0.5272727272727273
2019-01-17,0.2727272727272727,-0.3181818181818182,0.3333333333333333,-0.15489789617658978,0.3333333333333333,-0.36363636363636365,0.3333333333333333,-0.009090909090909092,0.0,0.07272727272727274,0.3333333333333333,-0.46363636363636374
2019-01-18,0.2727272727272727,-0.690909090909091,0.3333333333333333,-0.18181818181818182,0.0,-0.8272727272727273,0.3333333333333333,-0.07272727272727274,0.0,-0.027524094128159017,0.0,-0.7181818181818183
2019-01-22,0.2727272727272727,-0.4272727272727273,0.3333333333333333,-0.06363636363636364,0.0,-0.881818181818182,0.3333333333333333,-0.07272727272727274,0.0,-0.38181818181818183,0.0,-0.6181818181818182
2019-01-23,0.2727272727272727,-0.5272727272727273,0.6666666666666666,0.11818181818181818,0.0,-0.6181818181818182,0.0,-0.18181818181818182,0.3333333333333333,0.06363636363636364,0.0,-0.6545454545454547
2019-01-24,0.2727272727272727,-0.3090909090909091,0.6666666666666666,0.1272727272727273,0.0,-0.5363636363636364,0.3333333333333333,-0.11818181818181818,0.3333333333333333,-0.10909090909090911,0.0,-0.6545454545454547
2019-01-25,0.2727272727272727,-0.3789993849310952,0.6666666666666666,0.3181818181818182,0.0,-0.7090909090909092,0.3333333333333333,0.3545454545454546,0.3333333333333333,-0.11818181818181818,0.0,-0.6636363636363638
2019-01-28,0.2727272727272727,-0.27272727272727276,0.6666666666666666,0.1913444599828462,0.0,-0.7636363636363637,0.3333333333333333,0.5272727272727273,0.3333333333333333,-0.08181818181818183,0.0,-0.5545454545454546
2019-01-29,0.2727272727272727,-0.3272727272727273,0.6666666666666666,0.19090909090909092,0.0,-0.6727272727272727,0.6666666666666666,0.5545454545454546,0.3333333333333333,-0.11818181818181818,0.0,-0.4909090909090909
2019-01-30,0.2727272727272727,-0.009090909090909092,0.0,0.018181818181818184,0.3333333333333333,-0.45454545454545453,0.3333333333333333,0.7272727272727273,0.3333333333333333,-0.21818181818181823,0.3333333333333333,-0.46363636363636374
2019-01-31,0.2727272727272727,-0.06363636363636364,0.0,-0.2870166899742693,0.3333333333333333,-0.28181818181818186,0.3333333333333333,0.6545454545454547,0.0,0.12756297332189748,0.3333333333333333,-0.3727272727272728
2019-02-01,0.2727272727272727,-0.13636363636363638,0.0,-0.4000000000000001,0.0,-0.06363636363636364,0.0,0.3272727272727273,0.0,-0.24545454545454545,0.0,-0.5090909090909091
2019-02-04,0.2727272727272727,-0.20000000000000004,0.3333333333333333,-0.1272727272727273,0.0,-0.10909090909090911,0.3333333333333333,-0.08181818181818183,0.0,-0.4727272727272727,0.3333333333333333,0.07272727272727274
2019-02-05,0.2727272727272727,-0.28181818181818186,0.3333333333333333,-0.44545454545454555,0.0,-0.03636363636363637,0.3333333333333333,0.38181818181818183,0.3333333333333333,-0.1272727272727273,0.0,-0.3181818181818182
2019-02-06,0.2727272727272727,-0.21412356236175645,0.0,-0.2779050490227052,0.3333333333333333,-0.5148077137633719,0.3333333333333333,0.29090909090909095,0.0,-0.5454545454545455,0.0,-0.26363636363636367
2019-02-07,0.2727272727272727,-0.5649217389969744,0.0,-0.18181818181818182,0.0,-0.7636363636363637,0.3333333333333333,0.009090909090909092,0.0,-0.4727272727272727,0.0,-0.5181818181818182
2019-02-08,0.2727272727272727,-0.07272727272727274,0.0,-0.4009122018688206,0.3333333333333333,-0.29090909090909095,0.3333333333333333,-0.1272727272727273,0.0,-0.5272727272727273,0.6666666666666666,-0.045454545454545456
2019-02-11,0.2727272727272727,-0.5466984570938462,0.0,-0.5363636363636364,0.0,-0.5090909090909091,0.3333333333333333,-0.3272727272727273,0.3333333333333333,-0.3090909090909091,0.0,-0.5545454545454546
2019-02-12,0.2727272727272727,-0.5603659185211924,0.0,-0.30000000000000004,0.3333333333333333,-0.17272727272727276,0.3333333333333333,-0.3090909090909091,0.3333333333333333,-0.5090909090909091,0.0,-0.3272727272727273
2019-02-13,0.2727272727272727,-0.7972685832618591,0.3333333333333333,-0.41913548377194887,0.0,-0.5909090909090909,0.0,0.20909090909090913,0.0,-0.26363636363636367,0.0,-0.5090909090909091
2019-02-14,0.2727272727272727,-0.39090909090909093,0.3333333333333333,0.02727272727272728,0.0,-0.36363636363636365,0.3333333333333333,0.45454545454545453,0.0,-0.07289312761251283,0.0,-0.5181818181818182
2019-02-15,0.2727272727272727,-0.43636363636363645,0.3333333333333333,0.4000000000000001,0.0,-0.4090909090909091,0.3333333333333333,-0.06363636363636364,0.3333333333333333,-0.10909090909090911,0.0,-0.5272727272727273
2019-02-19,0.2727272727272727,-0.28181818181818186,0.0,0.27272727272727276,0.0,-0.6363636363636364,0.6666666666666666,0.02727272727272728,0.0,-0.30000000000000004,0.0,-0.48181818181818187
2019-02-20,0.2727272727272727,-0.43636363636363645,0.3333333333333333,-0.0956722299914231,0.3333333333333333,-0.6818181818181819,0.3333333333333333,0.03636363636363637,0.3333333333333333,-0.45454545454545453,0.3333333333333333,-0.44545454545454555
2019-02-21,0.2727272727272727,-0.5363636363636364,0.3333333333333333,-0.30000000000000004,0.0,-0.8363636363636365,0.3333333333333333,-0.10909090909090911,0.0,-0.8454545454545455,0.3333333333333333,-0.4727272727272727
2019-02-22,0.2727272727272727,-0.5454545454545455,0.0,-0.5181818181818182,0.0,-0.690909090909091,0.6666666666666666,0.39090909090909093,0.0,-0.7090909090909092,0.0,-0.6181818181818182
2019-02-25,0.2727272727272727,-0.6363636363636364,0.0,-0.6818181818181819,0.0,-0.45454545454545453,0.3333333333333333,0.13636363636363638,0.0,-0.8000000000000002,0.0,-0.43636363636363645
2019-02-26,0.2727272727272727,-0.5,0.0,-0.38181818181818183,0.0,-0.6363636363636364,0.3333333333333333,0.06363636363636364,0.0,-0.6636363636363638,0.0,-0.5090909090909091
2019-02-27,0.2727272727272727,-0.45454545454545453,0.3333333333333333,-0.4000000000000001,0.0,-0.4909090909090909,0.6666666666666666,0.13636363636363638,0.0,-0.4090909090909091,0.3333333333333333,-0.29090909090909095
2019-02-28,0.2727272727272727,-0.6363636363636364,0.0,-0.20000000000000004,0.0,-0.7727272727272727,0.3333333333333333,0.13636363636363638,0.0,-0.36363636363636365,0.3333333333333333,-0.26363636363636367
2019-03-01,0.2727272727272727,-0.5545454545454546,0.0,-0.09090909090909091,0.0,-0.5636363636363637,0.0,0.1272727272727273,0.0,-0.5545454545454546,0.6666666666666666,0.02727272727272728
2019-03-04,0.2727272727272727,-0.5,0.3333333333333333,-0.15454545454545454,0.3333333333333333,-0.5818181818181819,0.0,0.15454545454545454,0.0,-0.5,0.3333333333333333,-0.10000000000000002
2019-03-05,0.2727272727272727,-0.6454545454545455,0.3333333333333333,-0.15454545454545454,0.0,-0.36363636363636365,0.3333333333333333,0.15454545454545454,0.0,-0.7636363636363637,0.3333333333333333,-0.26363636363636367
2019-03-06,0.2727272727272727,-0.4000000000000001,0.3333333333333333,-0.1272727272727273,0.0,-0.3454545454545455,0.6666666666666666,0.09090909090909091,0.3333333333333333,-0.30000000000000004,0.0,-0.5545454545454546
2019-03-07,0.2727272727272727,-0.20000000000000004,0.3333333333333333,0.018181818181818184,0.3333333333333333,-0.3181818181818182,0.3333333333333333,-0.22727272727272727,0.3333333333333333,-0.2545454545454546,0.3333333333333333,-0.5
2019-03-08,0.2727272727272727,-0.3090909090909091,0.3333333333333333,-0.05454545454545456,0.3333333333333333,-0.22727272727272727,0.6666666666666666,0.07272727272727274,0.3333333333333333,-0.41818181818181827,0.0,-0.4090909090909091
2019-03-11,0.2727272727272727,-0.3872447404414744,0.0,-0.2545454545454546,0.3333333333333333,-0.41818181818181827,0.3333333333333333,0.16363636363636366,0.0,-0.6454545454545455,0.0,-0.5272727272727273
2019-03-12,0.2727272727272727,-0.2277910237891026,0.3333333333333333,-0.13667461427346156,0.3333333333333333,-0.18181818181818182,0.3333333333333333,0.1272727272727273,0.0,-0.5,0.0,-0.5636363636363637
2019-03-13,0.2727272727272727,-0.17272727272727276,0.3333333333333333,0.27272727272727276,0.3333333333333333,-0.19090909090909092,0.3333333333333333,0.3090909090909091,0.3333333333333333,-0.44545454545454555,0.3333333333333333,-0.20000000000000004
2019-03-14,0.2727272727272727,-0.05454545454545456,0.3333333333333333,0.30000000000000004,0.6666666666666666,-0.11818181818181818,0.0,-0.009090909090909092,0.3333333333333333,-0.38181818181818183,0.6666666666666666,-0.08181818181818183
2019-03-15,0.2727272727272727,-0.4090909090909091,0.3333333333333333,0.09090909090909091,0.3333333333333333,0.08181818181818183,0.0,-0.48181818181818187,0.0,-0.7272727272727273,0.3333333333333333,-0.21818181818181823
2019-03-18,0.2727272727272727,-0.3545454545454546,0.3333333333333333,0.045454545454545456,0.3333333333333333,0.02727272727272728,0.3333333333333333,-0.5090909090909091,0.3333333333333333,-0.5,0.3333333333333333,-0.33636363636363636
2019-03-19,0.2727272727272727,-0.4000000000000001,0.3333333333333333,0.10933969141876927,0.3333333333333333,-0.29090909090909095,0.3333333333333333,-0.4909090909090909,0.3333333333333333,-0.22727272727272727,0.3333333333333333,-0.4272727272727273
2019-03-20,0.2727272727272727,-0.23636363636363636,0.3333333333333333,0.4090909090909091,0.3333333333333333,-0.18181818181818182,0.3333333333333333,-0.46363636363636374,0.3333333333333333,-0.30000000000000004,0.0,-0.43636363636363645
2019-03-21,0.2727272727272727,-0.5181818181818182,0.3333333333333333,0.20909090909090913,0.0,-0.39090909090909093,0.0,-0.24545454545454545,0.0,-0.4000000000000001,0.0,-0.41818181818181827
2019-03-22,0.2727272727272727,-0.8545454545454546,0.3333333333333333,0.16363636363636366,0.0,-0.48181818181818187,0.3333333333333333,0.02727272727272728,0.0,-0.6090909090909091,0.0,-0.6272727272727273
2019-03-25,0.2727272727272727,-0.8909090909090911,0.0,-0.30000000000000004,0.0,-0.5454545454545455,0.6666666666666666,0.19090909090909092,0.0,-0.5727272727272729,0.0,-0.7363636363636363
2019-03-26,0.2727272727272727,-0.8545454545454546,0.0,-0.31890743330474364,0.0,-0.5545454545454546,0.3333333333333333,0.16363636363636366,0.0,-0.5818181818181819,0.0,-0.8454545454545455
2019-03-27,0.2727272727272727,-0.6818181818181819,0.0,-0.2545454545454546,0.0,-0.5272727272727273,0.6666666666666666,0.4272727272727273,0.0,-0.48747279090867957,0.0,-0.6727272727272727
2019-03-28,0.2727272727272727,-0.7545454545454545,0.3333333333333333,-0.19590028045862823,0.0,-0.6000000000000001,0.6666666666666666,0.36363636363636365,0.0,-0.5545454545454546,0.0,-0.7454545454545456
2019-03-29,0.2727272727272727,-0.6363636363636364,0.3333333333333333,0.19090909090909092,0.0,-0.6181818181818182,0.3333333333333333,0.16363636363636366,0.0,-0.28181818181818186,0.0,-0.5090909090909091
2019-04-01,0.2727272727272727,-0.5363636363636364,0.6666666666666666,0.36363636363636365,0.0,-0.6454545454545455,0.3333333333333333,-0.018181818181818184,0.6666666666666666,-0.13636363636363638,0.0,-0.7363636363636363
2019-04-02,0.2727272727272727,-0.5272727272727273,0.6666666666666666,0.4419145861508591,0.0,-0.6272727272727273,0.3333333333333333,-0.02727272727272728,0.6666666666666666,-0.08181818181818183,0.0,-0.690909090909091
2019-04-03,0.2727272727272727,-0.4909090909090909,0.3333333333333333,0.3090909090909091,0.0,-0.3545454545454546,0.3333333333333333,0.22727272727272727,0.3333333333333333,-0.1272727272727273,0.0,-0.39090909090909093
2019-04-04,0.2727272727272727,-0.6090909090909091,0.3333333333333333,0.34168653568365387,0.3333333333333333,-0.02727272727272728,0.3333333333333333,0.3181818181818182,0.3333333333333333,-0.018181818181818184,0.0,-0.24545454545454545
2019-04-05,0.2727272727272727,-0.3272727272727273,0.6666666666666666,0.26363636363636367,0.0,-0.17272727272727276,0.3333333333333333,0.11818181818181818,0.3333333333333333,-0.13636363636363638,0.0,-0.5454545454545455
2019-04-08,0.2727272727272727,-0.4090909090909091,0.0,-0.39090909090909093,0.0,-0.36363636363636365,0.3333333333333333,0.009090909090909092,0.3333333333333333,0.10909090909090911,0.3333333333333333,-0.08181818181818183
2019-04-09,0.2727272727272727,-0.43636363636363645,0.0,-0.20909090909090913,0.0,-0.22727272727272727,0.3333333333333333,-0.018181818181818184,0.3333333333333333,0.018181818181818184,0.0,-0.3727272727272728
2019-04-10,0.2727272727272727,-0.5909090909090909,0.3333333333333333,0.3181818181818182,0.0,-0.5454545454545455,0.3333333333333333,-0.10909090909090911,0.3333333333333333,0.3272727272727273,0.0,-0.4090909090909091
2019-04-11,0.2727272727272727,-0.6545454545454547,0.0,-0.21818181818181823,0.0,-0.6090909090909091,0.3333333333333333,-0.20909090909090913,0.6666666666666666,0.13636363636363638,0.3333333333333333,-0.3545454545454546
2019-04-12,0.2727272727272727,-0.6272727272727273,0.0,-0.4692495090055514,0.0,-0.6000000000000001,0.0,-0.06363636363636364,0.0,-0.16363636363636366,0.0,-0.6272727272727273
2019-04-15,0.2727272727272727,-0.5818181818181819,0.3333333333333333,0.045454545454545456,0.0,-0.6090909090909091,0.3333333333333333,0.3545454545454546,0.3333333333333333,-0.11818181818181818,0.0,-0.5818181818181819
2019-04-16,0.2727272727272727,-0.5272727272727273,0.0,-0.48181818181818187,0.0,-0.7272727272727273,0.3333333333333333,0.23636363636363636,0.0,-0.1272727272727273,0.0,-0.5272727272727273
2019-04-17,0.2727272727272727,-0.7090909090909092,0.0,-0.43280294519929496,0.0,-0.6545454545454547,0.3333333333333333,0.06363636363636364,0.0,-0.3272727272727273,0.0,-0.6090909090909091
2019-04-18,0.2727272727272727,-0.7818181818181819,0.0,-0.5413071845204607,0.0,-0.7545454545454545,0.3333333333333333,0.4727272727272727,0.0,-0.44545454545454555,0.0,-0.7363636363636363
2019-04-22,0.2727272727272727,-0.8337151470681156,0.0,-0.4272727272727273,0.0,-0.8363636363636365,0.3333333333333333,0.16363636363636366,0.0,-0.6000000000000001,0.0,-0.8727272727272729
2019-04-23,0.2727272727272727,-0.6514823280368335,0.0,-0.3690214585383462,0.3333333333333333,-0.5363636363636364,0.6666666666666666,0.5272727272727273,0.3333333333333333,-0.5090909090909091,0.0,-0.7818181818181819
2019-04-24,0.2727272727272727,-0.690909090909091,0.3333333333333333,-0.05454545454545456,0.0,-0.8363636363636365,0.3333333333333333,0.44545454545454555,0.0,-0.5,0.0,-0.8545454545454546
2019-04-25,0.2727272727272727,-0.8363636363636365,0.6666666666666666,0.5922566618516668,0.0,-0.8454545454545455,0.3333333333333333,0.018181818181818184,0.3333333333333333,-0.4909090909090909,0.0,-0.7181818181818183
2019-04-26,0.2727272727272727,-0.8636363636363636,0.6666666666666666,0.44545454545454555,0.0,-0.6818181818181819,0.0,-0.38181818181818183,0.0,-0.36363636363636365,0.0,-0.8090909090909091
2019-04-29,0.2727272727272727,-0.7808300581110516,0.3333333333333333,0.06363636363636364,0.0,-0.7545454545454545,0.0,-0.5181818181818182,0.0,-0.5181818181818182,0.0,-0.7818181818181819
2019-04-30,0.2727272727272727,-0.8428267880196796,0.3333333333333333,0.3181818181818182,0.0,-0.6272727272727273,0.0,-0.5090909090909091,0.3333333333333333,-0.13636363636363638,0.0,-0.690909090909091
2019-05-01,0.2727272727272727,-0.8000000000000002,0.6666666666666666,0.5727272727272729,0.0,-0.6454545454545455,0.3333333333333333,-0.4090909090909091,0.0,-0.1272727272727273,0.0,-0.6545454545454547
2019-05-02,0.2727272727272727,-0.8090909090909091,0.3333333333333333,0.2935903373670295,0.0,-0.6727272727272727,0.3333333333333333,-0.3272727272727273,0.0,-0.29090909090909095,0.0,-0.43636363636363645
2019-05-03,0.2727272727272727,-0.9,0.3333333333333333,0.20000000000000004,0.0,-0.3454545454545455,0.0,-0.38181818181818183,0.0,-0.13636363636363638,0.0,-0.5181818181818182
2019-05-06,0.2727272727272727,-0.8272727272727273,0.3333333333333333,0.6090909090909091,0.0,-0.5181818181818182,0.0,-0.4000000000000001,0.3333333333333333,0.08181818181818183,0.0,-0.43636363636363645
2019-05-07,0.2727272727272727,-0.7454545454545456,0.0,0.39090909090909093,0.0,-0.4909090909090909,0.0,-0.29090909090909095,0.3333333333333333,-0.06363636363636364,0.0,-0.13636363636363638
2019-05-08,0.2727272727272727,-0.9090909090909091,0.0,0.5909090909090909,0.0,-0.4909090909090909,0.0,-0.22727272727272727,0.0,-0.3545454545454546,0.3333333333333333,-0.27272727272727276
2019-05-09,0.2727272727272727,-0.8063802242134231,0.3333333333333333,0.3143516128289616,0.0,-0.22727272727272727,0.0,-0.24545454545454545,0.3333333333333333,0.09090909090909091,0.0,-0.20909090909090913
2019-05-10,0.2727272727272727,-0.690909090909091,0.3333333333333333,0.18181818181818182,0.3333333333333333,-0.10000000000000002,0.0,0.10000000000000002,0.6666666666666666,-0.08181818181818183,0.3333333333333333,-0.4272727272727273
2019-05-13,0.2727272727272727,-0.6104799437547951,0.3333333333333333,-0.3181818181818182,0.0,-0.33636363636363636,0.0,0.17272727272727276,0.3333333333333333,-0.46363636363636374,0.0,-0.3545454545454546
2019-05-14,0.2727272727272727,-0.5363636363636364,0.3333333333333333,0.10909090909090911,0.3333333333333333,-0.21818181818181823,0.0,0.0,0.6666666666666666,-0.18181818181818182,0.3333333333333333,-0.45454545454545453
2019-05-15,0.2727272727272727,-0.6818181818181819,0.0,-0.14545454545454548,0.0,-0.4090909090909091,0.6666666666666666,0.19090909090909092,0.0,-0.5272727272727273,0.0,-0.3545454545454546
2019-05-16,0.2727272727272727,-0.5,0.0,0.03653006119817785,0.0,-0.3454545454545455,0.6666666666666666,0.15454545454545454,0.0,-0.4727272727272727,0.0,-0.14545454545454548
2019-05-17,0.2727272727272727,-0.7000000000000001,0.0,0.06363636363636364,0.0,-0.6000000000000001,0.6666666666666666,0.09090909090909091,0.0,-0.6272727272727273,0.0,-0.3727272727272728
2019-05-20,0.2727272727272727,-0.7181818181818183,0.0,0.045454545454545456,0.0,-0.39090909090909093,0.6666666666666666,-0.018181818181818184,0.0,-0.33636363636363636,0.0,-0.3090909090909091
2019-05-21,0.2727272727272727,-0.7545454545454545,0.3333333333333333,0.20501192141019234,0.0,-0.6272727272727273,0.3333333333333333,0.03636363636363637,0.3333333333333333,-0.3181818181818182,0.0,-0.5272727272727273
2019-05-22,0.2727272727272727,-0.8090909090909091,0.0,0.045454545454545456,0.0,-0.6454545454545455,0.3333333333333333,0.14545454545454548,0.0,-0.6090909090909091,0.0,-0.5545454545454546
2019-05-23,0.2727272727272727,-0.8109360446892052,0.3333333333333333,-0.29090909090909095,0.0,-0.38181818181818183,0.3333333333333333,-0.03636363636363637,0.0,-0.8636363636363636,0.0,-0.5272727272727273
2019-05-24,0.2727272727272727,-0.7090909090909092,0.0,-0.47708429822142295,0.0,-0.6090909090909091,0.3333333333333333,0.20909090909090913,0.0,-0.8454545454545455,0.0,-0.6636363636363638
2019-05-28,0.2727272727272727,-0.7061521737462181,0.3333333333333333,-0.07272727272727274,0.0,-0.21818181818181823,0.3333333333333333,-0.08181818181818183,0.0,-0.790909090909091,0.0,-0.5363636363636364
2019-05-29,0.2727272727272727,-0.690909090909091,0.6666666666666666,0.6545454545454547,0.0,-0.4000000000000001,0.3333333333333333,-0.02727272727272728,0.3333333333333333,-0.41818181818181827,0.0,-0.7363636363636363
2019-05-30,0.2727272727272727,-0.7727272727272727,0.6666666666666666,0.2414584852164488,0.0,-0.5727272727272729,0.3333333333333333,-0.018181818181818184,0.0,-0.690909090909091,0.0,-0.6818181818181819
2019-05-31,0.2727272727272727,-0.6818181818181819,0.6666666666666666,0.30523997187739754,0.0,-0.5,0.3333333333333333,-0.13636363636363638,0.0,-0.5545454545454546,0.0,-0.7545454545454545
2019-06-03,0.2727272727272727,-0.690909090909091,0.3333333333333333,0.14545454545454548,0.0,-0.5,0.3333333333333333,-0.5454545454545455,0.0,-0.7636363636363637,0.0,-0.6727272727272727
2019-06-04,0.2727272727272727,-0.41818181818181827,0.6666666666666666,0.5272727272727273,0.3333333333333333,-0.28181818181818186,0.0,-0.08181818181818183,0.3333333333333333,-0.29090909090909095,0.0,-0.5181818181818182
2019-06-05,0.2727272727272727,-0.5558100980454104,0.0,-0.3090909090909091,0.0,-0.5636363636363637,0.0,-0.43636363636363645,0.0,-0.6454545454545455,0.0,-0.5818181818181819
2019-06-06,0.2727272727272727,-0.6879288918430899,0.3333333333333333,-0.28181818181818186,0.0,-0.5909090909090909,0.0,-0.22727272727272727,0.0,-0.8272727272727273,0.0,-0.6363636363636364
2019-06-07,0.2727272727272727,-0.5727272727272729,0.3333333333333333,0.0956722299914231,0.0,-0.5272727272727273,0.0,-0.16363636363636366,0.0,-0.4909090909090909,0.0,-0.6454545454545455
2019-06-10,0.2727272727272727,-0.3272727272727273,0.6666666666666666,0.6605782590758164,0.0,0.07272727272727274,0.6666666666666666,0.13636363636363638,0.0,-0.16363636363636366,0.0,-0.38181818181818183
2019-06-11,0.2727272727272727,-0.39090909090909093,0.6666666666666666,0.5877008413758847,0.3333333333333333,0.10000000000000002,0.3333333333333333,0.09090909090909091,0.0,-0.5454545454545455,0.3333333333333333,0.0
2019-06-12,0.2727272727272727,-0.4909090909090909,0.6666666666666666,0.3181818181818182,0.0,-0.06363636363636364,0.3333333333333333,0.06363636363636364,0.0,-0.45454545454545453,0.3333333333333333,-0.4000000000000001
2019-06-13,0.2727272727272727,-0.5363636363636364,0.3333333333333333,-0.1284457725980754,0.0,-0.3181818181818182,0.3333333333333333,0.16363636363636366,0.3333333333333333,-0.43636363636363645,0.0,-0.5
2019-06-14,0.2727272727272727,-0.7636363636363637,0.0,-0.38181818181818183,0.0,-0.3545454545454546,0.3333333333333333,-0.18181818181818182,0.3333333333333333,-0.39090909090909093,0.0,-0.48181818181818187
2019-06-17,0.2727272727272727,-0.7454545454545456,0.3333333333333333,-0.05454545454545456,0.0,-0.26363636363636367,0.0,0.14545454545454548,0.3333333333333333,-0.3181818181818182,0.3333333333333333,-0.4090909090909091
2019-06-18,0.2727272727272727,-0.7272727272727273,0.0,-0.5636363636363637,0.0,-0.46363636363636374,0.0,-0.18181818181818182,0.0,-0.41818181818181827,0.3333333333333333,-0.44545454545454555
2019-06-19,0.2727272727272727,-0.48181818181818187,0.3333333333333333,-0.4403855060505443,0.0,-0.29090909090909095,0.0,-0.09090909090909091,0.0,-0.6090909090909091,0.3333333333333333,-0.19090909090909092
2019-06-20,0.2727272727272727,-0.5454545454545455,0.3333333333333333,-0.4090909090909091,0.0,-0.22727272727272727,0.3333333333333333,0.16363636363636366,0.0,-0.3454545454545455,0.3333333333333333,-0.15454545454545454
2019-06-21,0.2727272727272727,-0.6454545454545455,0.3333333333333333,-0.5,0.3333333333333333,-0.20000000000000004,0.3333333333333333,0.33636363636363636,0.0,-0.27272727272727276,0.3333333333333333,-0.33636363636363636
2019-06-24,0.2727272727272727,-0.4965844318602437,0.0,-0.3219178082191781,0.3333333333333333,-0.14578625522502567,0.3333333333333333,0.18223281903128208,0.0,-0.3416865356836539,0.3333333333333333,-0.28246086949848725
2019-06-25,0.2727272727272727,-0.5727272727272729,0.0,-0.4909090909090909,0.0,-0.4909090909090909,0.3333333333333333,0.23636363636363636,0.0,-0.4090909090909091,0.0,-0.46363636363636374
2019-06-26,0.2727272727272727,-0.6363636363636364,0.0,-0.6272727272727273,0.0,-0.5727272727272729,0.3333333333333333,0.30000000000000004,0.0,-0.5727272727272729,0.0,-0.5363636363636364
2019-06-27,0.2727272727272727,-0.3545454545454546,0.3333333333333333,-0.5727272727272729,0.0,-0.5545454545454546,0.3333333333333333,0.29090909090909095,0.0,-0.5272727272727273,0.0,-0.5909090909090909
2019-06-28,0.2727272727272727,-0.38181818181818183,0.0,-0.6514823280368335,0.0,-0.45454545454545453,0.3333333333333333,0.17272727272727276,0.0,-0.5727272727272729,0.0,-0.4909090909090909
2019-07-01,0.2727272727272727,-0.5,0.0,-0.8200476856407694,0.3333333333333333,-0.4727272727272727,0.3333333333333333,0.38181818181818183,0.0,-0.4909090909090909,0.0,-0.7454545454545456
2019-07-02,0.2727272727272727,-0.5636363636363637,0.3333333333333333,-0.0642228862990377,0.3333333333333333,-0.46363636363636374,0.3333333333333333,0.3181818181818182,0.3333333333333333,-0.20909090909090913,0.0,-0.6000000000000001
2019-07-03,0.2727272727272727,-0.2779050490227052,0.0,0.009534625892455923,0.0,-0.4727272727272727,0.0,-0.03636363636363637,0.3333333333333333,0.3371307152078719,0.3333333333333333,-0.3727272727272728
2019-07-05,0.2727272727272727,-0.20909090909090913,0.3333333333333333,0.23636363636363636,0.0,-0.5545454545454546,0.0,0.045454545454545456,0.3333333333333333,0.06363636363636364,0.3333333333333333,-0.4090909090909091
2019-07-08,0.2727272727272727,-0.4727272727272727,0.0,0.24545454545454545,0.0,-0.6454545454545455,0.3333333333333333,0.16363636363636366,0.0,0.10909090909090911,0.0,-0.44545454545454555
2019-07-09,0.2727272727272727,-0.24545454545454545,0.0,-0.4965844318602437,0.0,-0.5454545454545455,0.3333333333333333,0.29090909090909095,0.0,-0.38181818181818183,0.0,-0.4000000000000001
2019-07-10,0.2727272727272727,-0.20000000000000004,0.3333333333333333,-0.48181818181818187,0.0,-0.6272727272727273,0.3333333333333333,0.10000000000000002,0.0,-0.5454545454545455,0.0,-0.5818181818181819
2019-07-11,0.2727272727272727,0.21818181818181823,0.3333333333333333,-0.3545454545454546,0.3333333333333333,-0.4272727272727273,0.3333333333333333,0.3545454545454546,0.3333333333333333,-0.6363636363636364,0.0,-0.5181818181818182
2019-07-12,0.2727272727272727,-0.15454545454545454,0.0,-0.5363636363636364,0.0,-0.8000000000000002,0.3333333333333333,0.8272727272727273,0.3333333333333333,-0.1272727272727273,0.0,-0.6636363636363638
2019-07-15,0.2727272727272727,-0.27272727272727276,0.3333333333333333,-0.2824608694984872,0.0,-0.8545454545454546,0.3333333333333333,0.39090909090909093,0.0,-0.16363636363636366,0.0,-0.8545454545454546
2019-07-16,0.2727272727272727,-0.07272727272727274,0.3333333333333333,0.3090909090909091,0.0,-0.881818181818182,0.3333333333333333,0.4727272727272727,0.0,0.14545454545454548,0.0,-0.7818181818181819
2019-07-17,0.2727272727272727,-0.3090909090909091,0.3333333333333333,0.09090909090909091,0.0,-0.881818181818182,0.3333333333333333,0.4727272727272727,0.3333333333333333,-0.13636363636363638,0.3333333333333333,-0.5818181818181819
2019-07-18,0.2727272727272727,-0.3826889199656924,0.3333333333333333,-0.01822328190312821,0.0,-0.8909090909090911,0.3333333333333333,0.4727272727272727,0.0,-0.26363636363636367,0.0,-0.7363636363636363
2019-07-19,0.2727272727272727,-0.5272727272727273,0.0,0.33636363636363636,0.0,-0.8454545454545455,0.3333333333333333,0.33636363636363636,0.0,-0.30000000000000004,0.0,-0.881818181818182
2019-07-22,0.2727272727272727,-0.6363636363636364,0.0,0.16363636363636366,0.0,-0.5636363636363637,0.3333333333333333,0.045454545454545456,0.0,-0.5818181818181819,0.0,-0.5727272727272729
2019-07-23,0.2727272727272727,-0.5545454545454546,0.0,-0.1272727272727273,0.0,-0.6605939689883975,0.0,0.27272727272727276,0.0,-0.5727272727272729,0.3333333333333333,-0.5636363636363637
2019-07-24,0.2727272727272727,-0.5909090909090909,0.0,-0.701596353270436,0.0,-0.690909090909091,0.3333333333333333,0.43636363636363645,0.0,-0.28181818181818186,0.3333333333333333,-0.6636363636363638
2019-07-25,0.2727272727272727,-0.5909090909090909,0.0,-0.39090909090909093,0.0,-0.4090909090909091,0.0,0.045454545454545456,0.0,-0.4727272727272727,0.3333333333333333,-0.30000000000000004
2019-07-26,0.2727272727272727,-0.44545454545454555,0.0,-0.48747279090867957,0.0,-0.6090909090909091,0.0,-0.15454545454545454,0.0,-0.6272727272727273,0.3333333333333333,-0.3454545454545455
2019-07-29,0.2727272727272727,-0.6454545454545455,0.0,-0.2733492285469231,0.0,-0.5363636363636364,0.0,-0.27272727272727276,0.0,-0.8000000000000002,0.0,-0.5818181818181819
2019-07-30,0.2727272727272727,-0.5545454545454546,0.0,-0.16856535760393596,0.0,-0.22727272727272727,0.0,-0.20000000000000004,0.3333333333333333,-0.3272727272727273,0.0,-0.6454545454545455
2019-07-31,0.2727272727272727,-0.4000000000000001,0.0,0.02727272727272728,0.0,-0.41818181818181827,0.0,0.05454545454545456,0.0,-0.8090909090909091,0.0,-0.6727272727272727
2019-08-01,0.2727272727272727,-0.7545454545454545,0.0,0.30000000000000004,0.3333333333333333,-0.18181818181818182,0.3333333333333333,0.009090909090909092,0.6666666666666666,0.05454545454545456,0.3333333333333333,-0.24545454545454545
2019-08-02,0.2727272727272727,-0.7727272727272727,0.6666666666666666,0.5363636363636364,0.3333333333333333,-0.16363636363636366,0.6666666666666666,0.33636363636363636,0.6666666666666666,0.22727272727272727,0.3333333333333333,-0.03636363636363637
2019-08-05,0.2727272727272727,-0.8181818181818182,0.3333333333333333,0.5,0.3333333333333333,-0.06363636363636364,0.6666666666666666,0.3272727272727273,0.3333333333333333,-0.3272727272727273,0.3333333333333333,-0.05454545454545456
2019-08-06,0.2727272727272727,-0.7636363636363637,0.6666666666666666,0.33636363636363636,0.0,-0.46363636363636374,0.3333333333333333,0.23636363636363636,0.6666666666666666,0.09090909090909091,0.3333333333333333,0.14545454545454548
2019-08-07,0.2727272727272727,-0.4727272727272727,0.0,-0.11818181818181818,0.0,-0.3727272727272728,0.0,0.02727272727272728,0.0,-0.28181818181818186,0.0,-0.4727272727272727
2019-08-08,0.2727272727272727,-0.5,0.0,-0.29090909090909095,0.0,-0.48181818181818187,0.0,-0.11818181818181818,0.0,-0.11818181818181818,0.0,-0.7090909090909092
2019-08-09,0.2727272727272727,-0.7181818181818183,0.0,-0.2687934080711411,0.0,-0.7818181818181819,0.3333333333333333,0.018181818181818184,0.0,-0.5545454545454546,0.0,-0.881818181818182
2019-08-12,0.2727272727272727,-0.6181818181818182,0.0,0.03636363636363637,0.3333333333333333,-0.6000000000000001,0.3333333333333333,-0.17272727272727276,0.0,-0.7090909090909092,0.0,-0.8545454545454546
2019-08-13,0.2727272727272727,-0.46363636363636374,0.6666666666666666,0.7454545454545456,0.0,-0.8181818181818182,0.3333333333333333,0.08181818181818183,0.0,-0.4272727272727273,0.0,-0.9090909090909091
2019-08-14,0.2727272727272727,-0.6272727272727273,0.3333333333333333,0.21818181818181823,0.0,-0.8272727272727273,0.6666666666666666,0.3454545454545455,0.0,-0.7000000000000001,0.0,-0.8545454545454546
2019-08-15,0.2727272727272727,-0.8181818181818182,0.0,0.24545454545454545,0.0,-0.7818181818181819,0.6666666666666666,0.17272727272727276,0.0,-0.6090909090909091,0.0,-0.8090909090909091
2019-08-16,0.2727272727272727,-0.7454545454545456,0.3333333333333333,0.08181818181818183,0.0,-0.8272727272727273,0.6666666666666666,0.3272727272727273,0.0,-0.6818181818181819,0.0,-0.7000000000000001
2019-08-19,0.2727272727272727,-0.7272727272727273,0.6666666666666666,0.30000000000000004,0.0,-0.8272727272727273,0.3333333333333333,0.3181818181818182,0.0,-0.8090909090909091,0.0,-0.7181818181818183
2019-08-20,0.2727272727272727,-0.7272727272727273,0.3333333333333333,0.045454545454545456,0.0,-0.8545454545454546,0.0,0.3181818181818182,0.0,-0.7363636363636363,0.0,-0.8727272727272729
2019-08-21,0.2727272727272727,-0.8428267880196796,1.0,0.6651497894641797,0.0,-0.8090909090909091,0.3333333333333333,0.28181818181818186,0.0,-0.690909090909091,0.0,-0.6818181818181819
2019-08-22,0.2727272727272727,-0.8454545454545455,0.6666666666666666,0.5363636363636364,0.0,-0.6363636363636364,0.0,-0.19090909090909092,0.0,-0.7272727272727273,0.0,-0.7090909090909092
2019-08-23,0.2727272727272727,-0.6545454545454547,0.6666666666666666,0.4000000000000001,0.0,-0.5363636363636364,0.3333333333333333,0.02727272727272728,0.0,-0.881818181818182,0.0,-0.8363636363636365
2019-08-26,0.2727272727272727,-0.8545454545454546,0.3333333333333333,-0.03189074333047437,0.0,-0.6818181818181819,0.3333333333333333,-0.10000000000000002,0.0,-0.8090909090909091,0.0,-0.7454545454545456
2019-08-27,0.2727272727272727,-0.9363636363636365,0.3333333333333333,-0.29090909090909095,0.0,-0.7272727272727273,0.0,-0.5636363636363637,0.0,-0.8363636363636365,0.0,-0.6818181818181819
2019-08-28,0.2727272727272727,-0.8090909090909091,0.3333333333333333,-0.15454545454545454,0.0,-0.7000000000000001,0.0,-0.6636363636363638,0.0,-0.7090909090909092,0.0,-0.8000000000000002
2019-08-29,0.2727272727272727,-0.7107079942220003,0.6666666666666666,0.48181818181818187,0.0,-0.3454545454545455,0.0,-0.5272727272727273,0.0,-0.6454545454545455,0.0,-0.7090909090909092
2019-08-30,0.2727272727272727,-0.8454545454545455,0.6666666666666666,0.6636363636363638,0.0,-0.44545454545454555,0.0,-0.6181818181818182,0.0,-0.5272727272727273,0.0,-0.6545454545454547
2019-09-03,0.2727272727272727,-0.8545454545454546,0.3333333333333333,0.0956722299914231,0.0,-0.27272727272727276,0.0,-0.6636363636363638,0.0,-0.8363636363636365,0.0,-0.5545454545454546
2019-09-04,0.2727272727272727,-0.7545454545454545,0.3333333333333333,0.018181818181818184,0.0,-0.39090909090909093,0.3333333333333333,-0.39090909090909093,0.0,-0.6181818181818182,0.0,-0.3454545454545455
2019-09-05,0.2727272727272727,-0.6818181818181819,0.6666666666666666,0.20501192141019234,0.3333333333333333,-0.3090909090909091,0.3333333333333333,0.07272727272727274,0.0,0.3454545454545455,0.3333333333333333,0.18181818181818182
2019-09-06,0.2727272727272727,-0.7000000000000001,1.0,0.4909090909090909,0.3333333333333333,-0.20000000000000004,0.0,-0.43636363636363645,0.3333333333333333,0.5818181818181819,0.0,-0.21818181818181823
2019-09-09,0.2727272727272727,-0.7454545454545456,0.3333333333333333,0.5,0.0,-0.17272727272727276,0.6666666666666666,-0.05454545454545456,0.0,-0.07272727272727274,0.3333333333333333,-0.03636363636363637
2019-09-10,0.2727272727272727,-0.6454545454545455,0.0,0.5512542775696283,0.0,-0.14545454545454548,0.0,-0.20909090909090913,0.0,-0.18181818181818182,0.0,-0.19090909090909092
2019-09-11,0.2727272727272727,-0.6104799437547951,0.3333333333333333,0.4419145861508591,0.0,-0.3272727272727273,0.0,-0.26363636363636367,0.0,-0.38181818181818183,0.0,-0.6000000000000001
2019-09-12,0.2727272727272727,-0.5818181818181819,0.0,-0.04555820475782052,0.0,-0.4090909090909091,0.0,-0.15454545454545454,0.0,-0.6818181818181819,0.0,-0.44545454545454555
2019-09-13,0.2727272727272727,-0.46469368852976933,0.0,-0.0956722299914231,0.0,0.03636363636363637,0.3333333333333333,0.05454545454545456,0.0,-0.45454545454545453,0.3333333333333333,-0.1272727272727273
2019-09-16,0.2727272727272727,-0.7198196351735642,0.0,-0.4000000000000001,0.0,-0.5090909090909091,0.3333333333333333,-0.11818181818181818,0.0,-0.6000000000000001,0.3333333333333333,-0.5636363636363637
2019-09-17,0.2727272727272727,-0.6605939689883975,0.3333333333333333,0.10909090909090911,0.0,-0.6181818181818182,0.3333333333333333,-0.03636363636363637,0.0,-0.3090909090909091,0.3333333333333333,-0.5727272727272729
2019-09-18,0.2727272727272727,-0.6423706870852693,0.3333333333333333,0.1272727272727273,0.0,-0.5272727272727273,0.3333333333333333,-0.21818181818181823,0.0,-0.29090909090909095,0.0,-0.690909090909091
2019-09-19,0.2727272727272727,-0.7363636363636363,0.3333333333333333,-0.10909090909090911,0.0,-0.6181818181818182,0.3333333333333333,-0.4272727272727273,0.0,-0.3272727272727273,0.0,-0.3181818181818182
2019-09-20,0.2727272727272727,-0.6363636363636364,0.6666666666666666,-0.11818181818181818,0.0,-0.7454545454545456,0.0,-0.3454545454545455,0.0,-0.24545454545454545,0.0,-0.46363636363636374
2019-09-23,0.2727272727272727,-0.5545454545454546,0.3333333333333333,-0.20000000000000004,0.0,-0.5,0.3333333333333333,-0.03636363636363637,0.0,-0.28181818181818186,0.0,-0.43636363636363645
2019-09-24,0.2727272727272727,-0.4272727272727273,0.0,-0.5727272727272729,0.3333333333333333,-0.17272727272727276,0.3333333333333333,0.20000000000000004,0.0,-0.39090909090909093,0.3333333333333333,-0.20000000000000004
2019-09-25,0.2727272727272727,-0.5181818181818182,0.3333333333333333,-0.041002384282038465,0.3333333333333333,-0.20000000000000004,0.3333333333333333,0.44545454545454555,0.3333333333333333,-0.18181818181818182,0.3333333333333333,-0.2545454545454546
2019-09-26,0.2727272727272727,-0.5056960728118078,0.0,-0.02727272727272728,0.0,-0.20909090909090913,0.3333333333333333,0.5090909090909091,0.0,-0.16363636363636366,0.3333333333333333,-0.13636363636363638
2019-09-27,0.2727272727272727,-0.44545454545454555,0.0,-0.28181818181818186,0.0,-0.20909090909090913,0.3333333333333333,0.02727272727272728,0.0,-0.4909090909090909,0.3333333333333333,-0.26363636363636367
2019-09-30,0.2727272727272727,-0.4909090909090909,0.0,-0.16363636363636366,0.0,-0.2545454545454546,0.3333333333333333,-0.15454545454545454,0.0,-0.3454545454545455,0.3333333333333333,-0.4727272727272727
2019-10-01,0.2727272727272727,-0.7363636363636363,0.0,-0.28181818181818186,0.0,-0.28181818181818186,0.0,-0.45454545454545453,0.0,-0.27272727272727276,0.3333333333333333,-0.5909090909090909
2019-10-02,0.2727272727272727,-0.7272727272727273,0.0,-0.5363636363636364,0.0,-0.22727272727272727,0.0,-0.5727272727272729,0.0,-0.5909090909090909,0.0,-0.4909090909090909
2019-10-03,0.2727272727272727,-0.6272727272727273,0.6666666666666666,-0.1272727272727273,0.0,-0.7545454545454545,0.0,-0.6363636363636364,0.0,-0.19090909090909092,0.0,-0.7545454545454545
2019-10-04,0.2727272727272727,-0.45454545454545453,0.6666666666666666,0.05454545454545456,0.0,-0.3272727272727273,0.0,-0.41818181818181827,0.0,-0.27272727272727276,0.0,-0.6272727272727273
2019-10-07,0.2727272727272727,-0.7272727272727273,0.3333333333333333,0.45454545454545453,0.0,-0.5545454545454546,0.0,-0.4727272727272727,0.0,-0.6454545454545455,0.0,-0.4090909090909091
2019-10-08,0.2727272727272727,-0.8000000000000002,0.3333333333333333,0.055048188256318034,0.0,-0.6363636363636364,0.3333333333333333,-0.5545454545454546,0.0,-0.6636363636363638,0.3333333333333333,-0.4272727272727273
2019-10-09,0.2727272727272727,-0.8090909090909091,0.0,0.18181818181818182,0.0,-0.41818181818181827,0.0,-0.6363636363636364,0.0,-0.9727272727272729,0.0,-0.38181818181818183
2019-10-10,0.2727272727272727,-0.8363636363636365,0.6666666666666666,0.7090909090909092,0.0,-0.8272727272727273,0.0,-0.5272727272727273,0.0,-0.8545454545454546,0.0,-0.5909090909090909
2019-10-11,0.2727272727272727,-0.8181818181818182,0.3333333333333333,0.5181818181818182,0.0,-0.8181818181818182,0.6666666666666666,0.17272727272727276,0.3333333333333333,-0.16363636363636366,0.0,-0.6727272727272727
2019-10-14,0.2727272727272727,-0.5193635342391539,0.3333333333333333,0.26363636363636367,0.0,-0.44545454545454555,0.3333333333333333,0.10909090909090911,0.0,-0.19090909090909092,0.3333333333333333,-0.41818181818181827
2019-10-15,0.2727272727272727,-0.38181818181818183,0.3333333333333333,0.4555820475782052,0.3333333333333333,-0.33636363636363636,0.6666666666666666,0.3181818181818182,0.3333333333333333,0.09090909090909091,0.3333333333333333,-0.4000000000000001
2019-10-16,0.2727272727272727,-0.48181818181818187,0.3333333333333333,0.41818181818181827,0.3333333333333333,-0.5363636363636364,0.6666666666666666,0.4090909090909091,0.3333333333333333,0.26363636363636367,0.0,-0.46363636363636374
2019-10-17,0.2727272727272727,-0.10000000000000002,0.3333333333333333,0.15454545454545454,0.6666666666666666,-0.009090909090909092,0.3333333333333333,0.5636363636363637,0.3333333333333333,0.1272727272727273,0.0,-0.27272727272727276
2019-10-18,0.2727272727272727,-0.28181818181818186,0.3333333333333333,0.20000000000000004,0.3333333333333333,-0.36363636363636365,0.0,0.33636363636363636,0.0,-0.07272727272727274,0.6666666666666666,-0.09090909090909091
2019-10-21,0.2727272727272727,-0.5272727272727273,0.3333333333333333,0.4000000000000001,0.0,-0.6454545454545455,0.3333333333333333,0.3545454545454546,0.0,-0.15454545454545454,0.6666666666666666,-0.14545454545454548
2019-10-22,0.2727272727272727,-0.43636363636363645,0.0,-0.20909090909090913,0.0,-0.5,0.3333333333333333,0.21818181818181823,0.0,-0.6272727272727273,0.3333333333333333,-0.28181818181818186
2019-10-23,0.2727272727272727,-0.6514823280368335,0.0,-0.3272727272727273,0.3333333333333333,-0.30000000000000004,0.3333333333333333,0.1272727272727273,0.0,-0.7000000000000001,0.0,-0.4000000000000001
2019-10-24,0.2727272727272727,-0.5454545454545455,0.0,-0.5727272727272729,0.6666666666666666,-0.10000000000000002,0.6666666666666666,0.10909090909090911,0.0,-0.4000000000000001,0.3333333333333333,-0.4090909090909091
2019-10-25,0.2727272727272727,-0.3545454545454546,0.3333333333333333,-0.5363636363636364,0.3333333333333333,0.06363636363636364,0.3333333333333333,-0.14545454545454548,0.3333333333333333,-0.24545454545454545,0.0,-0.33636363636363636
2019-10-28,0.2727272727272727,0.041002384282038465,0.0,-0.36363636363636365,0.6666666666666666,0.4727272727272727,0.3333333333333333,0.10909090909090911,0.3333333333333333,0.02727272727272728,0.3333333333333333,-0.16363636363636366
2019-10-29,0.2727272727272727,-0.1412304347492436,0.3333333333333333,-0.43280294519929496,0.3333333333333333,0.41818181818181827,0.3333333333333333,-0.14545454545454548,0.6666666666666666,-0.14545454545454548,0.0,-0.27272727272727276
2019-10-30,0.2727272727272727,-0.24545454545454545,0.3333333333333333,0.14545454545454548,0.3333333333333333,0.3545454545454546,0.0,-0.36363636363636365,0.3333333333333333,-0.19090909090909092,0.3333333333333333,-0.14545454545454548
2019-10-31,0.2727272727272727,0.03189074333047437,0.6666666666666666,0.045454545454545456,0.6666666666666666,0.5272727272727273,0.3333333333333333,-0.18181818181818182,0.3333333333333333,0.15454545454545454,0.6666666666666666,0.03636363636363637
2019-11-01,0.2727272727272727,-0.5968124823274489,0.3333333333333333,-0.1272727272727273,0.3333333333333333,-0.018181818181818184,0.3333333333333333,0.0,0.0,-0.48181818181818187,0.3333333333333333,-0.29090909090909095
2019-11-04,0.2727272727272727,-0.6090909090909091,0.3333333333333333,-0.0642228862990377,0.0,-0.30000000000000004,0.0,-0.3545454545454546,0.3333333333333333,-0.3454545454545455,0.3333333333333333,-0.06363636363636364
2019-11-05,0.2727272727272727,-0.4054680223446026,0.0,-0.4909090909090909,0.3333333333333333,-0.23636363636363636,0.0,-0.4727272727272727,0.0,-0.5636363636363637,0.6666666666666666,0.03636363636363637
2019-11-06,0.2727272727272727,-0.4909090909090909,0.3333333333333333,-0.39090909090909093,0.0,-0.4727272727272727,0.0,-0.4272727272727273,0.0,-0.43636363636363645,0.6666666666666666,0.17272727272727276
2019-11-07,0.2727272727272727,-0.3454545454545455,0.3333333333333333,-0.5090909090909091,0.3333333333333333,-0.27272727272727276,0.3333333333333333,-0.22727272727272727,0.0,-0.6272727272727273,0.6666666666666666,0.20000000000000004
2019-11-08,0.2727272727272727,-0.22727272727272727,0.0,-0.37616261975150656,0.0,-0.39090909090909093,0.0,-0.20909090909090913,0.3333333333333333,-0.4090909090909091,0.0,-0.17272727272727276
2019-11-11,0.2727272727272727,-0.13636363636363638,0.3333333333333333,0.14578625522502567,0.6666666666666666,0.11818181818181818,0.6666666666666666,0.14545454545454548,0.0,-0.29090909090909095,0.3333333333333333,0.09090909090909091
2019-11-12,0.2727272727272727,-0.3310502283105023,0.3333333333333333,0.18678863950706415,0.3333333333333333,0.086560589039859,0.3333333333333333,-0.07289312761251283,0.3333333333333333,-0.0956722299914231,0.6666666666666666,0.24601430569223082
2019-11-13,0.2727272727272727,-0.41818181818181827,0.3333333333333333,-0.2505701261680129,0.0,-0.38181818181818183,0.3333333333333333,0.13636363636363638,0.0,-0.5454545454545455,0.3333333333333333,-0.19090909090909092
2019-11-14,0.2727272727272727,-0.24545454545454545,0.3333333333333333,-0.14545454545454548,0.3333333333333333,-0.3090909090909091,0.0,-0.14545454545454548,0.0,-0.7545454545454545,0.3333333333333333,-0.33636363636363636
2019-11-15,0.2727272727272727,-0.5056960728118078,0.3333333333333333,0.027334922854692318,0.0,-0.4601378680539873,0.0,-0.3826889199656924,0.0,-0.605924123279013,0.0,-0.4236913042477309
2019-11-18,0.2727272727272727,-0.5181818181818182,0.3333333333333333,-0.03636363636363637,0.3333333333333333,-0.14545454545454548,0.0,-0.5090909090909091,0.0,-0.6454545454545455,0.6666666666666666,-0.009090909090909092
2019-11-19,0.2727272727272727,-0.5740333799485386,0.0,0.07272727272727274,0.0,-0.4090909090909091,0.0,-0.24545454545454545,0.0,-0.8454545454545455,0.0,-0.4909090909090909
2019-11-20,0.2727272727272727,-0.5727272727272729,0.0,-0.018181818181818184,0.0,-0.5363636363636364,0.0,-0.28181818181818186,0.0,-0.7818181818181819,0.0,-0.6454545454545455
2019-11-21,0.2727272727272727,-0.7000000000000001,0.3333333333333333,-0.09090909090909091,0.0,-0.6727272727272727,0.0,-0.36363636363636365,0.0,-0.7272727272727273,0.0,-0.6545454545454547
2019-11-22,0.2727272727272727,-0.6000000000000001,0.3333333333333333,-0.20956774188597443,0.0,-0.6000000000000001,0.3333333333333333,-0.19090909090909092,0.0,-0.7363636363636363,0.0,-0.5363636363636364
2019-11-25,0.2727272727272727,-0.5636363636363637,0.3333333333333333,-0.11818181818181818,0.0,-0.6545454545454547,0.3333333333333333,-0.3090909090909091,0.0,-0.8000000000000002,0.3333333333333333,-0.4272727272727273
2019-11-26,0.2727272727272727,-0.6000000000000001,0.6666666666666666,0.17272727272727276,0.3333333333333333,-0.4727272727272727,0.3333333333333333,-0.10000000000000002,0.0,-0.8000000000000002,0.0,-0.6000000000000001
2019-11-27,0.2727272727272727,-0.6454545454545455,0.3333333333333333,0.3545454545454546,0.0,-0.6181818181818182,0.0,-0.10000000000000002,0.0,-0.9454545454545454,0.0,-0.5454545454545455
2019-11-29,0.2727272727272727,-0.5636363636363637,0.0,0.1913444599828462,0.0,-0.7727272727272727,0.3333333333333333,0.15454545454545454,0.0,-0.8272727272727273,0.0,-0.6818181818181819
2019-12-02,0.2727272727272727,-0.8909090909090911,0.3333333333333333,0.26363636363636367,0.0,-0.6090909090909091,0.0,-0.17272727272727276,0.0,-0.7727272727272727,0.0,-0.6727272727272727
2019-12-03,0.2727272727272727,-0.6727272727272727,0.3333333333333333,-0.18181818181818182,0.0,-0.8454545454545455,0.3333333333333333,-0.21818181818181823,0.0,-0.8727272727272729,0.0,-0.9272727272727275
2019-12-04,0.2727272727272727,-0.5909090909090909,0.3333333333333333,-0.018181818181818184,0.0,-0.8181818181818182,0.3333333333333333,-0.21818181818181823,0.0,-0.7090909090909092,0.0,-0.8545454545454546
2019-12-05,0.2727272727272727,-0.4464704066266411,0.3333333333333333,-0.13636363636363638,0.0,-0.7000000000000001,0.0,-0.3181818181818182,0.0,-0.7363636363636363,0.0,-0.7636363636363637
2019-12-06,0.2727272727272727,0.10933969141876927,0.6666666666666666,0.346242356159436,0.3333333333333333,-0.29157251045005134,0.0,-0.4236913042477309,0.0,-0.9132420091324202,0.0,-0.4145796632961667
2019-12-09,0.2727272727272727,0.11818181818181818,0.6666666666666666,0.30000000000000004,0.3333333333333333,-0.5,0.0,-0.16363636363636366,0.0,-0.6636363636363638,0.3333333333333333,-0.5181818181818182
2019-12-10,0.2727272727272727,-0.19090909090909092,0.3333333333333333,0.23636363636363636,0.3333333333333333,-0.3454545454545455,0.0,-0.3181818181818182,0.0,-0.22727272727272727,0.3333333333333333,-0.20000000000000004
2019-12-11,0.2727272727272727,-0.30000000000000004,0.3333333333333333,0.19090909090909092,0.0,-0.46469368852976933,0.3333333333333333,-0.4727272727272727,0.0,-0.4601378680539873,0.3333333333333333,-0.14545454545454548
2019-12-12,0.2727272727272727,-0.3181818181818182,0.3333333333333333,-0.2779050490227052,0.3333333333333333,-0.22727272727272727,0.3333333333333333,-0.4727272727272727,0.0,-0.3090909090909091,0.0,-0.28181818181818186
2019-12-13,0.2727272727272727,-0.36363636363636365,0.3333333333333333,-0.10000000000000002,0.3333333333333333,-0.30000000000000004,0.3333333333333333,-0.3272727272727273,0.3333333333333333,-0.3181818181818182,0.0,-0.4909090909090909
2019-12-16,0.2727272727272727,-0.6090909090909091,0.3333333333333333,-0.027524094128159017,0.0,-0.15489789617658978,0.3333333333333333,-0.27272727272727276,0.0,-0.4272727272727273,0.0,-0.7727272727272727
2019-12-17,0.2727272727272727,-0.6727272727272727,0.3333333333333333,-0.4000000000000001,0.0,-0.8090909090909091,0.3333333333333333,0.009090909090909092,0.0,-0.6090909090909091,0.0,-0.9181818181818183
2019-12-18,0.2727272727272727,-0.7636363636363637,0.3333333333333333,-0.08181818181818183,0.0,-0.43636363636363645,0.3333333333333333,0.06363636363636364,0.0,-0.44545454545454555,0.0,-0.8363636363636365
2019-12-19,0.2727272727272727,-0.4000000000000001,0.3333333333333333,-0.15454545454545454,0.0,-0.8727272727272729,0.3333333333333333,0.24545454545454545,0.0,-0.11818181818181818,0.0,-0.8272727272727273
2019-12-20,0.2727272727272727,-0.43636363636363645,0.3333333333333333,-0.45454545454545453,0.0,-0.9181818181818183,0.6666666666666666,0.5545454545454546,0.0,-0.24545454545454545,0.0,-0.9
2019-12-23,0.2727272727272727,-0.7272727272727273,0.3333333333333333,-0.38181818181818183,0.0,-0.7000000000000001,0.3333333333333333,0.4090909090909091,0.3333333333333333,-0.17272727272727276,0.0,-0.6818181818181819
2019-12-24,0.2727272727272727,-0.690909090909091,0.3333333333333333,-0.4272727272727273,0.0,-0.5545454545454546,0.3333333333333333,0.29090909090909095,0.3333333333333333,-0.23636363636363636,0.0,-0.5636363636363637
2019-12-26,0.2727272727272727,-0.5818181818181819,0.0,-0.3727272727272728,0.0,-0.39090909090909093,0.3333333333333333,0.38181818181818183,0.3333333333333333,-0.03636363636363637,0.0,-0.38181818181818183
2019-12-27,0.2727272727272727,-0.28181818181818186,0.0,-0.46363636363636374,0.3333333333333333,-0.46363636363636374,0.3333333333333333,0.11818181818181818,0.3333333333333333,-0.02727272727272728,0.0,-0.5363636363636364
2019-12-30,0.2727272727272727,-0.5363636363636364,0.0,-0.6090909090909091,0.0,-0.6363636363636364,0.3333333333333333,-0.24545454545454545,0.3333333333333333,-0.17272727272727276,0.0,-0.5090909090909091
2019-12-31,0.2727272727272727,-0.5181818181818182,0.3333333333333333,-0.41818181818181827,0.3333333333333333,-0.4090909090909091,0.3333333333333333,-0.20000000000000004,0.3333333333333333,-0.16363636363636366,0.0,-0.5181818181818182
2020-01-02,0.2727272727272727,-0.6636363636363638,0.0,-0.20000000000000004,0.0,-0.33636363636363636,0.3333333333333333,-0.24545454545454545,0.6666666666666666,-0.22727272727272727,0.0,-0.33636363636363636
2020-01-03,0.2727272727272727,-0.6818181818181819,0.0,-0.2545454545454546,0.0,-0.5090909090909091,0.0,-0.29090909090909095,0.3333333333333333,-0.13636363636363638,0.3333333333333333,-0.29090909090909095
2020-01-06,0.2727272727272727,-0.6287032256579232,0.0,-0.18181818181818182,0.3333333333333333,-0.41818181818181827,0.3333333333333333,-0.4090909090909091,0.0,-0.20000000000000004,0.0,-0.46363636363636374
2020-01-07,0.2727272727272727,-0.7744894808829488,0.0,-0.22019275302527214,0.0,-0.8291593265923335,0.0,-0.5636363636363637,0.0,-0.3545454545454546,0.3333333333333333,-0.21818181818181823
2020-01-08,0.2727272727272727,-0.7881569423102951,0.0,-0.3454545454545455,0.0,-0.790909090909091,0.0,-0.690909090909091,0.0,-0.13636363636363638,0.3333333333333333,-0.3272727272727273
2020-01-09,0.2727272727272727,-0.8337151470681156,0.3333333333333333,-0.045454545454545456,0.0,-0.6818181818181819,0.0,-0.5363636363636364,0.0,-0.43636363636363645,0.0,-0.6727272727272727
2020-01-10,0.2727272727272727,-0.730601223963557,0.0,-0.009090909090909092,0.0,-0.6181818181818182,0.3333333333333333,-0.5363636363636364,0.0,-0.17272727272727276,0.0,-0.5727272727272729
2020-01-13,0.2727272727272727,-0.7636363636363637,0.3333333333333333,-0.28181818181818186,0.0,-0.690909090909091,0.3333333333333333,-0.30000000000000004,0.0,0.03636363636363637,0.0,-0.5363636363636364
2020-01-14,0.2727272727272727,-0.6545454545454547,0.0,0.045454545454545456,0.0,-0.6181818181818182,0.3333333333333333,0.009090909090909092,0.0,-0.05454545454545456,0.0,-0.5
2020-01-15,0.2727272727272727,-0.6636363636363638,0.3333333333333333,0.018181818181818184,0.0,-0.5090909090909091,0.6666666666666666,0.1272727272727273,0.0,0.14545454545454548,0.0,-0.38181818181818183
2020-01-16,0.2727272727272727,-0.7272727272727273,0.3333333333333333,0.08181818181818183,0.0,-0.29090909090909095,0.3333333333333333,0.2545454545454546,0.6666666666666666,0.3545454545454546,0.0,-0.3090909090909091
2020-01-17,0.2727272727272727,-0.6545454545454547,0.3333333333333333,0.19090909090909092,0.0,-0.17272727272727276,0.3333333333333333,0.43636363636363645,0.3333333333333333,0.26363636363636367,0.0,-0.27272727272727276
2020-01-21,0.2727272727272727,-0.6818181818181819,0.3333333333333333,0.34168653568365387,0.0,-0.24545454545454545,0.3333333333333333,0.4000000000000001,0.3333333333333333,0.07272727272727274,0.0,-0.22727272727272727
2020-01-22,0.2727272727272727,-0.43636363636363645,0.6666666666666666,0.11818181818181818,0.0,-0.3545454545454546,0.6666666666666666,0.3454545454545455,0.3333333333333333,-0.26363636363636367,0.0,-0.3272727272727273
2020-01-23,0.2727272727272727,-0.30000000000000004,0.3333333333333333,0.2961283309258334,0.0,-0.30000000000000004,0.0,0.03636363636363637,0.0,-0.20909090909090913,0.3333333333333333,-0.3272727272727273
2020-01-24,0.2727272727272727,-0.6000000000000001,0.3333333333333333,-0.009090909090909092,0.0,-0.5727272727272729,0.0,-0.30000000000000004,0.0,-0.28181818181818186,0.0,-0.4272727272727273
2020-01-27,0.2727272727272727,-0.8000000000000002,0.6666666666666666,0.09090909090909091,0.0,-0.7454545454545456,0.3333333333333333,-0.30000000000000004,0.3333333333333333,-0.22727272727272727,0.0,-0.5909090909090909
2020-01-28,0.2727272727272727,-0.6788172508915258,0.0,-0.3727272727272728,0.0,-0.7272727272727273,0.0,-0.4090909090909091,0.0,-0.3181818181818182,0.0,-0.6000000000000001
2020-01-29,0.2727272727272727,-0.5818181818181819,0.0,-0.43280294519929496,0.0,-0.5363636363636364,0.0,-0.4090909090909091,0.0,-0.4000000000000001,0.0,-0.5181818181818182
2020-01-30,0.2727272727272727,-0.4909090909090909,0.3333333333333333,-0.2004561009344103,0.0,-0.5818181818181819,0.0,-0.36363636363636365,0.0,-0.5727272727272729,0.0,-0.6636363636363638
2020-01-31,0.2727272727272727,-0.7061521737462181,0.0,-0.14578625522502567,0.0,-0.6090909090909091,0.0,-0.4909090909090909,0.3333333333333333,-0.41818181818181827,0.0,-0.690909090909091
2020-02-03,0.2727272727272727,-0.43636363636363645,0.0,-0.22727272727272727,0.3333333333333333,-0.27272727272727276,0.0,-0.4000000000000001,0.0,-0.39090909090909093,0.0,-0.6454545454545455
2020-02-04,0.2727272727272727,-0.4727272727272727,0.3333333333333333,-0.12756297332189748,0.3333333333333333,-0.2545454545454546,0.3333333333333333,-0.29090909090909095,0.3333333333333333,-0.13636363636363638,0.0,-0.44545454545454555
2020-02-05,0.2727272727272727,-0.8454545454545455,0.3333333333333333,0.5727272727272729,0.0,-0.5090909090909091,0.3333333333333333,0.20909090909090913,0.3333333333333333,-0.27272727272727276,0.0,-0.7090909090909092
2020-02-06,0.2727272727272727,-0.881818181818182,0.3333333333333333,0.4000000000000001,0.0,-0.009090909090909092,0.3333333333333333,0.20909090909090913,0.3333333333333333,-0.05454545454545456,0.0,-0.3090909090909091
2020-02-07,0.2727272727272727,-0.8909090909090911,0.3333333333333333,-0.041002384282038465,0.0,-0.22727272727272727,0.3333333333333333,0.21818181818181823,0.3333333333333333,-0.22727272727272727,0.0,-0.5454545454545455
2020-02-10,0.2727272727272727,-0.8181818181818182,0.3333333333333333,0.18181818181818182,0.0,-0.07272727272727274,0.0,-0.17272727272727276,0.3333333333333333,-0.06363636363636364,0.0,-0.20000000000000004
2020-02-11,0.2727272727272727,-0.8838291723017182,0.6666666666666666,0.7198196351735642,0.0,-0.03636363636363637,0.0,-0.44545454545454555,0.3333333333333333,0.045454545454545456,0.0,-0.14545454545454548
2020-02-12,0.2727272727272727,-0.8883849927775,0.0,0.10000000000000002,0.3333333333333333,-0.1272727272727273,0.0,-0.6272727272727273,0.3333333333333333,-0.06363636363636364,0.0,-0.08181818181818183
2020-02-13,0.2727272727272727,-0.8792733518259361,0.3333333333333333,0.31890743330474364,0.0,-0.21818181818181823,0.0,-0.6181818181818182,0.3333333333333333,0.045454545454545456,0.0,-0.24545454545454545
2020-02-14,0.2727272727272727,-0.8909090909090911,0.6666666666666666,0.39090909090909093,0.0,-0.48181818181818187,0.0,-0.6363636363636364,0.3333333333333333,-0.3727272727272728,0.0,-0.3545454545454546
2020-02-18,0.2727272727272727,-0.8181818181818182,0.3333333333333333,0.6090909090909091,0.3333333333333333,0.045454545454545456,0.0,-0.6636363636363638,0.3333333333333333,-0.03636363636363637,0.0,-0.5545454545454546
2020-02-19,0.2727272727272727,-0.690909090909091,0.6666666666666666,0.5454545454545455,0.0,0.24545454545454545,0.0,-0.3272727272727273,0.3333333333333333,0.10000000000000002,0.0,-0.43636363636363645
2020-02-20,0.2727272727272727,-0.8610500699228079,0.3333333333333333,0.11009637651263607,0.0,-0.05454545454545456,0.0,-0.5909090909090909,0.3333333333333333,-0.05454545454545456,0.0,-0.43636363636363645
2020-02-21,0.2727272727272727,-0.790909090909091,0.3333333333333333,0.10909090909090911,0.0,-0.03636363636363637,0.0,-0.5818181818181819,0.3333333333333333,0.28181818181818186,0.0,-0.3545454545454546
2020-02-24,0.2727272727272727,-0.7636363636363637,0.3333333333333333,0.10022805046720515,0.3333333333333333,-0.38181818181818183,0.0,-0.3090909090909091,0.0,-0.3181818181818182,0.0,-0.7545454545454545
2020-02-25,0.2727272727272727,-0.6727272727272727,0.3333333333333333,-0.21818181818181823,0.3333333333333333,-0.5,0.3333333333333333,-0.1272727272727273,0.3333333333333333,-0.5454545454545455,0.0,-0.9
2020-02-26,0.2727272727272727,-0.6272727272727273,0.3333333333333333,-0.16363636363636366,0.3333333333333333,-0.5363636363636364,0.3333333333333333,0.07272727272727274,0.0,-0.6272727272727273,0.0,-0.8454545454545455
2020-02-27,0.2727272727272727,-0.523919354714936,0.6666666666666666,0.46790960017870326,0.3333333333333333,-0.38181818181818183,0.3333333333333333,0.3181818181818182,0.0,-0.4909090909090909,0.0,-0.7363636363636363
2020-02-28,0.2727272727272727,-0.5363636363636364,0.6666666666666666,0.5727272727272729,0.0,-0.4727272727272727,0.3333333333333333,0.39090909090909093,0.3333333333333333,-0.2733492285469231,0.0,-0.48181818181818187
2020-03-02,0.2727272727272727,-0.523919354714936,0.6666666666666666,0.36363636363636365,0.3333333333333333,-0.3545454545454546,0.3333333333333333,0.5181818181818182,0.3333333333333333,-0.33636363636363636,0.3333333333333333,-0.3454545454545455
2020-03-03,0.2727272727272727,-0.19090909090909092,0.6666666666666666,0.45454545454545453,0.6666666666666666,-0.08181818181818183,0.3333333333333333,0.10000000000000002,0.3333333333333333,0.11818181818181818,0.3333333333333333,-0.3272727272727273
2020-03-04,0.2727272727272727,-0.5818181818181819,0.6666666666666666,0.2545454545454546,0.0,-0.4090909090909091,0.0,-0.16363636363636366,0.3333333333333333,-0.5090909090909091,0.3333333333333333,-0.10909090909090911
2020-03-05,0.2727272727272727,-0.10909090909090911,0.3333333333333333,-0.27272727272727276,0.3333333333333333,-0.05454545454545456,0.0,-0.15454545454545454,0.3333333333333333,-0.3090909090909091,0.6666666666666666,0.22727272727272727
2020-03-06,0.2727272727272727,-0.4727272727272727,0.3333333333333333,-0.5272727272727273,0.3333333333333333,-0.28181818181818186,0.0,-0.5454545454545455,0.3333333333333333,-0.45454545454545453,0.3333333333333333,0.11818181818181818
2020-03-09,0.2727272727272727,-0.2545454545454546,0.0,-0.4601378680539873,0.0,-0.33636363636363636,0.3333333333333333,-0.21818181818181823,0.3333333333333333,0.03636363636363637,0.3333333333333333,-0.10000000000000002
2020-03-10,0.2727272727272727,-0.39090909090909093,0.3333333333333333,-0.28181818181818186,0.3333333333333333,-0.36363636363636365,0.3333333333333333,0.0,0.3333333333333333,-0.13636363636363638,0.3333333333333333,-0.19090909090909092
2020-03-11,0.2727272727272727,-0.30000000000000004,0.3333333333333333,-0.13636363636363638,0.3333333333333333,-0.26363636363636367,0.3333333333333333,-0.24545454545454545,0.6666666666666666,0.6055300708194984,0.0,-0.27272727272727276
2020-03-12,0.2727272727272727,-0.5090909090909091,0.3333333333333333,0.02727272727272728,0.3333333333333333,-0.33636363636363636,0.3333333333333333,0.10000000000000002,0.3333333333333333,0.35442888526578054,0.3333333333333333,-0.4272727272727273
2020-03-13,0.2727272727272727,-0.5818181818181819,0.3333333333333333,-0.10000000000000002,0.3333333333333333,-0.41818181818181827,0.3333333333333333,-0.3545454545454546,0.3333333333333333,-0.17767699855550007,0.0,-0.43636363636363645
2020-03-16,0.2727272727272727,-0.11818181818181818,0.3333333333333333,-0.20909090909090913,0.6666666666666666,-0.02727272727272728,0.0,-0.7272727272727273,0.3333333333333333,-0.2948185205998629,0.0,-0.5
2020-03-17,0.2727272727272727,-0.28181818181818186,0.0,-0.5636363636363637,0.0,-0.5181818181818182,0.0,-0.6636363636363638,0.0,-0.3181818181818182,0.0,-0.7272727272727273
2020-03-18,0.2727272727272727,-0.23636363636363636,0.0,-0.5454545454545455,0.0,-0.7090909090909092,0.0,-0.7272727272727273,0.0,-0.29157251045005134,0.0,-0.8363636363636365
2020-03-19,0.2727272727272727,-0.21867938283753854,0.3333333333333333,-0.29157251045005134,0.3333333333333333,-0.3272727272727273,0.0,-0.6636363636363638,0.3333333333333333,-0.086560589039859,0.3333333333333333,-0.4272727272727273
2020-03-20,0.2727272727272727,-0.05454545454545456,0.6666666666666666,-0.018181818181818184,0.3333333333333333,-0.29090909090909095,0.0,-0.6090909090909091,0.3333333333333333,-0.24601430569223082,0.3333333333333333,-0.26363636363636367
2020-03-23,0.2727272727272727,-0.009090909090909092,0.0,-0.19590028045862823,0.3333333333333333,-0.28181818181818186,0.0,-0.5,0.3333333333333333,-0.018349396085439344,0.3333333333333333,-0.16363636363636366
2020-03-24,0.2727272727272727,-0.2414584852164488,0.6666666666666666,0.4272727272727273,0.3333333333333333,-0.29090909090909095,0.0,-0.6000000000000001,0.3333333333333333,-0.07272727272727274,0.3333333333333333,-0.10909090909090911
2020-03-25,0.2727272727272727,-0.06378148666094874,0.6666666666666666,0.33636363636363636,0.3333333333333333,-0.3454545454545455,0.0,-0.6090909090909091,0.3333333333333333,-0.03636363636363637,0.3333333333333333,-0.20000000000000004
2020-03-26,0.2727272727272727,-0.21867938283753854,0.6666666666666666,0.2961283309258334,0.3333333333333333,-0.33636363636363636,0.0,-0.8181818181818182,0.3333333333333333,-0.30523997187739754,0.3333333333333333,-0.38181818181818183
2020-03-27,0.2727272727272727,-0.36363636363636365,0.3333333333333333,0.10000000000000002,0.3333333333333333,-0.48181818181818187,0.0,-0.7363636363636363,0.0,-0.4000000000000001,0.3333333333333333,-0.09090909090909091
2020-03-30,0.2727272727272727,-0.38181818181818183,0.0,-0.07272727272727274,0.3333333333333333,-0.3727272727272728,0.0,-0.6727272727272727,0.0,-0.5727272727272729,0.3333333333333333,0.009090909090909092
2020-03-31,0.2727272727272727,-0.6164383561643836,0.3333333333333333,0.2004561009344103,0.3333333333333333,-0.5056960728118078,0.0,-0.4965844318602437,0.0,-0.346242356159436,0.3333333333333333,-0.03189074333047437
2020-04-01,0.2727272727272727,-0.3090909090909091,0.0,-0.018181818181818184,0.3333333333333333,0.045454545454545456,0.0,-0.43636363636363645,0.0,-0.30000000000000004,0.3333333333333333,-0.3090909090909091
2020-04-02,0.2727272727272727,-0.3272727272727273,0.3333333333333333,0.24545454545454545,0.3333333333333333,-0.30000000000000004,0.0,-0.3727272727272728,0.3333333333333333,-0.3272727272727273,0.3333333333333333,-0.4727272727272727
2020-04-03,0.2727272727272727,-0.45454545454545453,0.6666666666666666,0.2733492285469231,0.3333333333333333,-0.20000000000000004,0.0,-0.22727272727272727,0.3333333333333333,-0.4272727272727273,0.3333333333333333,-0.5727272727272729
2020-04-06,0.2727272727272727,-0.5090909090909091,0.6666666666666666,0.3690214585383462,0.3333333333333333,-0.4272727272727273,0.0,-0.23636363636363636,0.0,-0.6454545454545455,0.3333333333333333,-0.5
2020-04-07,0.2727272727272727,-0.6545454545454547,1.0,0.7636363636363637,0.3333333333333333,-0.5090909090909091,0.3333333333333333,-0.24545454545454545,0.3333333333333333,-0.39090909090909093,0.3333333333333333,-0.44545454545454555
2020-04-08,0.2727272727272727,-0.6363636363636364,0.6666666666666666,0.8610500699228079,0.3333333333333333,-0.4909090909090909,0.3333333333333333,-0.3272727272727273,0.3333333333333333,0.13636363636363638,0.3333333333333333,-0.38181818181818183
2020-04-09,0.2727272727272727,-0.4272727272727273,0.3333333333333333,0.21818181818181823,0.3333333333333333,-0.39090909090909093,0.0,-0.29090909090909095,0.6666666666666666,0.20909090909090913,0.0,-0.5454545454545455
2020-04-13,0.2727272727272727,-0.15454545454545454,0.6666666666666666,-0.018181818181818184,0.3333333333333333,0.27272727272727276,0.3333333333333333,-0.33636363636363636,0.3333333333333333,-0.16363636363636366,0.3333333333333333,0.3545454545454546
2020-04-14,0.2727272727272727,-0.045454545454545456,0.6666666666666666,0.18181818181818182,0.3333333333333333,0.05454545454545456,0.3333333333333333,0.20000000000000004,0.3333333333333333,0.17767699855550007,0.3333333333333333,0.33636363636363636
2020-04-15,0.2727272727272727,-0.10909090909090911,0.3333333333333333,-0.03189074333047437,0.0,0.08181818181818183,0.3333333333333333,0.13636363636363638,0.3333333333333333,-0.045454545454545456,0.3333333333333333,0.15454545454545454
2020-04-16,0.2727272727272727,-0.5272727272727273,0.3333333333333333,0.17272727272727276,0.0,-0.5909090909090909,0.3333333333333333,0.33636363636363636,0.3333333333333333,-0.4373587656750771,0.3333333333333333,-0.22727272727272727
2020-04-17,0.2727272727272727,-0.16363636363636366,0.6666666666666666,0.2545454545454546,0.3333333333333333,-0.26363636363636367,0.3333333333333333,-0.19090909090909092,0.3333333333333333,0.07272727272727274,0.6666666666666666,0.30000000000000004
2020-04-20,0.2727272727272727,-0.20000000000000004,0.3333333333333333,0.14545454545454548,0.0,-0.41818181818181827,0.6666666666666666,0.29090909090909095,1.0,0.7090909090909092,0.0,-0.30000000000000004
2020-04-21,0.2727272727272727,-0.6363636363636364,0.6666666666666666,-0.06378148666094874,0.0,-0.8000000000000002,0.3333333333333333,0.20909090909090913,0.3333333333333333,0.13636363636363638,0.0,-0.5
2020-04-22,0.2727272727272727,-0.08181818181818183,0.6666666666666666,0.36288884205540367,0.3333333333333333,-0.08181818181818183,0.0,0.3090909090909091,0.6666666666666666,-0.05454545454545456,0.3333333333333333,0.11818181818181818
2020-04-23,0.2727272727272727,-0.5181818181818182,0.3333333333333333,-0.39090909090909093,0.0,-0.7363636363636363,0.3333333333333333,0.24545454545454545,0.3333333333333333,-0.16363636363636366,0.0,-0.3727272727272728
2020-04-24,0.2727272727272727,-0.43636363636363645,0.3333333333333333,-0.14545454545454548,0.3333333333333333,-0.44545454545454555,0.6666666666666666,0.4000000000000001,0.3333333333333333,-0.09090909090909091,0.3333333333333333,-0.10909090909090911
2020-04-27,0.2727272727272727,-0.7107079942220003,0.3333333333333333,-0.10000000000000002,0.0,-0.48181818181818187,0.0,-0.03636363636363637,0.3333333333333333,-0.13636363636363638,0.0,-0.13636363636363638
2020-04-28,0.2727272727272727,-0.5785892004243207,0.3333333333333333,0.20000000000000004,0.0,-0.44545454545454555,0.3333333333333333,0.11818181818181818,0.0,-0.22727272727272727,0.0,-0.20909090909090913
2020-04-29,0.2727272727272727,-0.5296858873735789,0.3333333333333333,-0.009090909090909092,0.0,-0.25968176711957697,0.3333333333333333,0.07272727272727274,0.3333333333333333,0.05454545454545456,0.0,-0.33636363636363636
2020-04-30,0.2727272727272727,-0.6727272727272727,0.0,-0.4090909090909091,0.0,-0.9636363636363637,0.0,-0.4272727272727273,0.3333333333333333,-0.46363636363636374,0.0,-0.8090909090909091
2020-05-01,0.2727272727272727,-0.31890743330474364,0.0,-0.4145796632961667,0.0,-0.7061521737462181,0.3333333333333333,-0.15034207570080774,0.0,-0.3826889199656924,0.0,-0.8109360446892052
2020-05-04,0.2727272727272727,-0.5545454545454546,0.0,-0.5181818181818182,0.0,-0.7363636363636363,0.3333333333333333,-0.3727272727272728,0.0,-0.3090909090909091,0.0,-0.7636363636363637
2020-05-05,0.2727272727272727,-0.3727272727272728,0.3333333333333333,0.30000000000000004,0.0,-0.48181818181818187,0.3333333333333333,-0.36363636363636365,0.3333333333333333,-0.13636363636363638,0.3333333333333333,-0.17272727272727276
2020-05-06,0.2727272727272727,-0.6636363636363638,0.0,0.20956774188597443,0.0,-0.29090909090909095,0.3333333333333333,-0.07272727272727274,0.0,-0.6272727272727273,0.3333333333333333,0.3090909090909091
2020-05-07,0.2727272727272727,-0.5272727272727273,0.0,0.3090909090909091,0.3333333333333333,-0.009090909090909092,0.3333333333333333,0.018181818181818184,0.0,-0.7454545454545456,0.6666666666666666,0.5
2020-05-08,0.2727272727272727,-0.43636363636363645,0.0,0.23636363636363636,0.0,-0.3181818181818182,0.0,-0.23636363636363636,0.0,-0.5,0.3333333333333333,0.5090909090909091
2020-05-11,0.2727272727272727,-0.6727272727272727,0.0,-0.050114025233602574,0.0,-0.15454545454545454,0.0,-0.5,0.0,-0.7272727272727273,0.3333333333333333,0.15454545454545454
2020-05-12,0.2727272727272727,-0.690909090909091,0.3333333333333333,-0.05454545454545456,0.3333333333333333,-0.16363636363636366,0.3333333333333333,-0.43636363636363645,0.0,-0.790909090909091,0.3333333333333333,0.09090909090909091
2020-05-13,0.2727272727272727,-0.7363636363636363,0.0,-0.21818181818181823,0.0,-0.24545454545454545,0.3333333333333333,-0.29090909090909095,0.0,-0.8454545454545455,0.3333333333333333,-0.10909090909090911
2020-05-14,0.2727272727272727,-0.8363636363636365,0.0,0.10000000000000002,0.0,0.10909090909090911,0.0,0.07272727272727274,0.0,-0.8363636363636365,0.0,-0.3272727272727273
2020-05-15,0.2727272727272727,-0.7562661989798207,0.0,-0.4783611499571155,0.0,-0.4000000000000001,0.0,-0.09090909090909091,0.0,-0.790909090909091,0.0,-0.5909090909090909
2020-05-18,0.2727272727272727,-0.6879288918430899,0.3333333333333333,0.48181818181818187,0.0,-0.4727272727272727,0.0,-0.018181818181818184,0.0,-0.44545454545454555,0.0,-0.7454545454545456
2020-05-19,0.2727272727272727,-0.6727272727272727,0.6666666666666666,0.8454545454545455,0.0,-0.009090909090909092,0.0,-0.06363636363636364,0.0,-0.4272727272727273,0.0,-0.6181818181818182
2020-05-20,0.2727272727272727,-0.6727272727272727,0.6666666666666666,0.26363636363636367,0.3333333333333333,0.2545454545454546,0.0,-0.11818181818181818,0.0,-0.45454545454545453,0.0,-0.20000000000000004
2020-05-21,0.2727272727272727,-0.8090909090909091,0.0,0.14545454545454548,0.3333333333333333,-0.02727272727272728,0.0,-0.33636363636363636,0.3333333333333333,-0.24545454545454545,0.0,-0.6272727272727273
2020-05-22,0.2727272727272727,-0.7454545454545456,0.0,-0.1272727272727273,0.0,-0.1272727272727273,0.0,-0.36363636363636365,0.3333333333333333,-0.33636363636363636,0.0,-0.41818181818181827
2020-05-26,0.2727272727272727,-0.7000000000000001,0.3333333333333333,-0.23636363636363636,0.0,-0.26363636363636367,0.0,-0.22727272727272727,0.3333333333333333,-0.39090909090909093,0.0,-0.5727272727272729
2020-05-27,0.2727272727272727,-0.5636363636363637,0.6666666666666666,-0.018181818181818184,0.3333333333333333,0.02727272727272728,0.0,-0.23636363636363636,0.3333333333333333,-0.24545454545454545,0.0,-0.3545454545454546
2020-05-28,0.2727272727272727,-0.7289312761251283,0.3333333333333333,0.3272727272727273,0.0,-0.009090909090909092,0.0,-0.24545454545454545,0.0,0.10909090909090911,0.0,-0.3272727272727273
2020-05-29,0.2727272727272727,-0.6272727272727273,0.3333333333333333,0.11845133237033335,0.0,-0.10000000000000002,0.0,-0.018181818181818184,0.6666666666666666,0.4054680223446026,0.3333333333333333,-0.018181818181818184
2020-06-01,0.2727272727272727,-0.5727272727272729,0.6666666666666666,0.17272727272727276,0.0,-0.4236913042477308,0.6666666666666666,-0.19090909090909092,0.6666666666666666,0.3234632537805257,0.0,-0.3727272727272728
2020-06-02,0.2727272727272727,-0.7272727272727273,0.3333333333333333,-0.009090909090909092,0.0,-0.14545454545454548,0.3333333333333333,0.10909090909090911,0.3333333333333333,0.009111640951564104,0.0,-0.38181818181818183
2020-06-03,0.2727272727272727,-0.6000000000000001,0.0,-0.36363636363636365,0.3333333333333333,-0.16363636363636366,0.3333333333333333,0.05454545454545456,0.0,-0.22374662483883936,0.3333333333333333,-0.3090909090909091
2020-06-04,0.2727272727272727,-0.6545454545454547,0.0,-0.8721552111064962,0.0,-0.5363636363636364,0.3333333333333333,-0.3545454545454546,0.0,-0.5272727272727273,0.6666666666666666,-0.1272727272727273
2020-06-05,0.2727272727272727,-0.7272727272727273,0.0,-0.9,0.0,-0.6363636363636364,0.0,-0.5909090909090909,0.0,-0.615035764230577,0.6666666666666666,0.07272727272727274
2020-06-08,0.2727272727272727,-0.8181818181818182,0.0,-0.9181818181818183,0.0,-0.8272727272727273,0.0,-0.6636363636363638,0.0,-0.7198196351735642,0.0,-0.29090909090909095
2020-06-09,0.2727272727272727,-0.8454545454545455,0.0,-0.9545454545454546,0.0,-0.7727272727272727,0.0,-0.690909090909091,0.0,-0.7614999375457329,0.0,-0.5363636363636364
2020-06-10,0.2727272727272727,-0.8090909090909091,0.0,-0.7454545454545456,0.0,-0.6000000000000001,0.0,-0.8272727272727273,0.3333333333333333,-0.36363636363636365,0.0,-0.8000000000000002
2020-06-11,0.2727272727272727,-0.8000000000000002,0.3333333333333333,-0.46363636363636374,0.0,-0.6545454545454547,0.0,-0.8090909090909091,0.0,-0.5272727272727273,0.0,-0.9
2020-06-12,0.2727272727272727,-0.7636363636363637,0.0,-0.5512542775696283,0.0,-0.6818181818181819,0.0,-0.7818181818181819,0.0,-0.7272727272727273,0.0,-0.8909090909090911
2020-06-15,0.2727272727272727,-0.790909090909091,0.3333333333333333,-0.22727272727272727,0.0,-0.6454545454545455,0.0,-0.7727272727272727,0.3333333333333333,-0.46363636363636374,0.0,-0.8727272727272729
2020-06-16,0.2727272727272727,-0.7818181818181819,0.3333333333333333,-0.3669879217087868,0.0,-0.7090909090909092,0.0,-0.6000000000000001,0.0,-0.6363636363636364,0.0,-0.6636363636363638
2020-06-17,0.2727272727272727,-0.7363636363636363,0.3333333333333333,-0.5375868161422822,0.0,-0.5181818181818182,0.0,-0.5909090909090909,0.0,-0.22727272727272727,0.0,-0.5090909090909091
2020-06-18,0.2727272727272727,-0.6818181818181819,0.0,-0.7272727272727273,0.0,-0.3727272727272728,0.0,-0.4727272727272727,0.3333333333333333,-0.10000000000000002,0.0,-0.36363636363636365
2020-06-19,0.2727272727272727,-0.7545454545454545,0.3333333333333333,-0.39180056091725646,0.0,-0.16363636363636366,0.3333333333333333,-0.28181818181818186,0.6666666666666666,0.43636363636363645,0.0,-0.3272727272727273
2020-06-22,0.2727272727272727,-0.6181818181818182,0.3333333333333333,-0.23636363636363636,0.3333333333333333,0.21818181818181823,0.0,0.009090909090909092,0.3333333333333333,0.6454545454545455,0.0,-0.30000000000000004
2020-06-23,0.2727272727272727,-0.5,0.6666666666666666,0.3735772790141283,0.6666666666666666,0.5272727272727273,0.0,0.3090909090909091,0.3333333333333333,0.5545454545454546,0.0,-0.14545454545454548
2020-06-24,0.2727272727272727,-0.4909090909090909,0.6666666666666666,0.4419145861508591,0.0,0.30000000000000004,0.0,0.1272727272727273,0.3333333333333333,0.23636363636363636,0.0,-0.29090909090909095
2020-06-25,0.2727272727272727,-0.3181818181818182,0.6666666666666666,0.7881569423102951,0.3333333333333333,-0.09090909090909091,0.3333333333333333,-0.4909090909090909,0.3333333333333333,-0.19090909090909092,0.3333333333333333,-0.46363636363636374
2020-06-26,0.2727272727272727,-0.24545454545454545,0.3333333333333333,0.6000000000000001,0.3333333333333333,-0.22727272727272727,0.0,-0.43636363636363645,0.3333333333333333,-0.28181818181818186,0.0,-0.5454545454545455
2020-06-29,0.2727272727272727,-0.24545454545454545,0.3333333333333333,0.06363636363636364,0.3333333333333333,-0.14545454545454548,0.0,-0.6727272727272727,0.6666666666666666,-0.018181818181818184,0.0,-0.43636363636363645
2020-06-30,0.2727272727272727,-0.13636363636363638,0.3333333333333333,0.045454545454545456,0.3333333333333333,0.0,0.0,-0.4272727272727273,0.6666666666666666,0.5545454545454546,0.3333333333333333,0.10909090909090911
2020-07-01,0.2727272727272727,-0.3090909090909091,0.3333333333333333,0.08181818181818183,0.6666666666666666,0.06363636363636364,0.0,-0.48181818181818187,0.6666666666666666,0.02277910237891026,0.3333333333333333,-0.05454545454545456
2020-07-02,0.2727272727272727,-0.27272727272727276,0.3333333333333333,0.2545454545454546,0.3333333333333333,0.07272727272727274,0.3333333333333333,-0.29090909090909095,0.6666666666666666,0.3181818181818182,0.3333333333333333,0.0
2020-07-06,0.2727272727272727,-0.3578132236660672,0.3333333333333333,0.22936745106799178,0.0,-0.5909090909090909,0.6666666666666666,0.06363636363636364,0.3333333333333333,0.06363636363636364,0.0,-0.5181818181818182
2020-07-07,0.2727272727272727,-0.40368671387966554,0.6666666666666666,0.5137830903923016,0.0,-0.7000000000000001,0.0,-0.17272727272727276,0.3333333333333333,-0.24545454545454545,0.0,-0.6636363636363638
2020-07-08,0.2727272727272727,-0.4954336943068623,0.6666666666666666,0.5504818825631803,0.0,-0.7181818181818183,0.0,-0.3090909090909091,0.3333333333333333,-0.5727272727272729,0.0,-0.7181818181818183
2020-07-09,0.2727272727272727,-0.3853373177942262,0.3333333333333333,-0.07744894808829489,0.0,-0.6363636363636364,0.3333333333333333,-0.1272727272727273,0.0,-0.46363636363636374,0.0,-0.6363636363636364
2020-07-10,0.2727272727272727,-0.5413071845204607,0.6666666666666666,0.5727272727272729,0.0,-0.5909090909090909,0.0,-0.16363636363636366,0.3333333333333333,-0.3545454545454546,0.0,-0.7363636363636363
2020-07-13,0.2727272727272727,-0.701596353270436,0.3333333333333333,0.21818181818181823,0.0,-0.8090909090909091,0.3333333333333333,-0.33636363636363636,0.0,-0.5909090909090909,0.0,-0.8909090909090911
2020-07-14,0.2727272727272727,-0.697277051246695,0.3333333333333333,0.5363636363636364,0.0,-0.8909090909090911,0.3333333333333333,-0.2545454545454546,0.0,-0.5545454545454546,0.0,-0.9727272727272729
2020-07-15,0.2727272727272727,-0.6332590461337052,0.6666666666666666,0.6727272727272727,0.0,-0.8272727272727273,0.3333333333333333,-0.13636363636363638,0.3333333333333333,-0.28181818181818186,0.0,-0.9636363636363637
2020-07-16,0.2727272727272727,-0.6161066059595406,0.6666666666666666,0.7608220194556027,0.0,-0.7699336604071668,0.3333333333333333,-0.2004561009344103,0.3333333333333333,-0.13211879379767952,0.0,-0.8564942494470259
2020-07-17,0.2727272727272727,-0.5272727272727273,0.6666666666666666,0.4000000000000001,0.0,-0.8363636363636365,0.3333333333333333,-0.20000000000000004,0.0,-0.6545454545454547,0.0,-0.9
2020-07-20,0.2727272727272727,-0.46118721461187223,0.6666666666666666,0.07534246575342467,0.0,-0.8929408132532823,0.3333333333333333,-0.18678863950706415,0.0,-0.6232876712328768,0.0,-0.8109360446892052
2020-07-21,0.2727272727272727,-0.4689766702080085,0.3333333333333333,0.5466984570938462,0.0,-0.8337151470681154,0.6666666666666666,0.03189074333047437,0.3333333333333333,-0.24601430569223082,0.0,-0.9066082746806284
2020-07-22,0.2727272727272727,-0.39090909090909093,0.3333333333333333,-0.009090909090909092,0.0,-0.7636363636363637,0.6666666666666666,0.08181818181818183,0.0,-0.4000000000000001,0.0,-0.8727272727272729
2020-07-23,0.2727272727272727,-0.6000000000000001,0.3333333333333333,-0.3545454545454546,0.0,-0.9545454545454546,0.3333333333333333,0.0,0.0,-0.36363636363636365,0.0,-0.8090909090909091
2020-07-24,0.2727272727272727,-0.5909090909090909,0.0,-0.24771684715343115,0.0,-0.690909090909091,0.3333333333333333,0.21818181818181823,0.3333333333333333,-0.17272727272727276,0.3333333333333333,-0.6363636363636364
2020-07-27,0.2727272727272727,-0.44545454545454555,0.0,-0.48181818181818187,0.0,-0.7727272727272727,0.6666666666666666,0.20000000000000004,0.0,-0.33636363636363636,0.0,-0.7545454545454545
2020-07-28,0.2727272727272727,-0.5181818181818182,0.0,-0.3272727272727273,0.0,-0.7181818181818183,0.6666666666666666,0.17272727272727276,0.0,-0.3727272727272728,0.0,-0.6727272727272727
2020-07-29,0.2727272727272727,-0.3181818181818182,0.0,0.09090909090909091,0.0,-0.6000000000000001,0.6666666666666666,-0.018181818181818184,0.0,-0.43636363636363645,0.0,-0.6181818181818182
2020-07-30,0.2727272727272727,-0.21818181818181823,0.6666666666666666,0.36363636363636365,0.0,-0.6000000000000001,0.3333333333333333,-0.3272727272727273,0.0,-0.26363636363636367,0.3333333333333333,0.02727272727272728
2020-07-31,0.2727272727272727,-0.28181818181818186,0.0,0.10000000000000002,0.0,-0.7000000000000001,0.3333333333333333,0.09090909090909091,0.0,-0.17272727272727276,0.3333333333333333,0.03636363636363637
2020-08-03,0.2727272727272727,-0.11818181818181818,0.3333333333333333,0.2545454545454546,0.6666666666666666,0.009090909090909092,0.3333333333333333,-0.3181818181818182,0.0,-0.17272727272727276,0.3333333333333333,-0.17272727272727276
2020-08-04,0.2727272727272727,-0.14123043474924363,0.3333333333333333,0.2277910237891026,0.3333333333333333,-0.2961283309258334,0.3333333333333333,-0.26423758759535904,0.3333333333333333,-0.013667461427346159,0.3333333333333333,-0.31890743330474364
2020-08-05,0.2727272727272727,-0.2277910237891026,0.3333333333333333,0.03881278538812786,0.0,-0.4328029451992949,0.6666666666666666,-0.13211879379767952,0.3333333333333333,0.06833730713673078,0.3333333333333333,-0.4145796632961667
2020-08-06,0.2727272727272727,-0.36363636363636365,0.3333333333333333,0.3143516128289616,0.3333333333333333,-0.24545454545454545,0.3333333333333333,-0.4272727272727273,0.0,-0.018181818181818184,0.3333333333333333,-0.26363636363636367
2020-08-07,0.2727272727272727,-0.43636363636363645,0.6666666666666666,0.30000000000000004,0.3333333333333333,-0.19090909090909092,0.0,-0.6363636363636364,0.6666666666666666,0.5727272727272729,0.3333333333333333,-0.02727272727272728
2020-08-10,0.2727272727272727,-0.22727272727272727,0.3333333333333333,-0.10000000000000002,0.3333333333333333,-0.3272727272727273,0.3333333333333333,-0.21818181818181823,0.6666666666666666,-0.02727272727272728,0.3333333333333333,-0.41818181818181827
2020-08-11,0.2727272727272727,-0.38181818181818183,0.3333333333333333,-0.17272727272727276,0.3333333333333333,-0.46363636363636374,0.3333333333333333,0.018181818181818184,0.6666666666666666,-0.20909090909090913,0.3333333333333333,-0.5090909090909091
2020-08-12,0.2727272727272727,-0.10000000000000002,0.3333333333333333,-0.22727272727272727,0.3333333333333333,-0.39090909090909093,0.3333333333333333,-0.045454545454545456,0.3333333333333333,-0.4090909090909091,0.3333333333333333,-0.5090909090909091
2020-08-13,0.2727272727272727,-0.013667461427346159,0.3333333333333333,-0.10909090909090911,0.3333333333333333,-0.4692495090055514,0.6666666666666666,0.45454545454545453,0.3333333333333333,-0.13636363636363638,0.3333333333333333,-0.38181818181818183
2020-08-14,0.2727272727272727,0.18181818181818182,0.3333333333333333,-0.08181818181818183,0.3333333333333333,-0.21818181818181823,0.6666666666666666,-0.045454545454545456,0.3333333333333333,-0.11818181818181818,0.3333333333333333,-0.33636363636363636
2020-08-17,0.2727272727272727,-0.06833730713673078,0.3333333333333333,0.018349396085439344,0.3333333333333333,-0.4236913042477308,0.3333333333333333,-0.10000000000000002,0.6666666666666666,0.03636363636363637,0.3333333333333333,-0.43636363636363645
2020-08-18,0.2727272727272727,-0.15945371665237182,0.3333333333333333,0.17767699855550007,0.3333333333333333,-0.21412356236175645,0.3333333333333333,0.07272727272727274,0.3333333333333333,0.4272727272727273,0.3333333333333333,-0.26363636363636367
2020-08-19,0.2727272727272727,-0.15489789617658978,0.6666666666666666,0.35535399711100013,0.3333333333333333,-0.5181818181818182,0.3333333333333333,0.10909090909090911,0.3333333333333333,0.10000000000000002,0.3333333333333333,-0.46363636363636374
2020-08-20,0.2727272727272727,-0.08181818181818183,0.6666666666666666,0.36363636363636365,0.3333333333333333,-0.36363636363636365,0.0,-0.5454545454545455,0.3333333333333333,0.11818181818181818,0.3333333333333333,-0.48181818181818187
2020-08-21,0.2727272727272727,-0.4272727272727273,0.0,-0.3090909090909091,0.0,-0.36363636363636365,0.3333333333333333,0.009090909090909092,0.0,-0.14545454545454548,0.0,-0.7545454545454545
2020-08-24,0.2727272727272727,0.009090909090909092,0.3333333333333333,-0.3272727272727273,0.3333333333333333,-0.17272727272727276,0.3333333333333333,0.36363636363636365,0.3333333333333333,-0.15454545454545454,0.3333333333333333,-0.41818181818181827
2020-08-25,0.2727272727272727,-0.18181818181818182,0.3333333333333333,0.013667461427346159,0.3333333333333333,-0.36363636363636365,0.3333333333333333,0.018181818181818184,0.3333333333333333,-0.06363636363636364,0.3333333333333333,-0.43636363636363645
2020-08-26,0.2727272727272727,-0.5545454545454546,0.3333333333333333,-0.20909090909090913,0.0,-0.6363636363636364,0.0,-0.14545454545454548,0.0,-0.4909090909090909,0.0,-0.5272727272727273
2020-08-27,0.2727272727272727,-0.6454545454545455,0.3333333333333333,-0.28181818181818186,0.0,-0.7272727272727273,0.0,0.03636363636363637,0.0,-0.29090909090909095,0.0,-0.2545454545454546
2020-08-28,0.2727272727272727,-0.7181818181818183,0.3333333333333333,-0.11009637651263607,0.0,-0.7636363636363637,0.0,-0.39090909090909093,0.0,-0.18181818181818182,0.0,-0.5090909090909091
2020-08-31,0.2727272727272727,-0.7454545454545456,0.3333333333333333,0.06833730713673078,0.0,-0.8000000000000002,0.0,-0.17272727272727276,0.0,-0.6000000000000001,0.0,-0.43636363636363645
2020-09-01,0.2727272727272727,-0.7890240316738918,0.0,-0.5536381051870902,0.0,-0.8018244037376412,0.0,-0.23636363636363636,0.0,-0.8090909090909091,0.0,-0.5727272727272729
2020-09-02,0.2727272727272727,-0.7881569423102951,0.0,-0.4094130525753272,0.0,-0.5968124823274489,0.3333333333333333,-0.06363636363636364,0.0,-0.790909090909091,0.3333333333333333,-0.4090909090909091
2020-09-03,0.2727272727272727,-0.8727272727272729,0.3333333333333333,-0.19090909090909092,0.0,-0.6545454545454547,0.0,-0.06363636363636364,0.0,-0.6181818181818182,0.0,-0.5181818181818182
2020-09-04,0.2727272727272727,-0.8181818181818182,0.0,-0.43636363636363645,0.0,-0.6454545454545455,0.3333333333333333,0.018181818181818184,0.0,-0.7181818181818183,0.3333333333333333,-0.5090909090909091
2020-09-08,0.2727272727272727,-0.7334870966009104,0.0,-0.3090909090909091,0.0,-0.41818181818181827,0.3333333333333333,-0.18181818181818182,0.0,-0.6363636363636364,0.0,-0.4000000000000001
2020-09-09,0.2727272727272727,-0.5148077137633719,0.0,-0.39090909090909093,0.0,-0.07272727272727274,0.3333333333333333,-0.23636363636363636,0.0,-0.790909090909091,0.0,-0.2545454545454546
2020-09-10,0.2727272727272727,-0.4954336943068623,0.3333333333333333,-0.523919354714936,0.0,-0.3545454545454546,0.3333333333333333,0.14545454545454548,0.3333333333333333,-0.6818181818181819,0.3333333333333333,-0.24545454545454545
2020-09-11,0.2727272727272727,-0.6727272727272727,0.3333333333333333,0.20000000000000004,0.0,-0.3090909090909091,0.3333333333333333,-0.10000000000000002,0.0,-0.6636363636363638,0.3333333333333333,-0.045454545454545456
2020-09-14,0.2727272727272727,-0.5512542775696283,0.3333333333333333,0.1272727272727273,0.0,-0.6454545454545455,0.3333333333333333,-0.20909090909090913,0.0,-0.6090909090909091,0.3333333333333333,-0.36363636363636365
2020-09-15,0.2727272727272727,-0.6059241232790129,0.3333333333333333,0.24545454545454545,0.3333333333333333,-0.4272727272727273,0.3333333333333333,-0.11818181818181818,0.0,-0.6818181818181819,0.3333333333333333,-0.30000000000000004
2020-09-16,0.2727272727272727,-0.7090909090909092,0.3333333333333333,0.009090909090909092,0.0,-0.6363636363636364,0.3333333333333333,0.03636363636363637,0.0,-0.7181818181818183,0.0,-0.4909090909090909
2020-09-17,0.2727272727272727,-0.7363636363636363,0.3333333333333333,0.17272727272727276,0.0,-0.8000000000000002,0.6666666666666666,0.19090909090909092,0.0,-0.6545454545454547,0.0,-0.6181818181818182
2020-09-18,0.2727272727272727,-0.7181818181818183,0.3333333333333333,0.31193973345246884,0.0,-0.4000000000000001,0.3333333333333333,0.09090909090909091,0.0,-0.690909090909091,0.0,-0.36363636363636365
2020-09-21,0.2727272727272727,-0.7699336604071668,0.6666666666666666,0.601368302803231,0.3333333333333333,-0.16363636363636366,0.0,-0.07272727272727274,0.0,-0.6818181818181819,0.0,-0.5363636363636364
2020-09-22,0.2727272727272727,-0.7454545454545456,0.3333333333333333,0.5675953683430672,0.0,-0.6000000000000001,0.0,-0.3181818181818182,0.3333333333333333,-0.46363636363636374,0.0,-0.3454545454545455
2020-09-23,0.2727272727272727,-0.7425987375524745,0.3333333333333333,0.1284457725980754,0.0,-0.33636363636363636,0.3333333333333333,-0.06363636363636364,0.0,-0.5909090909090909,0.0,-0.17272727272727276
2020-09-24,0.2727272727272727,-0.7454545454545456,0.3333333333333333,0.14578625522502567,0.0,-0.21818181818181823,0.3333333333333333,-0.10000000000000002,0.0,-0.3727272727272728,0.0,-0.018181818181818184
2020-09-25,0.2727272727272727,-0.8727272727272729,0.3333333333333333,-0.3272727272727273,0.0,-0.33636363636363636,0.0,0.14545454545454548,0.3333333333333333,-0.5090909090909091,0.0,-0.06363636363636364
2020-09-28,0.2727272727272727,-0.690909090909091,0.0,-0.3181818181818182,0.0,-0.3090909090909091,0.0,0.0,0.3333333333333333,-0.43636363636363645,0.3333333333333333,-0.10000000000000002
2020-09-29,0.2727272727272727,-0.28181818181818186,0.0,-0.5818181818181819,0.0,-0.44545454545454555,0.3333333333333333,0.20000000000000004,0.0,-0.33636363636363636,0.0,-0.4272727272727273
2020-09-30,0.2727272727272727,-0.4090909090909091,0.0,-0.790909090909091,0.0,-0.4909090909090909,0.0,-0.07272727272727274,0.0,-0.5909090909090909,0.0,-0.6181818181818182
2020-10-01,0.2727272727272727,-0.5,0.0,-0.5,0.0,-0.5,0.0,-0.10000000000000002,0.0,-0.5545454545454546,0.0,-0.5909090909090909
2020-10-02,0.2727272727272727,-0.6363636363636364,0.3333333333333333,-0.3090909090909091,0.3333333333333333,0.36363636363636365,0.0,0.0,0.0,-0.4272727272727273,0.0,-0.3545454545454546
2020-10-05,0.2727272727272727,-0.790909090909091,0.3333333333333333,0.18181818181818182,0.3333333333333333,-0.03636363636363637,0.0,0.5181818181818182,0.3333333333333333,-0.19090909090909092,0.0,-0.45454545454545453
2020-10-06,0.2727272727272727,-0.6454545454545455,0.3333333333333333,0.4272727272727273,0.0,0.10000000000000002,0.0,0.5272727272727273,0.3333333333333333,-0.10000000000000002,0.0,-0.3272727272727273
2020-10-07,0.2727272727272727,-0.6727272727272727,0.6666666666666666,0.6272727272727273,0.3333333333333333,0.41818181818181827,0.0,0.22727272727272727,0.6666666666666666,0.21818181818181823,0.3333333333333333,0.16363636363636366
2020-10-08,0.2727272727272727,-0.08181818181818183,0.3333333333333333,-0.09090909090909091,0.0,-0.5454545454545455,0.6666666666666666,0.21818181818181823,0.3333333333333333,0.17272727272727276,0.0,-0.07272727272727274
2020-10-09,0.2727272727272727,0.30000000000000004,0.0,-0.5785892004243207,0.0,-0.7181818181818183,0.3333333333333333,0.10909090909090911,0.0,-0.5818181818181819,0.0,-0.46363636363636374
2020-10-12,0.2727272727272727,-0.45454545454545453,0.3333333333333333,-0.3181818181818182,0.0,-0.6363636363636364,0.3333333333333333,0.22727272727272727,0.3333333333333333,-0.3181818181818182,0.0,-0.6090909090909091
2020-10-13,0.2727272727272727,-0.5545454545454546,0.3333333333333333,-0.07272727272727274,0.0,-0.44545454545454555,0.3333333333333333,-0.3454545454545455,0.0,-0.7000000000000001,0.3333333333333333,-0.33636363636363636
2020-10-14,0.2727272727272727,-0.6195915847063591,0.3333333333333333,0.018181818181818184,0.3333333333333333,-0.21818181818181823,0.3333333333333333,-0.05454545454545456,0.0,-0.8090909090909091,0.3333333333333333,-0.09090909090909091
2020-10-15,0.2727272727272727,-0.173121178079718,0.0,-0.6000000000000001,0.0,-0.19090909090909092,0.3333333333333333,-0.05454545454545456,0.0,-0.8636363636363636,0.3333333333333333,-0.09090909090909091
2020-10-16,0.2727272727272727,-0.6545454545454547,0.3333333333333333,-0.08181818181818183,0.3333333333333333,-0.21818181818181823,0.3333333333333333,-0.10000000000000002,0.0,-0.6818181818181819,0.3333333333333333,-0.03636363636363637
2020-10-19,0.2727272727272727,-0.7272727272727273,0.3333333333333333,-0.3578132236660672,0.3333333333333333,-0.10909090909090911,0.3333333333333333,0.10000000000000002,0.0,-0.7289312761251283,0.6666666666666666,-0.08181818181818183
2020-10-20,0.2727272727272727,-0.8246035061165515,0.6666666666666666,0.2870166899742693,0.3333333333333333,-0.13636363636363638,0.3333333333333333,0.0,0.0,-0.5090909090909091,0.3333333333333333,-0.08181818181818183
2020-10-21,0.2727272727272727,-0.7454545454545456,0.0,0.10022805046720515,0.0,-0.17272727272727276,0.3333333333333333,0.3181818181818182,0.0,-0.5909090909090909,0.3333333333333333,-0.23636363636363636
2020-10-22,0.2727272727272727,-0.5818181818181819,0.3333333333333333,-0.11818181818181818,0.3333333333333333,-0.3545454545454546,0.3333333333333333,0.14545454545454548,0.0,-0.6818181818181819,0.3333333333333333,-0.27272727272727276
2020-10-23,0.2727272727272727,-0.6272727272727273,0.6666666666666666,0.6090909090909091,0.3333333333333333,-0.10909090909090911,0.3333333333333333,0.41818181818181827,0.0,-0.46363636363636374,0.0,-0.3545454545454546
2020-10-26,0.2727272727272727,-0.7090909090909092,0.3333333333333333,0.02727272727272728,0.3333333333333333,0.05454545454545456,0.0,0.045454545454545456,0.0,-0.8090909090909091,0.0,-0.38181818181818183
2020-10-27,0.2727272727272727,-0.6363636363636364,0.0,0.07272727272727274,0.3333333333333333,0.07272727272727274,0.0,0.2545454545454546,0.0,-0.7454545454545456,0.0,-0.45454545454545453
2020-10-28,0.2727272727272727,-0.5454545454545455,0.3333333333333333,0.009090909090909092,0.3333333333333333,0.3727272727272728,0.0,0.4000000000000001,0.0,-0.690909090909091,0.3333333333333333,-0.3454545454545455
2020-10-29,0.2727272727272727,-0.690909090909091,0.3333333333333333,0.2545454545454546,0.3333333333333333,-0.018181818181818184,0.0,0.16363636363636366,0.0,-0.6545454545454547,0.3333333333333333,-0.48181818181818187
2020-10-30,0.2727272727272727,-0.6090909090909091,0.3333333333333333,0.08257228238447704,0.3333333333333333,-0.3181818181818182,0.3333333333333333,0.23636363636363636,0.0,-0.5090909090909091,0.3333333333333333,-0.4090909090909091
2020-11-02,0.2727272727272727,-0.5454545454545455,0.3333333333333333,0.05454545454545456,0.3333333333333333,-0.20000000000000004,0.3333333333333333,0.009090909090909092,0.0,-0.5363636363636364,0.3333333333333333,-0.36363636363636365
2020-11-03,0.2727272727272727,-0.6272727272727273,0.3333333333333333,-0.045454545454545456,0.3333333333333333,-0.4727272727272727,0.3333333333333333,0.045454545454545456,0.3333333333333333,-0.5636363636363637,0.3333333333333333,-0.15454545454545454
2020-11-04,0.2727272727272727,-0.4090909090909091,0.6666666666666666,0.2568915451961508,0.3333333333333333,-0.26363636363636367,0.3333333333333333,0.045454545454545456,0.3333333333333333,-0.6181818181818182,0.3333333333333333,0.1272727272727273
2020-11-05,0.2727272727272727,-0.7727272727272727,1.0,0.5922566618516668,0.0,-0.3727272727272728,0.0,0.0,0.3333333333333333,-0.4090909090909091,0.6666666666666666,0.09090909090909091
2020-11-06,0.2727272727272727,-0.8636363636363636,0.6666666666666666,0.22323520331332056,0.0,-0.2545454545454546,0.0,-0.18181818181818182,0.0,-0.7243754556493464,0.3333333333333333,0.09090909090909091
2020-11-09,0.2727272727272727,-0.5818181818181819,1.0,0.48181818181818187,0.3333333333333333,-0.28181818181818186,0.0,-0.23636363636363636,0.3333333333333333,-0.22727272727272727,0.0,-0.17272727272727276
2020-11-10,0.2727272727272727,-0.5727272727272729,0.3333333333333333,-0.11009637651263607,0.3333333333333333,-0.3727272727272728,0.0,-0.3272727272727273,0.3333333333333333,0.045454545454545456,0.0,-0.27272727272727276
2020-11-11,0.2727272727272727,-0.24545454545454545,0.3333333333333333,-0.2545454545454546,0.3333333333333333,-0.3181818181818182,0.0,-0.4272727272727273,0.3333333333333333,-0.30000000000000004,0.0,-0.33636363636363636
2020-11-12,0.2727272727272727,-0.3727272727272728,0.3333333333333333,0.018181818181818184,0.0,-0.26363636363636367,0.0,-0.690909090909091,0.3333333333333333,-0.3454545454545455,0.0,-0.2545454545454546
2020-11-13,0.2727272727272727,-0.27272727272727276,0.3333333333333333,-0.15454545454545454,0.3333333333333333,-0.4727272727272727,0.0,-0.6545454545454547,0.3333333333333333,-0.21818181818181823,0.3333333333333333,-0.33636363636363636
2020-11-16,0.2727272727272727,-0.24545454545454545,0.3333333333333333,-0.10000000000000002,0.3333333333333333,-0.20909090909090913,0.0,-0.5454545454545455,0.3333333333333333,-0.41818181818181827,0.3333333333333333,-0.29090909090909095
2020-11-17,0.2727272727272727,-0.7000000000000001,0.0,-0.050114025233602574,0.0,-0.8000000000000002,0.3333333333333333,-0.4727272727272727,0.0,-0.6636363636363638,0.0,-0.7454545454545456
2020-11-18,0.2727272727272727,-0.6818181818181819,0.3333333333333333,-0.5272727272727273,0.3333333333333333,-0.7181818181818183,0.3333333333333333,-0.4909090909090909,0.0,-0.5636363636363637,0.0,-0.8272727272727273
2020-11-19,0.2727272727272727,-0.6000000000000001,0.0,-0.6545454545454547,0.3333333333333333,-0.6454545454545455,0.3333333333333333,-0.43636363636363645,0.0,-0.41818181818181827,0.0,-0.790909090909091
2020-11-20,0.2727272727272727,-0.7181818181818183,0.0,-0.39090909090909093,0.0,-0.8909090909090911,0.3333333333333333,-0.33636363636363636,0.0,-0.5272727272727273,0.0,-0.8636363636363636
2020-11-23,0.2727272727272727,-0.7181818181818183,0.3333333333333333,-0.3090909090909091,0.0,-0.7000000000000001,0.3333333333333333,-0.3727272727272728,0.0,-0.5454545454545455,0.0,-0.8363636363636365
2020-11-24,0.2727272727272727,-0.6514823280368335,0.0,-0.5011402523360258,0.0,-0.7090909090909092,0.3333333333333333,-0.3090909090909091,0.0,-0.45454545454545453,0.0,-0.8181818181818182
2020-11-25,0.2727272727272727,-0.5909090909090909,0.0,-0.23636363636363636,0.0,-0.6272727272727273,0.3333333333333333,-0.5636363636363637,0.0,-0.5272727272727273,0.0,-0.5818181818181819
2020-11-27,0.2727272727272727,-0.4510262271024232,0.0,-0.6789276551612556,0.0,-0.5636363636363637,0.3333333333333333,-0.4000000000000001,0.6666666666666666,-0.20000000000000004,0.0,-0.7181818181818183
2020-11-30,0.2727272727272727,-0.5363636363636364,0.6666666666666666,0.10478387094298722,0.0,-0.5636363636363637,0.3333333333333333,-0.39090909090909093,0.3333333333333333,-0.10000000000000002,0.0,-0.7000000000000001
2020-12-01,0.2727272727272727,-0.3272727272727273,0.6666666666666666,0.19074926313168655,0.3333333333333333,-0.4909090909090909,0.3333333333333333,-0.33636363636363636,0.6666666666666666,0.02727272727272728,0.0,-0.6454545454545455
2020-12-02,0.2727272727272727,-0.3272727272727273,0.6666666666666666,0.3486385256233475,0.3333333333333333,-0.5,0.6666666666666666,-0.009090909090909092,0.3333333333333333,0.22727272727272727,0.0,-0.5818181818181819
2020-12-03,0.2727272727272727,-0.5636363636363637,1.0,0.614704768862218,0.0,-0.7090909090909092,0.6666666666666666,0.045454545454545456,0.3333333333333333,-0.29090909090909095,0.0,-0.38181818181818183
2020-12-04,0.2727272727272727,-0.28181818181818186,0.0,-0.5272727272727273,0.3333333333333333,-0.45454545454545453,0.3333333333333333,-0.18181818181818182,0.3333333333333333,-0.17272727272727276,0.0,-0.3454545454545455
2020-12-07,0.2727272727272727,-0.41818181818181827,0.3333333333333333,-0.4272727272727273,0.0,-0.7636363636363637,0.0,-0.26363636363636367,0.3333333333333333,-0.018181818181818184,0.3333333333333333,-0.14545454545454548
2020-12-08,0.2727272727272727,-0.6000000000000001,0.0,-0.5818181818181819,0.0,-0.46363636363636374,0.0,-0.5272727272727273,0.3333333333333333,0.24545454545454545,0.3333333333333333,-0.13636363636363638
2020-12-09,0.2727272727272727,-0.27272727272727276,0.0,-0.5454545454545455,0.0,0.0,0.0,-0.8181818181818182,0.6666666666666666,-0.17272727272727276,0.3333333333333333,-0.13636363636363638
2020-12-10,0.2727272727272727,-0.3090909090909091,0.3333333333333333,-0.2545454545454546,0.0,-0.22727272727272727,0.0,-0.6272727272727273,0.3333333333333333,-0.09090909090909091,0.3333333333333333,-0.08181818181818183
2020-12-11,0.2727272727272727,-0.44545454545454555,0.0,-0.7454545454545456,0.3333333333333333,-0.15454545454545454,0.0,-0.38181818181818183,0.0,-0.20000000000000004,0.3333333333333333,-0.009090909090909092
2020-12-14,0.2727272727272727,-0.6818181818181819,0.0,-0.6818181818181819,0.0,-0.3090909090909091,0.0,-0.6363636363636364,0.0,-0.5636363636363637,0.6666666666666666,0.19090909090909092
2020-12-15,0.2727272727272727,-0.6000000000000001,0.6666666666666666,0.20000000000000004,0.0,-0.45454545454545453,0.0,-0.16363636363636366,0.3333333333333333,-0.690909090909091,0.0,-0.30000000000000004
2020-12-16,0.2727272727272727,-0.6545454545454547,0.3333333333333333,-0.17272727272727276,0.0,-0.045454545454545456,0.0,-0.21818181818181823,0.3333333333333333,-0.5909090909090909,0.0,-0.39090909090909093
2020-12-17,0.2727272727272727,-0.7090909090909092,0.3333333333333333,-0.02277910237891026,0.0,-0.4727272727272727,0.0,-0.10909090909090911,0.0,-0.8545454545454546,0.0,-0.6727272727272727
2020-12-18,0.2727272727272727,-0.7818181818181819,0.0,-0.1767919999757095,0.0,-0.3090909090909091,0.0,0.0,0.0,-0.5512542775696283,0.0,-0.690909090909091
2020-12-21,0.2727272727272727,-0.601368302803231,0.0,-0.48181818181818187,0.0,-0.4000000000000001,0.0,0.18181818181818182,0.0,-0.5090909090909091,0.3333333333333333,-0.4000000000000001
2020-12-22,0.2727272727272727,-0.1138955118945513,0.0,-0.20909090909090913,0.0,-0.6818181818181819,0.3333333333333333,-0.07272727272727274,0.0,-0.5818181818181819,0.3333333333333333,-0.4000000000000001
2020-12-23,0.2727272727272727,-0.6727272727272727,0.0,-0.10000000000000002,0.0,-0.6454545454545455,0.3333333333333333,0.2545454545454546,0.0,-0.7454545454545456,0.0,-0.6363636363636364
2020-12-24,0.2727272727272727,-0.41818181818181827,0.0,-0.33636363636363636,0.0,-0.7090909090909092,0.3333333333333333,0.08181818181818183,0.0,-0.4727272727272727,0.0,-0.6090909090909091
2020-12-28,0.2727272727272727,-0.7927127627860772,0.3333333333333333,0.20000000000000004,0.0,-0.8090909090909091,0.0,-0.10000000000000002,0.3333333333333333,-0.25968176711957697,0.0,-0.8454545454545455
2020-12-29,0.2727272727272727,-0.7181818181818183,0.3333333333333333,0.6363636363636364,0.0,-0.8727272727272729,0.0,-0.009090909090909092,0.3333333333333333,-0.7454545454545456,0.0,-0.8545454545454546
2020-12-30,0.2727272727272727,-0.8154918651649874,0.3333333333333333,0.30523997187739754,0.0,-0.4727272727272727,0.3333333333333333,-0.09090909090909091,0.3333333333333333,-0.29090909090909095,0.0,-0.5
2020-12-31,0.2727272727272727,-0.8063802242134231,0.3333333333333333,0.24545454545454545,0.3333333333333333,-0.5272727272727273,0.0,-0.20909090909090913,0.0,-0.03636363636363637,0.3333333333333333,-0.5545454545454546
2021-01-04,0.2727272727272727,-0.39090909090909093,0.3333333333333333,-0.38181818181818183,0.0,-0.9181818181818183,0.3333333333333333,-0.08181818181818183,0.0,-0.6090909090909091,0.0,-0.5545454545454546
2021-01-05,0.2727272727272727,-0.5272727272727273,0.3333333333333333,-0.03636363636363637,0.0,-0.881818181818182,0.6666666666666666,-0.10000000000000002,0.3333333333333333,-0.30000000000000004,0.0,-0.7636363636363637
2021-01-06,0.2727272727272727,-0.4727272727272727,0.0,-0.6090909090909091,0.0,-0.5,0.3333333333333333,-0.15454545454545454,0.0,-0.33636363636363636,0.3333333333333333,-0.27272727272727276
2021-01-07,0.2727272727272727,-0.7454545454545456,0.0,-0.4692495090055514,0.0,-0.44545454545454555,0.0,-0.4727272727272727,0.0,-0.5,0.0,-0.41818181818181827
2021-01-08,0.2727272727272727,-0.3090909090909091,0.3333333333333333,-0.15945371665237182,0.0,-0.690909090909091,0.3333333333333333,-0.19090909090909092,0.6666666666666666,0.2545454545454546,0.0,-0.8090909090909091
2021-01-11,0.2727272727272727,-0.5877008413758847,0.3333333333333333,0.28246086949848725,0.0,-0.7972685832618591,0.3333333333333333,0.10933969141876927,0.3333333333333333,0.18223281903128208,0.0,-0.7425987375524745
2021-01-12,0.2727272727272727,-0.27272727272727276,0.0,-0.11927107455535574,0.0,-0.790909090909091,0.0,-0.19090909090909092,0.3333333333333333,-0.1272727272727273,0.3333333333333333,-0.16363636363636366
2021-01-13,0.2727272727272727,-0.46363636363636374,0.0,-0.18181818181818182,0.0,-0.5272727272727273,0.0,-0.3454545454545455,0.0,-0.30000000000000004,0.3333333333333333,-0.20000000000000004
2021-01-14,0.2727272727272727,-0.3090909090909091,0.3333333333333333,0.0956722299914231,0.3333333333333333,0.3727272727272728,0.0,-0.6000000000000001,0.0,-0.41818181818181827,0.3333333333333333,-0.06363636363636364
2021-01-15,0.2727272727272727,-0.350798176635218,0.0,0.19406392694063926,0.0,-0.20501192141019234,0.0,-0.4236913042477309,0.0,-0.4054680223446026,0.3333333333333333,-0.3781330994899103
2021-01-19,0.2727272727272727,-0.10909090909090911,0.3333333333333333,0.018181818181818184,0.0,-0.10909090909090911,0.3333333333333333,0.19090909090909092,0.0,-0.5454545454545455,0.3333333333333333,-0.018181818181818184
2021-01-20,0.2727272727272727,-0.27272727272727276,0.3333333333333333,0.24545454545454545,0.0,-0.018181818181818184,0.6666666666666666,0.30000000000000004,0.3333333333333333,-0.26363636363636367,0.0,-0.41818181818181827
2021-01-21,0.2727272727272727,0.33636363636363636,0.0,-0.23234684426488467,0.3333333333333333,-0.06363636363636364,0.6666666666666666,0.6363636363636364,0.3333333333333333,0.20000000000000004,0.3333333333333333,0.20909090909090913
2021-01-22,0.2727272727272727,0.14545454545454548,0.3333333333333333,-0.11845133237033335,0.6666666666666666,0.3454545454545455,0.3333333333333333,0.5181818181818182,0.3333333333333333,-0.11818181818181818,0.3333333333333333,0.23636363636363636
2021-01-25,0.2727272727272727,0.18181818181818182,0.3333333333333333,-0.33636363636363636,0.0,-0.10000000000000002,0.3333333333333333,0.27272727272727276,0.3333333333333333,-0.39090909090909093,0.3333333333333333,0.29090909090909095
2021-01-26,0.2727272727272727,-0.26363636363636367,0.0,-0.16363636363636366,0.0,-0.29090909090909095,0.3333333333333333,0.3727272727272728,0.0,-0.41818181818181827,0.3333333333333333,0.03636363636363637
2021-01-27,0.2727272727272727,-0.3181818181818182,0.0,-0.30523997187739754,0.3333333333333333,-0.36363636363636365,0.3333333333333333,-0.2545454545454546,0.0,-0.7181818181818183,0.3333333333333333,-0.33636363636363636
2021-01-28,0.2727272727272727,-0.009090909090909092,0.3333333333333333,-0.2369026647406667,0.3333333333333333,0.07272727272727274,0.3333333333333333,-0.19090909090909092,0.0,-0.6818181818181819,0.3333333333333333,-0.09090909090909091
2021-01-29,0.2727272727272727,-0.17272727272727276,0.0,-0.23636363636363636,0.0,-0.4000000000000001,0.3333333333333333,-0.41818181818181827,0.0,-0.7636363636363637,0.3333333333333333,-0.20000000000000004
2021-02-01,0.2727272727272727,-0.11818181818181818,0.6666666666666666,0.33636363636363636,0.0,-0.41818181818181827,0.3333333333333333,-0.5636363636363637,0.0,-0.4909090909090909,0.3333333333333333,-0.17272727272727276
2021-02-02,0.2727272727272727,-0.2733492285469231,0.3333333333333333,0.17272727272727276,0.3333333333333333,0.16363636363636366,0.3333333333333333,-0.43636363636363645,0.0,-0.6272727272727273,0.0,-0.5363636363636364
2021-02-03,0.2727272727272727,-0.16856535760393596,0.6666666666666666,0.21818181818181823,0.3333333333333333,0.14545454545454548,0.3333333333333333,-0.07272727272727274,0.0,-0.09090909090909091,0.0,-0.48181818181818187
2021-02-04,0.2727272727272727,0.0956722299914231,0.3333333333333333,-0.15489789617658978,0.0,-0.29090909090909095,0.3333333333333333,0.03636363636363637,0.0,-0.15454545454545454,0.0,-0.5090909090909091
2021-02-05,0.2727272727272727,-0.346242356159436,0.3333333333333333,-0.09111640951564104,0.3333333333333333,-0.4000000000000001,0.0,0.15454545454545454,0.3333333333333333,0.15454545454545454,0.3333333333333333,-0.3545454545454546
2021-02-08,0.2727272727272727,-0.10933969141876927,0.3333333333333333,0.18181818181818182,0.3333333333333333,0.07272727272727274,0.3333333333333333,0.14545454545454548,0.3333333333333333,0.690909090909091,0.3333333333333333,-0.3181818181818182
2021-02-09,0.2727272727272727,-0.02277910237891026,0.6666666666666666,0.3727272727272728,0.3333333333333333,0.2277910237891026,0.6666666666666666,0.18181818181818182,0.3333333333333333,0.38181818181818183,0.0,-0.4727272727272727
2021-02-10,0.2727272727272727,-0.15596986672623442,0.3333333333333333,0.21867938283753854,0.0,-0.15454545454545454,0.3333333333333333,0.07272727272727274,0.3333333333333333,0.3727272727272728,0.0,-0.5363636363636364
2021-02-11,0.2727272727272727,-0.6241474051821412,0.3333333333333333,0.13762047064079508,0.0,-0.44545454545454555,0.0,-0.23636363636363636,0.0,0.18181818181818182,0.3333333333333333,-0.46363636363636374
2021-02-12,0.2727272727272727,-0.5636363636363637,0.3333333333333333,0.21867938283753854,0.0,-0.8181818181818182,0.0,-0.18181818181818182,0.3333333333333333,0.5,0.0,-0.7090909090909092
2021-02-16,0.2727272727272727,-0.4373587656750771,0.3333333333333333,0.29310252627551836,0.0,-0.5056960728118078,0.0,-0.27272727272727276,0.3333333333333333,0.4000000000000001,0.0,-0.5909090909090909
2021-02-17,0.2727272727272727,-0.5466984570938462,0.0,0.2545454545454546,0.0,-0.5272727272727273,0.0,-0.21818181818181823,0.3333333333333333,0.28181818181818186,0.0,-0.5181818181818182
2021-02-18,0.2727272727272727,-0.38356564258086745,0.0,0.48181818181818187,0.0,-0.4272727272727273,0.0,-0.19090909090909092,0.0,0.22727272727272727,0.0,-0.3727272727272728
2021-02-19,0.2727272727272727,-0.2687934080711411,0.6666666666666666,0.8181818181818182,0.3333333333333333,0.08181818181818183,0.6666666666666666,0.07272727272727274,0.3333333333333333,0.5454545454545455,0.3333333333333333,-0.24545454545454545
2021-02-22,0.2727272727272727,-0.5454545454545455,0.3333333333333333,-0.06378148666094874,0.0,-0.4727272727272727,0.0,-0.6727272727272727,0.0,-0.46363636363636374,0.0,-0.5636363636363637
2021-02-23,0.2727272727272727,-0.5818181818181819,0.0,-0.23636363636363636,0.0,-0.5454545454545455,0.0,-0.5,0.0,-0.5545454545454546,0.0,-0.3090909090909091
2021-02-24,0.2727272727272727,-0.5818181818181819,0.0,-0.30000000000000004,0.0,-0.5545454545454546,0.0,-0.6727272727272727,0.0,-0.6636363636363638,0.0,-0.4909090909090909
2021-02-25,0.2727272727272727,-0.4727272727272727,0.0,-0.4272727272727273,0.0,-0.6181818181818182,0.0,-0.5272727272727273,0.0,-0.690909090909091,0.0,-0.5909090909090909
2021-02-26,0.2727272727272727,-0.6545454545454547,0.0,-0.21412356236175645,0.3333333333333333,-0.33636363636363636,0.0,-0.33636363636363636,0.0,-0.5363636363636364,0.3333333333333333,0.018181818181818184
2021-03-01,0.2727272727272727,-0.7545454545454545,0.0,-0.18181818181818182,0.3333333333333333,-0.3090909090909091,0.0,-0.09090909090909091,0.0,-0.6545454545454547,0.3333333333333333,0.09090909090909091
2021-03-02,0.2727272727272727,-0.6514823280368335,0.3333333333333333,0.1023532631438318,0.3333333333333333,-0.4090909090909091,0.0,-0.18181818181818182,0.0,-0.46363636363636374,0.3333333333333333,-0.045454545454545456
2021-03-03,0.2727272727272727,-0.7181818181818183,0.0,-0.21867938283753854,0.3333333333333333,-0.3727272727272728,0.0,-0.20909090909090913,0.0,-0.6090909090909091,0.3333333333333333,-0.14545454545454548
2021-03-04,0.2727272727272727,-0.790909090909091,0.3333333333333333,-0.16363636363636366,0.3333333333333333,-0.39090909090909093,0.0,-0.16363636363636366,0.0,-0.5272727272727273,0.3333333333333333,-0.07272727272727274
2021-03-05,0.2727272727272727,-0.8727272727272729,0.6666666666666666,-0.20000000000000004,0.0,-0.7636363636363637,0.0,-0.20000000000000004,0.0,-0.6454545454545455,0.0,-0.4727272727272727
2021-03-08,0.2727272727272727,-0.9818181818181818,0.3333333333333333,-0.23234684426488467,0.0,-0.8545454545454546,0.0,-0.3181818181818182,0.0,-0.6636363636363638,0.0,-0.5272727272727273
2021-03-09,0.2727272727272727,-0.9090909090909091,0.3333333333333333,-0.05454545454545456,0.0,-0.8272727272727273,0.0,-0.3090909090909091,0.0,-0.46363636363636374,0.0,-0.5363636363636364
2021-03-10,0.2727272727272727,-0.9,0.0,0.11818181818181818,0.3333333333333333,-0.7454545454545456,0.0,-0.5545454545454546,0.0,-0.6000000000000001,0.0,-0.4727272727272727
2021-03-11,0.2727272727272727,-0.8063802242134231,0.6666666666666666,0.6970405327946539,0.0,-0.7608220194556027,0.0,-0.3006841514016155,0.0,-0.4965844318602437,0.0,-0.5375868161422822
2021-03-12,0.2727272727272727,-0.881818181818182,0.6666666666666666,0.6560381485126154,0.0,-0.5363636363636364,0.0,-0.5636363636363637,0.0,-0.4965844318602437,0.0,-0.5454545454545455
2021-03-15,0.2727272727272727,-0.9272727272727275,0.6666666666666666,0.7545454545454545,0.0,-0.7000000000000001,0.0,-0.6272727272727273,0.0,-0.43636363636363645,0.0,-0.5818181818181819
2021-03-16,0.2727272727272727,-0.9636363636363637,0.3333333333333333,0.5909090909090909,0.0,-0.6818181818181819,0.0,-0.5727272727272729,0.0,-0.16856535760393596,0.0,-0.5363636363636364
2021-03-17,0.2727272727272727,-0.8545454545454546,0.6666666666666666,0.6363636363636364,0.0,-0.6545454545454547,0.0,-0.48181818181818187,0.0,-0.523919354714936,0.0,-0.5818181818181819
2021-03-18,0.2727272727272727,-0.6454545454545455,0.0,0.3181818181818182,0.0,-0.3727272727272728,0.0,-0.5545454545454546,0.0,-0.15454545454545454,0.0,-0.3272727272727273
2021-03-19,0.2727272727272727,-0.8909090909090911,0.6666666666666666,0.690909090909091,0.0,-0.5909090909090909,0.0,-0.17272727272727276,0.0,0.10000000000000002,0.0,-0.41818181818181827
2021-03-22,0.2727272727272727,-0.8454545454545455,0.3333333333333333,0.44545454545454555,0.3333333333333333,0.045454545454545456,0.0,-0.05454545454545456,0.3333333333333333,0.4272727272727273,0.0,-0.4090909090909091
2021-03-23,0.2727272727272727,-0.7545454545454545,0.3333333333333333,0.02727272727272728,0.0,-0.15454545454545454,0.0,-0.22727272727272727,0.3333333333333333,-0.14545454545454548,0.0,-0.38181818181818183
2021-03-24,0.2727272727272727,-0.8181818181818182,0.3333333333333333,0.02727272727272728,0.0,-0.38181818181818183,0.0,-0.3181818181818182,0.3333333333333333,-0.15454545454545454,0.0,-0.5636363636363637
2021-03-25,0.2727272727272727,-0.44545454545454555,0.3333333333333333,0.050114025233602574,0.0,-0.36363636363636365,0.0,-0.3272727272727273,0.0,-0.16363636363636366,0.0,-0.30000000000000004
2021-03-26,0.2727272727272727,-0.881818181818182,0.3333333333333333,-0.009090909090909092,0.0,-0.39090909090909093,0.3333333333333333,-0.3454545454545455,0.0,-0.46363636363636374,0.3333333333333333,-0.3090909090909091
2021-03-29,0.2727272727272727,-0.9,0.0,-0.5090909090909091,0.0,-0.5636363636363637,0.3333333333333333,-0.4909090909090909,0.0,-0.5181818181818182,0.0,-0.5454545454545455
2021-03-30,0.2727272727272727,-0.881818181818182,0.0,-0.46363636363636374,0.0,-0.6454545454545455,0.3333333333333333,-0.3272727272727273,0.0,-0.7000000000000001,0.0,-0.6272727272727273
2021-03-31,0.2727272727272727,-0.8545454545454546,0.3333333333333333,0.009090909090909092,0.0,-0.5181818181818182,0.3333333333333333,-0.2545454545454546,0.0,-0.4000000000000001,0.0,-0.5636363636363637
2021-04-01,0.2727272727272727,-0.9202757361079746,0.6666666666666666,0.018181818181818184,0.0,-0.5,0.3333333333333333,-0.16363636363636366,0.3333333333333333,-0.3272727272727273,0.0,-0.5272727272727273
2021-04-05,0.2727272727272727,-0.16363636363636366,0.3333333333333333,-0.03636363636363637,0.0,-0.30000000000000004,0.3333333333333333,0.009090909090909092,0.0,-0.3272727272727273,0.0,-0.10909090909090911
2021-04-06,0.2727272727272727,0.06363636363636364,0.6666666666666666,0.009090909090909092,0.3333333333333333,-0.03636363636363637,0.0,-0.23636363636363636,0.0,-0.05454545454545456,0.3333333333333333,0.21818181818181823
2021-04-07,0.2727272727272727,0.03636363636363637,0.3333333333333333,-0.5,0.3333333333333333,-0.19090909090909092,0.0,-0.6272727272727273,0.0,-0.45454545454545453,0.3333333333333333,-0.02727272727272728
2021-04-08,0.2727272727272727,0.02727272727272728,0.0,-0.3272727272727273,0.3333333333333333,-0.18181818181818182,0.0,-0.5909090909090909,0.0,-0.22727272727272727,0.3333333333333333,0.16363636363636366
2021-04-09,0.2727272727272727,0.009090909090909092,0.0,-0.3545454545454546,0.3333333333333333,-0.30523997187739754,0.0,-0.46363636363636374,0.0,-0.45454545454545453,0.3333333333333333,-0.045454545454545456
2021-04-12,0.2727272727272727,-0.44545454545454555,0.0,-0.7198196351735642,0.0,-0.4727272727272727,0.0,-0.7454545454545456,0.0,-0.5636363636363637,0.3333333333333333,-0.21818181818181823
2021-04-13,0.2727272727272727,-0.5818181818181819,0.0,-0.7425987375524745,0.0,-0.5727272727272729,0.0,-0.26363636363636367,0.0,-0.4909090909090909,0.3333333333333333,-0.1272727272727273
2021-04-14,0.2727272727272727,-0.5272727272727273,0.0,-0.5454545454545455,0.0,-0.38181818181818183,0.3333333333333333,-0.38181818181818183,0.3333333333333333,-0.30523997187739754,0.0,-0.36363636363636365
2021-04-15,0.2727272727272727,-0.4727272727272727,0.3333333333333333,-0.36363636363636365,0.0,-0.6000000000000001,0.3333333333333333,-0.18181818181818182,0.3333333333333333,-0.19090909090909092,0.0,-0.3454545454545455
2021-04-16,0.2727272727272727,-0.3963563813930386,0.3333333333333333,-0.45454545454545453,0.0,-0.7090909090909092,0.3333333333333333,-0.5181818181818182,0.3333333333333333,-0.19090909090909092,0.0,-0.7000000000000001
2021-04-19,0.2727272727272727,-0.39090909090909093,0.3333333333333333,-0.5,0.0,-0.8363636363636365,0.3333333333333333,-0.41818181818181827,0.3333333333333333,-0.19090909090909092,0.0,-0.6636363636363638
2021-04-20,0.2727272727272727,-0.9272727272727275,0.3333333333333333,-0.5545454545454546,0.0,-0.8727272727272729,0.3333333333333333,-0.30000000000000004,0.3333333333333333,-0.6454545454545455,0.0,-0.5
2021-04-21,0.2727272727272727,-0.5909090909090909,0.3333333333333333,-0.6636363636363638,0.0,-0.5,0.3333333333333333,-0.17272727272727276,0.0,-0.6636363636363638,0.0,-0.7363636363636363
2021-04-22,0.2727272727272727,-0.6636363636363638,0.0,-0.6055300708194984,0.0,-0.21818181818181823,0.3333333333333333,-0.14545454545454548,0.0,-0.6363636363636364,0.0,-0.5
2021-04-23,0.2727272727272727,-0.697277051246695,0.0,-0.6363636363636364,0.0,-0.6181818181818182,0.3333333333333333,0.0,0.0,-0.46363636363636374,0.0,-0.6181818181818182
2021-04-26,0.2727272727272727,-0.7061521737462181,0.0,-0.6545454545454547,0.0,-0.6545454545454547,0.0,-0.28181818181818186,0.3333333333333333,-0.10909090909090911,0.0,-0.3181818181818182
2021-04-27,0.2727272727272727,-0.7881569423102951,0.0,-0.9339431975353206,0.0,-0.7000000000000001,0.0,-0.2545454545454546,0.0,-0.2545454545454546,0.0,-0.36363636363636365
2021-04-28,0.2727272727272727,-0.7608220194556026,0.0,-0.6727272727272727,0.0,-0.6363636363636364,0.0,-0.5363636363636364,0.6666666666666666,0.48181818181818187,0.0,-0.46363636363636374
2021-04-29,0.2727272727272727,-0.7818181818181819,0.6666666666666666,0.5596565806059001,0.0,-0.6636363636363638,0.0,-0.6818181818181819,0.6666666666666666,0.6363636363636364,0.3333333333333333,-0.4272727272727273
2021-04-30,0.2727272727272727,-0.8154918651649874,0.6666666666666666,0.3861509473153654,0.0,-0.7363636363636363,0.0,-0.8000000000000002,0.0,0.3090909090909091,0.0,-0.6363636363636364
2021-05-03,0.2727272727272727,-0.6454545454545455,0.3333333333333333,-0.23636363636363636,0.0,-0.5454545454545455,0.3333333333333333,-0.16363636363636366,0.6666666666666666,0.33636363636363636,0.3333333333333333,-0.3272727272727273
2021-05-04,0.2727272727272727,-0.46469368852976933,0.6666666666666666,0.045454545454545456,0.3333333333333333,-0.4727272727272727,0.3333333333333333,0.39090909090909093,0.6666666666666666,0.3454545454545455,0.3333333333333333,-0.2545454545454546
2021-05-05,0.2727272727272727,-0.36446563806256416,0.0,-0.690909090909091,0.3333333333333333,-0.39090909090909093,0.3333333333333333,0.16363636363636366,0.3333333333333333,-0.19090909090909092,0.3333333333333333,-0.28181818181818186
2021-05-06,0.2727272727272727,-0.7981987297166115,0.0,-0.7289312761251283,0.0,-0.8363636363636365,0.3333333333333333,-0.24545454545454545,0.3333333333333333,-0.39090909090909093,0.0,-0.29090909090909095
2021-05-07,0.2727272727272727,-0.4495602040932639,0.3333333333333333,-0.24601430569223082,0.3333333333333333,-0.3727272727272728,0.3333333333333333,-0.018181818181818184,0.3333333333333333,-0.36363636363636365,0.3333333333333333,-0.38181818181818183
2021-05-10,0.2727272727272727,-0.881818181818182,0.0,-0.7425987375524745,0.0,-0.790909090909091,0.0,-0.24545454545454545,0.0,-0.8727272727272729,0.0,-0.8636363636363636
2021-05-11,0.2727272727272727,-0.8454545454545455,0.3333333333333333,-0.1272727272727273,0.0,-0.9090909090909091,0.0,-0.3727272727272728,0.0,-0.9454545454545454,0.0,-0.9090909090909091
2021-05-12,0.2727272727272727,-0.7608220194556026,0.0,0.07272727272727274,0.0,-0.7454545454545456,0.0,-0.46363636363636374,0.0,-0.8727272727272729,0.0,-0.7545454545454545
2021-05-13,0.2727272727272727,-0.8090909090909091,0.3333333333333333,0.6727272727272727,0.0,-0.9090909090909091,0.0,-0.46363636363636374,0.0,-0.8636363636363636,0.0,-0.8363636363636365
2021-05-14,0.2727272727272727,-0.7000000000000001,0.6666666666666666,0.5090909090909091,0.0,-0.5727272727272729,0.0,-0.5727272727272729,0.0,-0.9181818181818183,0.0,-0.6636363636363638
2021-05-17,0.2727272727272727,-0.8363636363636365,0.6666666666666666,0.7431505414602934,0.0,-0.7363636363636363,0.0,-0.44545454545454555,0.0,-0.8909090909090911,0.0,-0.6454545454545455
2021-05-18,0.2727272727272727,-0.8454545454545455,0.6666666666666666,0.7272727272727273,0.0,-0.6545454545454547,0.3333333333333333,-0.30000000000000004,0.0,-0.8727272727272729,0.0,-0.6000000000000001
2021-05-19,0.2727272727272727,-0.6636363636363638,0.6666666666666666,0.9272727272727275,0.0,-0.7181818181818183,0.3333333333333333,-0.5181818181818182,0.0,-0.7454545454545456,0.0,-0.46363636363636374
2021-05-20,0.2727272727272727,-0.7818181818181819,1.0,0.9,0.0,-0.6454545454545455,0.3333333333333333,-0.4272727272727273,0.0,-0.45454545454545453,0.0,-0.3454545454545455
2021-05-21,0.2727272727272727,-0.7272727272727273,1.0,0.9454545454545454,0.3333333333333333,-0.41818181818181827,0.3333333333333333,-0.5181818181818182,0.0,-0.4909090909090909,0.0,-0.26363636363636367
2021-05-24,0.2727272727272727,-0.7272727272727273,1.0,0.9181818181818183,0.0,-0.9181818181818183,0.0,-0.6272727272727273,0.0,-0.29090909090909095,0.0,-0.3090909090909091
2021-05-25,0.2727272727272727,-0.6636363636363638,0.6666666666666666,0.7334870966009104,0.0,-0.8545454545454546,0.0,-0.5,0.3333333333333333,0.23636363636363636,0.0,-0.18181818181818182
2021-05-26,0.2727272727272727,-0.8363636363636365,1.0,0.8090909090909091,0.0,-0.9,0.0,-0.20909090909090913,0.6666666666666666,0.19090909090909092,0.0,-0.08181818181818183
2021-05-27,0.2727272727272727,-0.7090909090909092,0.6666666666666666,0.7881569423102951,0.0,-0.8181818181818182,0.3333333333333333,0.14545454545454548,0.6666666666666666,0.1272727272727273,0.0,0.08181818181818183
2021-05-28,0.2727272727272727,-0.7363636363636363,0.6666666666666666,0.7090909090909092,0.0,-0.8454545454545455,0.6666666666666666,0.21818181818181823,0.6666666666666666,0.24545454545454545,0.0,-0.10000000000000002
2021-06-01,0.2727272727272727,-0.3727272727272728,0.3333333333333333,-0.4419145861508591,0.3333333333333333,-0.46363636363636374,0.6666666666666666,-0.009090909090909092,0.3333333333333333,-0.4000000000000001,0.3333333333333333,-0.20000000000000004
2021-06-02,0.2727272727272727,-0.7000000000000001,0.0,-0.20000000000000004,0.0,-0.5818181818181819,0.3333333333333333,-0.30000000000000004,0.3333333333333333,-0.5090909090909091,0.0,-0.3181818181818182
2021-06-03,0.2727272727272727,-0.4090909090909091,0.0,-0.05454545454545456,0.3333333333333333,-0.22727272727272727,0.3333333333333333,-0.07272727272727274,0.3333333333333333,-0.45454545454545453,0.0,-0.20000000000000004
2021-06-04,0.2727272727272727,-0.17272727272727276,0.3333333333333333,0.0642228862990377,0.6666666666666666,0.1272727272727273,0.3333333333333333,-0.14545454545454548,0.3333333333333333,-0.5545454545454546,0.3333333333333333,-0.17272727272727276
2021-06-07,0.2727272727272727,0.22727272727272727,0.3333333333333333,-0.23636363636363636,0.6666666666666666,0.10000000000000002,0.6666666666666666,-0.009090909090909092,0.3333333333333333,-0.30000000000000004,0.3333333333333333,-0.14545454545454548
2021-06-08,0.2727272727272727,0.13636363636363638,0.6666666666666666,0.5636363636363637,0.6666666666666666,0.5272727272727273,0.6666666666666666,0.09090909090909091,0.3333333333333333,-0.48181818181818187,0.6666666666666666,-0.009090909090909092
2021-06-09,0.2727272727272727,0.19090909090909092,0.3333333333333333,0.43636363636363645,0.6666666666666666,0.5272727272727273,0.6666666666666666,-0.08181818181818183,0.3333333333333333,-0.018181818181818184,0.6666666666666666,-0.03636363636363637
2021-06-10,0.2727272727272727,0.29090909090909095,0.6666666666666666,0.6090909090909091,0.6666666666666666,0.7636363636363637,0.0,-0.29090909090909095,0.3333333333333333,-0.07744894808829489,0.6666666666666666,0.10909090909090911
2021-06-11,0.2727272727272727,0.041002384282038465,0.6666666666666666,0.3545454545454546,0.6666666666666666,0.4909090909090909,0.0,-0.5909090909090909,0.3333333333333333,-0.13636363636363638,0.6666666666666666,0.045454545454545456
2021-06-14,0.2727272727272727,-0.13636363636363638,0.6666666666666666,0.6454545454545455,0.6666666666666666,0.45454545454545453,0.3333333333333333,-0.7272727272727273,0.3333333333333333,0.0,0.6666666666666666,0.23636363636363636
2021-06-15,0.2727272727272727,-0.18181818181818182,0.3333333333333333,0.3272727272727273,0.3333333333333333,0.3727272727272728,0.0,-0.7454545454545456,0.3333333333333333,-0.20000000000000004,0.3333333333333333,0.17272727272727276
2021-06-16,0.2727272727272727,-0.20000000000000004,0.3333333333333333,0.4909090909090909,0.3333333333333333,0.6090909090909091,0.0,-0.4272727272727273,0.6666666666666666,0.05454545454545456,0.3333333333333333,0.18181818181818182
2021-06-17,0.2727272727272727,-0.5284751751907181,0.0,0.0,0.0,0.26363636363636367,0.0,-0.5909090909090909,0.3333333333333333,0.14545454545454548,0.0,-0.4272727272727273
2021-06-18,0.2727272727272727,-0.6287032256579232,0.0,-0.20000000000000004,0.0,0.0,0.0,-0.5545454545454546,0.0,-0.39090909090909093,0.0,-0.43636363636363645
2021-06-21,0.2727272727272727,-0.6818181818181819,0.0,-0.26423758759535904,0.0,-0.009090909090909092,0.3333333333333333,-0.4272727272727273,0.3333333333333333,-0.26363636363636367,0.0,-0.24545454545454545
2021-06-22,0.2727272727272727,-0.6454545454545455,0.0,-0.25512594664379495,0.0,-0.1272727272727273,0.3333333333333333,-0.3545454545454546,0.0,-0.5545454545454546,0.0,-0.33636363636363636
2021-06-23,0.2727272727272727,-0.7000000000000001,0.0,-0.18181818181818182,0.0,-0.15454545454545454,0.0,-0.5454545454545455,0.0,-0.5909090909090909,0.0,-0.3727272727272728
2021-06-24,0.2727272727272727,-0.48181818181818187,0.3333333333333333,0.07272727272727274,0.0,0.18181818181818182,0.0,-0.41818181818181827,0.0,-0.23636363636363636,0.0,0.009090909090909092
2021-06-25,0.2727272727272727,-0.6545454545454547,0.3333333333333333,0.02277910237891026,0.0,0.05454545454545456,0.0,0.24545454545454545,0.0,-0.3090909090909091,0.0,-0.08181818181818183
2021-06-28,0.2727272727272727,-0.5363636363636364,0.0,-0.06363636363636364,0.0,0.1272727272727273,0.3333333333333333,0.39090909090909093,0.0,-0.09090909090909091,0.0,-0.1272727272727273
2021-06-29,0.2727272727272727,-0.6241474051821412,0.3333333333333333,-0.17272727272727276,0.3333333333333333,-0.2545454545454546,0.3333333333333333,0.690909090909091,0.3333333333333333,-0.19090909090909092,0.3333333333333333,-0.2545454545454546
2021-06-30,0.2727272727272727,-0.7090909090909092,0.0,-0.3181818181818182,0.0,-0.17272727272727276,0.3333333333333333,0.6545454545454547,0.0,-0.3090909090909091,0.0,-0.3090909090909091
2021-07-01,0.2727272727272727,-0.7818181818181819,0.0,-0.14545454545454548,0.0,-0.23636363636363636,0.6666666666666666,0.26363636363636367,0.0,-0.5090909090909091,0.0,-0.44545454545454555
2021-07-02,0.2727272727272727,-0.701596353270436,0.3333333333333333,-0.24771684715343115,0.0,-0.3272727272727273,0.0,-0.09090909090909091,0.0,-0.7545454545454545,0.0,-0.3727272727272728
2021-07-06,0.2727272727272727,-0.7890240316738918,0.6666666666666666,0.22727272727272727,0.0,-0.690909090909091,0.0,0.10000000000000002,0.0,-0.6272727272727273,0.3333333333333333,-0.6000000000000001
2021-07-07,0.2727272727272727,-0.870161710874372,0.0,0.018181818181818184,0.0,-0.5818181818181819,0.6666666666666666,0.09090909090909091,0.3333333333333333,-0.20000000000000004,0.0,-0.6363636363636364
2021-07-08,0.2727272727272727,-0.7972685832618591,0.6666666666666666,0.22727272727272727,0.0,-0.5181818181818182,0.3333333333333333,0.33636363636363636,0.3333333333333333,0.03636363636363637,0.3333333333333333,-0.30000000000000004
2021-07-09,0.2727272727272727,-0.7699336604071668,0.3333333333333333,0.3090909090909091,0.0,-0.5363636363636364,0.3333333333333333,0.14545454545454548,0.6666666666666666,0.08181818181818183,0.0,-0.5090909090909091
2021-07-12,0.2727272727272727,-0.3454545454545455,0.0,0.21818181818181823,0.0,-0.41818181818181827,0.3333333333333333,0.05454545454545456,0.0,0.11818181818181818,0.0,-0.44545454545454555
2021-07-13,0.2727272727272727,-0.5454545454545455,0.6666666666666666,0.44545454545454555,0.0,-0.5454545454545455,0.6666666666666666,0.30000000000000004,0.3333333333333333,-0.10909090909090911,0.0,-0.5363636363636364
2021-07-14,0.2727272727272727,-0.6545454545454547,0.3333333333333333,-0.20000000000000004,0.0,-0.5454545454545455,0.6666666666666666,0.36363636363636365,0.0,0.16363636363636366,0.0,-0.7636363636363637
2021-07-15,0.2727272727272727,-0.4909090909090909,0.6666666666666666,0.19090909090909092,0.0,-0.7545454545454545,0.6666666666666666,0.3181818181818182,0.0,0.24545454545454545,0.0,-0.5363636363636364
2021-07-16,0.2727272727272727,-0.790909090909091,0.0,-0.3545454545454546,0.0,-0.5,0.6666666666666666,0.14545454545454548,0.0,-0.4000000000000001,0.0,-0.6363636363636364
2021-07-19,0.2727272727272727,-0.5,0.0,-0.26363636363636367,0.0,-0.6363636363636364,0.3333333333333333,0.1272727272727273,0.0,-0.6272727272727273,0.3333333333333333,-0.23636363636363636
2021-07-20,0.2727272727272727,-0.5181818181818182,0.3333333333333333,-0.08181818181818183,0.0,-0.8545454545454546,0.6666666666666666,0.3454545454545455,0.0,-0.3090909090909091,0.3333333333333333,-0.5090909090909091
2021-07-21,0.2727272727272727,0.07272727272727274,0.6666666666666666,0.20000000000000004,0.0,-0.44545454545454555,0.6666666666666666,0.41818181818181827,0.3333333333333333,-0.06363636363636364,0.0,-0.5272727272727273
2021-07-22,0.2727272727272727,-0.17272727272727276,0.0,-0.15454545454545454,0.3333333333333333,-0.43636363636363645,0.0,0.009090909090909092,0.0,-0.45454545454545453,0.0,-0.5181818181818182
2021-07-23,0.2727272727272727,-0.4272727272727273,0.3333333333333333,-0.07272727272727274,0.0,-0.46363636363636374,0.0,0.02727272727272728,0.3333333333333333,-0.14545454545454548,0.0,-0.5727272727272729
2021-07-26,0.2727272727272727,-0.22727272727272727,0.3333333333333333,-0.14545454545454548,0.0,-0.39090909090909093,0.0,-0.4090909090909091,0.3333333333333333,-0.1272727272727273,0.3333333333333333,-0.20909090909090913
2021-07-27,0.2727272727272727,-0.7181818181818183,0.3333333333333333,-0.13636363636363638,0.0,-0.7636363636363637,0.3333333333333333,-0.33636363636363636,0.0,-0.5272727272727273,0.0,-0.5090909090909091
2021-07-28,0.2727272727272727,-0.5181818181818182,0.0,-0.11818181818181818,0.0,-0.48181818181818187,0.3333333333333333,-0.20909090909090913,0.3333333333333333,-0.10909090909090911,0.0,-0.3090909090909091
2021-07-29,0.2727272727272727,-0.41818181818181827,0.0,0.21412356236175645,0.0,-0.6090909090909091,0.0,0.05454545454545456,0.0,-0.36363636363636365,0.0,-0.6636363636363638
2021-07-30,0.2727272727272727,-0.4272727272727273,0.3333333333333333,-0.10022805046720515,0.0,-0.8272727272727273,0.6666666666666666,-0.009090909090909092,0.0,-0.5727272727272729,0.0,-0.9727272727272729
2021-08-02,0.2727272727272727,-0.7272727272727273,0.0,-0.10933969141876927,0.0,-0.6727272727272727,0.3333333333333333,-0.03636363636363637,0.0,-0.5727272727272729,0.0,-0.8181818181818182
2021-08-03,0.2727272727272727,-0.7363636363636363,0.0,-0.03636363636363637,0.0,-0.7363636363636363,0.0,-0.24545454545454545,0.0,-0.6636363636363638,0.0,-0.8727272727272729
2021-08-04,0.2727272727272727,-0.4727272727272727,0.0,0.16363636363636366,0.0,-0.6363636363636364,0.3333333333333333,-0.38181818181818183,0.0,-0.5272727272727273,0.0,-0.8000000000000002
2021-08-05,0.2727272727272727,-0.7727272727272727,0.3333333333333333,-0.1272727272727273,0.0,-0.5,0.0,-0.5272727272727273,0.0,-0.690909090909091,0.0,-0.7272727272727273
2021-08-06,0.2727272727272727,-0.2687934080711411,0.0,0.17272727272727276,0.0,-0.881818181818182,0.3333333333333333,-0.18181818181818182,0.0,-0.4727272727272727,0.0,-0.9454545454545454
2021-08-09,0.2727272727272727,-0.4909090909090909,0.3333333333333333,-0.27272727272727276,0.0,-0.7818181818181819,0.0,-0.6545454545454547,0.0,-0.7181818181818183,0.0,-0.8272727272727273
2021-08-10,0.2727272727272727,-0.5818181818181819,0.6666666666666666,-0.02727272727272728,0.0,-0.6636363636363638,0.0,-0.30000000000000004,0.0,-0.7636363636363637,0.0,-0.8454545454545455
2021-08-11,0.2727272727272727,-0.7090909090909092,0.0,-0.29090909090909095,0.0,-0.6363636363636364,0.3333333333333333,-0.21818181818181823,0.0,-0.5818181818181819,0.0,-0.6454545454545455
2021-08-12,0.2727272727272727,-0.29090909090909095,0.0,-0.3727272727272728,0.0,-0.6636363636363638,0.3333333333333333,-0.1272727272727273,0.0,-0.6363636363636364,0.0,-0.6000000000000001
2021-08-13,0.2727272727272727,-0.4090909090909091,0.3333333333333333,-0.15454545454545454,0.0,-0.5181818181818182,0.3333333333333333,-0.10909090909090911,0.0,-0.7818181818181819,0.0,-0.44545454545454555
2021-08-16,0.2727272727272727,-0.3454545454545455,0.0,-0.009174698042719672,0.0,-0.36363636363636365,0.3333333333333333,-0.045454545454545456,0.0,-0.8090909090909091,0.0,-0.5454545454545455
2021-08-17,0.2727272727272727,-0.24545454545454545,0.3333333333333333,0.26363636363636367,0.3333333333333333,0.1272727272727273,0.3333333333333333,-0.07272727272727274,0.0,-0.690909090909091,0.0,-0.5727272727272729
2021-08-18,0.2727272727272727,-0.4090909090909091,0.6666666666666666,0.3272727272727273,0.3333333333333333,-0.3727272727272728,0.3333333333333333,-0.10000000000000002,0.3333333333333333,-0.27272727272727276,0.0,-0.6818181818181819
2021-08-19,0.2727272727272727,-0.43636363636363645,0.3333333333333333,0.3272727272727273,0.3333333333333333,-0.4909090909090909,0.3333333333333333,0.03636363636363637,0.3333333333333333,-0.3727272727272728,0.0,-0.7090909090909092
2021-08-20,0.2727272727272727,-0.4727272727272727,0.6666666666666666,0.03636363636363637,0.0,-0.6363636363636364,0.3333333333333333,-0.16363636363636366,0.3333333333333333,-0.6090909090909091,0.0,-0.45454545454545453
2021-08-23,0.2727272727272727,-0.5909090909090909,0.3333333333333333,0.3090909090909091,0.0,-0.6818181818181819,0.3333333333333333,-0.045454545454545456,0.0,-0.5636363636363637,0.0,-0.39090909090909093
2021-08-24,0.2727272727272727,-0.45454545454545453,0.3333333333333333,0.48181818181818187,0.0,-0.5,0.0,-0.06363636363636364,0.3333333333333333,-0.33636363636363636,0.3333333333333333,-0.29090909090909095
2021-08-25,0.2727272727272727,-0.35990981758678214,1.0,0.8200476856407694,0.0,-0.44647040662664117,0.3333333333333333,0.1913444599828462,0.0,-0.3280190742563078,0.0,-0.350798176635218
2021-08-26,0.2727272727272727,-0.6788172508915258,1.0,0.7471545580282566,0.0,-0.43636363636363645,0.3333333333333333,0.02727272727272728,0.0,-0.5,0.0,-0.16363636363636366
2021-08-27,0.2727272727272727,-0.5909090909090909,1.0,0.8382709675438977,0.6666666666666666,-0.009090909090909092,0.3333333333333333,-0.018181818181818184,0.3333333333333333,-0.38181818181818183,0.6666666666666666,-0.009090909090909092
2021-08-30,0.2727272727272727,-0.605924123279013,0.3333333333333333,0.22374429223744294,0.3333333333333333,0.19590028045862823,0.3333333333333333,0.14123043474924363,0.3333333333333333,-0.4510262271024232,0.3333333333333333,-0.10022805046720515
2021-08-31,0.2727272727272727,-0.6636363636363638,0.6666666666666666,0.1272727272727273,0.3333333333333333,-0.02727272727272728,0.3333333333333333,-0.06363636363636364,0.3333333333333333,-0.3272727272727273,0.3333333333333333,-0.08181818181818183
2021-09-01,0.2727272727272727,-0.8636363636363636,0.3333333333333333,-0.018181818181818184,0.0,-0.20909090909090913,0.0,-0.10000000000000002,0.0,-0.19090909090909092,0.3333333333333333,-0.17272727272727276
2021-09-02,0.2727272727272727,-0.2323468442648847,0.3333333333333333,0.20319634703196346,0.3333333333333333,0.4601378680539873,0.0,0.004555820475782052,0.0,0.004555820475782052,0.3333333333333333,0.02277910237891026
2021-09-03,0.2727272727272727,-0.39090909090909093,0.3333333333333333,0.004555820475782052,0.3333333333333333,-0.10000000000000002,0.0,-0.11818181818181818,0.0,-0.6454545454545455,0.3333333333333333,-0.018181818181818184
2021-09-07,0.2727272727272727,-0.4373587656750771,0.3333333333333333,0.13957263155977062,0.3333333333333333,-0.14545454545454548,0.3333333333333333,-0.27272727272727276,0.3333333333333333,-0.21818181818181823,0.3333333333333333,-0.15454545454545454
2021-09-08,0.2727272727272727,-0.23636363636363636,0.3333333333333333,0.4009122018688206,0.3333333333333333,-0.30000000000000004,0.3333333333333333,-0.09090909090909091,0.0,-0.6363636363636364,0.3333333333333333,-0.16363636363636366
2021-09-09,0.2727272727272727,-0.19090909090909092,0.0,0.19090909090909092,0.3333333333333333,-0.30000000000000004,0.3333333333333333,0.21818181818181823,0.3333333333333333,-0.5272727272727273,0.3333333333333333,-0.21818181818181823
2021-09-10,0.2727272727272727,-0.4272727272727273,0.0,0.3599098175867821,0.3333333333333333,-0.43636363636363645,0.3333333333333333,-0.10909090909090911,0.3333333333333333,-0.15034207570080774,0.3333333333333333,-0.33636363636363636
2021-09-13,0.2727272727272727,-0.29157251045005134,0.3333333333333333,0.3545454545454546,0.3333333333333333,-0.45454545454545453,0.3333333333333333,-0.15454545454545454,0.3333333333333333,-0.14545454545454548,0.3333333333333333,-0.22727272727272727
2021-09-14,0.2727272727272727,-0.30523997187739754,0.3333333333333333,0.28181818181818186,0.3333333333333333,-0.4090909090909091,0.6666666666666666,0.5,0.3333333333333333,-0.17272727272727276,0.3333333333333333,-0.23636363636363636
2021-09-15,0.2727272727272727,-0.3280190742563077,0.6666666666666666,0.5968124823274489,0.3333333333333333,-0.2545454545454546,0.3333333333333333,0.28181818181818186,0.3333333333333333,-0.20000000000000004,0.3333333333333333,-0.19090909090909092
2021-09-16,0.2727272727272727,-0.14578625522502567,0.3333333333333333,0.3234632537805257,0.3333333333333333,-0.14545454545454548,0.6666666666666666,0.30000000000000004,0.3333333333333333,-0.09090909090909091,0.3333333333333333,0.018181818181818184
2021-09-17,0.2727272727272727,-0.26423758759535904,0.3333333333333333,0.12756297332189748,0.3333333333333333,-0.23636363636363636,0.6666666666666666,0.28181818181818186,0.3333333333333333,-0.27272727272727276,0.3333333333333333,0.20909090909090913
2021-09-20,0.2727272727272727,-0.3416865356836539,0.0,-0.3735772790141283,0.3333333333333333,-0.2277910237891026,1.0,0.6788172508915258,0.3333333333333333,-0.3735772790141283,0.3333333333333333,0.10478387094298722
2021-09-21,0.2727272727272727,-0.3272727272727273,0.0,-0.26423758759535904,0.3333333333333333,-0.11818181818181818,1.0,0.7727272727272727,0.3333333333333333,-0.3272727272727273,0.3333333333333333,0.26363636363636367
2021-09-22,0.2727272727272727,-0.39090909090909093,0.0,-0.5056960728118078,0.3333333333333333,-0.2545454545454546,0.6666666666666666,0.6454545454545455,0.3333333333333333,-0.23636363636363636,0.3333333333333333,0.3727272727272728
2021-09-23,0.2727272727272727,-0.3599098175867821,0.0,-0.06363636363636364,0.3333333333333333,-0.10022805046720515,0.6666666666666666,0.6454545454545455,0.3333333333333333,-0.15454545454545454,0.3333333333333333,0.5272727272727273
2021-09-24,0.2727272727272727,-0.3090909090909091,0.3333333333333333,0.38181818181818183,0.3333333333333333,0.23636363636363636,1.0,0.8363636363636365,0.6666666666666666,0.02727272727272728,0.3333333333333333,0.5090909090909091
2021-09-27,0.2727272727272727,-0.3727272727272728,1.0,0.7339758434175736,0.3333333333333333,0.11818181818181818,1.0,0.8727272727272729,0.6666666666666666,0.1272727272727273,0.3333333333333333,0.5
2021-09-28,0.2727272727272727,-0.5727272727272729,0.6666666666666666,0.34168653568365387,0.3333333333333333,0.050114025233602574,0.6666666666666666,0.6090909090909091,0.3333333333333333,0.11818181818181818,0.3333333333333333,0.30000000000000004
2021-09-29,0.2727272727272727,-0.6363636363636364,0.6666666666666666,-0.06363636363636364,0.3333333333333333,-0.21818181818181823,0.6666666666666666,0.03636363636363637,0.3333333333333333,-0.39090909090909093,0.3333333333333333,-0.018181818181818184
2021-09-30,0.2727272727272727,-0.7636363636363637,0.0,-0.3486385256233475,0.0,-0.24545454545454545,0.0,-0.33636363636363636,0.0,-0.6181818181818182,0.0,-0.07272727272727274
2021-10-01,0.2727272727272727,-0.5181818181818182,0.3333333333333333,-0.24601430569223082,0.3333333333333333,-0.3872447404414744,0.3333333333333333,-0.20000000000000004,0.0,-0.28181818181818186,0.3333333333333333,-0.09090909090909091
2021-10-04,0.2727272727272727,-0.8337151470681156,0.3333333333333333,-0.33636363636363636,0.0,-0.6454545454545455,0.3333333333333333,-0.39090909090909093,0.3333333333333333,-0.3545454545454546,0.3333333333333333,-0.15454545454545454
2021-10-05,0.2727272727272727,-0.7881569423102951,0.3333333333333333,-0.44545454545454555,0.0,-0.5454545454545455,0.0,-0.4909090909090909,0.0,-0.22727272727272727,0.3333333333333333,-0.2545454545454546
2021-10-06,0.2727272727272727,-0.7727272727272727,0.0,-0.7545454545454545,0.0,-0.6181818181818182,0.0,-0.7545454545454545,0.3333333333333333,-0.3090909090909091,0.0,-0.4727272727272727
2021-10-07,0.2727272727272727,-0.6000000000000001,0.0,-0.6272727272727273,0.0,-0.6090909090909091,0.0,-0.881818181818182,0.0,-0.4909090909090909,0.0,-0.5727272727272729
2021-10-08,0.2727272727272727,-0.5454545454545455,0.0,-0.7454545454545456,0.0,-0.6454545454545455,0.0,-0.9727272727272729,0.0,-0.8272727272727273,0.0,-0.7090909090909092
2021-10-11,0.2727272727272727,-0.6363636363636364,0.0,-0.06833730713673078,0.0,-0.5363636363636364,0.0,-0.8909090909090911,0.0,-0.6545454545454547,0.0,-0.6272727272727273
2021-10-12,0.2727272727272727,-0.6636363636363638,0.0,-0.09090909090909091,0.0,-0.5636363636363637,0.0,-0.8090909090909091,0.0,-0.7181818181818183,0.0,-0.5363636363636364
2021-10-13,0.2727272727272727,-0.39090909090909093,0.0,0.05454545454545456,0.0,-0.45454545454545453,0.0,-0.7363636363636363,0.0,-0.690909090909091,0.0,-0.5454545454545455
2021-10-14,0.2727272727272727,-0.5545454545454546,0.0,0.07289312761251283,0.0,-0.39090909090909093,0.3333333333333333,-0.3090909090909091,0.0,-0.22727272727272727,0.0,-0.36363636363636365
2021-10-15,0.2727272727272727,-0.3727272727272728,0.0,-0.19090909090909092,0.0,-0.6454545454545455,0.3333333333333333,-0.6272727272727273,0.0,-0.4727272727272727,0.0,-0.6181818181818182
2021-10-18,0.2727272727272727,-0.5909090909090909,0.3333333333333333,0.22727272727272727,0.0,-0.5193635342391539,0.0,-0.5818181818181819,0.0,-0.5,0.0,-0.6727272727272727
2021-10-19,0.2727272727272727,-0.5727272727272729,0.3333333333333333,0.21818181818181823,0.0,-0.6181818181818182,0.0,-0.6727272727272727,0.0,-0.48181818181818187,0.0,-0.6636363636363638
2021-10-20,0.2727272727272727,-0.5636363636363637,0.3333333333333333,-0.05454545454545456,0.0,-0.690909090909091,0.0,-0.8272727272727273,0.0,-0.5636363636363637,0.0,-0.7090909090909092
2021-10-21,0.2727272727272727,-0.5454545454545455,0.6666666666666666,0.22727272727272727,0.0,-0.8000000000000002,0.3333333333333333,-0.6454545454545455,0.0,-0.30000000000000004,0.0,-0.6818181818181819
2021-10-22,0.2727272727272727,-0.7181818181818183,0.0,0.15454545454545454,0.0,-0.8454545454545455,0.3333333333333333,-0.6272727272727273,0.0,-0.43636363636363645,0.0,-0.6818181818181819
2021-10-25,0.2727272727272727,-0.5727272727272729,0.0,-0.3545454545454546,0.0,-0.7454545454545456,0.3333333333333333,-0.29090909090909095,0.0,-0.5636363636363637,0.0,-0.6636363636363638
2021-10-26,0.2727272727272727,-0.7272727272727273,0.0,-0.009090909090909092,0.0,-0.5636363636363637,0.3333333333333333,-0.36363636363636365,0.0,-0.5545454545454546,0.0,-0.6636363636363638
2021-10-27,0.2727272727272727,-0.8636363636363636,0.6666666666666666,0.4909090909090909,0.0,-0.44545454545454555,0.3333333333333333,-0.24545454545454545,0.0,-0.38181818181818183,0.0,-0.43636363636363645
2021-10-28,0.2727272727272727,-0.5636363636363637,0.6666666666666666,0.41818181818181827,0.3333333333333333,0.08181818181818183,0.3333333333333333,-0.3545454545454546,0.3333333333333333,0.11818181818181818,0.0,-0.46363636363636374
2021-10-29,0.2727272727272727,-0.4727272727272727,0.0,0.23636363636363636,0.3333333333333333,0.09090909090909091,0.3333333333333333,-0.27272727272727276,0.0,0.23636363636363636,0.3333333333333333,-0.13636363636363638
2021-11-01,0.2727272727272727,-0.4272727272727273,0.3333333333333333,0.4000000000000001,0.0,-0.16363636363636366,0.3333333333333333,-0.38181818181818183,0.3333333333333333,0.10000000000000002,0.0,-0.36363636363636365
2021-11-02,0.2727272727272727,-0.5909090909090909,0.0,0.13762047064079508,0.0,-0.2545454545454546,0.3333333333333333,-0.3545454545454546,0.0,0.018181818181818184,0.3333333333333333,-0.21818181818181823
2021-11-03,0.2727272727272727,-0.7000000000000001,0.3333333333333333,0.6330541649476574,0.0,-0.02727272727272728,0.0,-0.18181818181818182,0.3333333333333333,0.18181818181818182,0.3333333333333333,-0.29090909090909095
2021-11-04,0.2727272727272727,-0.8337151470681156,0.3333333333333333,0.4692495090055514,0.0,-0.11818181818181818,0.3333333333333333,0.05454545454545456,0.0,0.19090909090909092,0.0,-0.3727272727272728
2021-11-05,0.2727272727272727,-0.9454545454545454,0.0,0.33636363636363636,0.3333333333333333,0.045454545454545456,0.0,-0.14545454545454548,0.3333333333333333,0.4909090909090909,0.0,-0.5818181818181819
2021-11-08,0.2727272727272727,-0.5363636363636364,0.0,0.39090909090909093,0.0,0.21818181818181823,0.0,0.018181818181818184,0.0,0.009090909090909092,0.0,-0.5
2021-11-09,0.2727272727272727,-0.7090909090909092,0.0,0.45454545454545453,0.0,0.28181818181818186,0.0,-0.17272727272727276,0.3333333333333333,0.05454545454545456,0.0,-0.43636363636363645
2021-11-10,0.2727272727272727,-0.5909090909090909,0.0,0.38181818181818183,0.0,-0.009090909090909092,0.0,-0.24545454545454545,0.3333333333333333,0.26363636363636367,0.0,-0.4909090909090909
2021-11-11,0.2727272727272727,-0.48181818181818187,0.3333333333333333,0.3545454545454546,0.3333333333333333,0.33636363636363636,0.0,-0.03636363636363637,0.0,0.29090909090909095,0.0,-0.20909090909090913
2021-11-12,0.2727272727272727,-0.7636363636363637,0.3333333333333333,0.18181818181818182,0.0,-0.05454545454545456,0.0,-0.30000000000000004,0.0,-0.08181818181818183,0.0,-0.5363636363636364
2021-11-15,0.2727272727272727,-0.881818181818182,0.6666666666666666,0.39090909090909093,0.0,-0.2545454545454546,0.0,-0.18181818181818182,0.3333333333333333,0.08181818181818183,0.0,-0.6363636363636364
2021-11-16,0.2727272727272727,-0.8545454545454546,0.3333333333333333,0.05454545454545456,0.0,-0.3181818181818182,0.0,-0.20000000000000004,0.0,-0.3454545454545455,0.0,-0.7272727272727273
2021-11-17,0.2727272727272727,-0.790909090909091,0.3333333333333333,0.20000000000000004,0.0,-0.3727272727272728,0.0,-0.27272727272727276,0.0,-0.16400953712815386,0.0,-0.6272727272727273
2021-11-18,0.2727272727272727,-0.6363636363636364,0.3333333333333333,-0.04555820475782052,0.0,-0.30000000000000004,0.3333333333333333,-0.045454545454545456,0.0,-0.3181818181818182,0.0,-0.4727272727272727
2021-11-19,0.2727272727272727,-0.7181818181818183,0.6666666666666666,0.06363636363636364,0.0,-0.30000000000000004,0.3333333333333333,-0.15454545454545454,0.3333333333333333,-0.10909090909090911,0.0,-0.4909090909090909
2021-11-22,0.2727272727272727,-0.5909090909090909,0.3333333333333333,0.24545454545454545,0.0,-0.30000000000000004,0.0,-0.20000000000000004,0.3333333333333333,-0.19090909090909092,0.0,-0.4909090909090909
2021-11-23,0.2727272727272727,-0.7881569423102951,0.0,-0.3090909090909091,0.0,-0.36363636363636365,0.0,-0.3272727272727273,0.0,-0.46363636363636374,0.0,-0.5363636363636364
2021-11-24,0.2727272727272727,-0.4909090909090909,0.0,-0.20909090909090913,0.0,-0.45454545454545453,0.0,-0.30000000000000004,0.6666666666666666,-0.15454545454545454,0.0,-0.3454545454545455
2021-11-26,0.2727272727272727,-0.6181818181818182,0.0,0.17272727272727276,0.0,-0.5545454545454546,0.0,-0.18181818181818182,0.3333333333333333,-0.26363636363636367,0.0,-0.48181818181818187
2021-11-29,0.2727272727272727,-0.5,0.6666666666666666,0.6000000000000001,0.0,-0.5272727272727273,0.3333333333333333,0.08181818181818183,0.6666666666666666,0.03636363636363637,0.0,-0.45454545454545453
2021-11-30,0.2727272727272727,-0.8090909090909091,0.3333333333333333,0.11818181818181818,0.3333333333333333,-0.5636363636363637,0.3333333333333333,0.3090909090909091,0.3333333333333333,-0.21818181818181823,0.0,-0.5
2021-12-01,0.2727272727272727,-0.7636363636363637,0.6666666666666666,0.4555820475782052,0.0,-0.4909090909090909,0.3333333333333333,0.43636363636363645,0.3333333333333333,-0.14545454545454548,0.3333333333333333,-0.29090909090909095
2021-12-02,0.2727272727272727,-0.5727272727272729,0.6666666666666666,0.11818181818181818,0.3333333333333333,-0.20909090909090913,0.3333333333333333,0.5636363636363637,0.6666666666666666,0.05454545454545456,0.3333333333333333,-0.19090909090909092
2021-12-03,0.2727272727272727,-0.5636363636363637,0.3333333333333333,-0.20909090909090913,0.0,-0.4909090909090909,0.3333333333333333,0.33636363636363636,0.3333333333333333,-0.33636363636363636,0.3333333333333333,-0.3454545454545455
2021-12-06,0.2727272727272727,-0.8727272727272729,0.0,-0.4090909090909091,0.0,-0.790909090909091,0.3333333333333333,-0.20000000000000004,0.0,-0.8181818181818182,0.0,-0.6454545454545455
2021-12-07,0.2727272727272727,-0.4000000000000001,0.6666666666666666,0.7363636363636363,0.3333333333333333,-0.009090909090909092,0.3333333333333333,-0.045454545454545456,0.3333333333333333,-0.16363636363636366,0.6666666666666666,0.10000000000000002
2021-12-08,0.2727272727272727,-0.9090909090909091,0.6666666666666666,0.3090909090909091,0.0,-0.6636363636363638,0.0,-0.27272727272727276,0.3333333333333333,-0.46363636363636374,0.0,-0.5363636363636364
2021-12-09,0.2727272727272727,-0.6636363636363638,0.6666666666666666,0.39090909090909093,0.0,-0.30000000000000004,0.0,-0.4272727272727273,0.0,-0.36363636363636365,0.0,-0.6090909090909091
2021-12-10,0.2727272727272727,-0.7454545454545456,0.6666666666666666,0.48181818181818187,0.0,-0.41818181818181827,0.0,-0.44545454545454555,0.0,-0.3454545454545455,0.0,-0.48181818181818187
2021-12-13,0.2727272727272727,-0.9272727272727275,0.3333333333333333,-0.15454545454545454,0.0,-0.6181818181818182,0.0,-0.7454545454545456,0.0,-0.7727272727272727,0.0,-0.7818181818181819
2021-12-14,0.2727272727272727,-0.9181818181818183,0.0,-0.38181818181818183,0.0,-0.5272727272727273,0.0,-0.7090909090909092,0.0,-0.7000000000000001,0.0,-0.6000000000000001
2021-12-15,0.2727272727272727,-0.9636363636363637,0.0,-0.43636363636363645,0.0,-0.5454545454545455,0.0,-0.6818181818181819,0.0,-0.8363636363636365,0.0,-0.5181818181818182
2021-12-16,0.2727272727272727,-0.9636363636363637,0.0,-0.5727272727272729,0.0,-0.6454545454545455,0.0,-0.7272727272727273,0.0,-0.7181818181818183,0.0,-0.5363636363636364
2021-12-17,0.2727272727272727,-0.9090909090909091,0.0,-0.5454545454545455,0.0,-0.7272727272727273,0.0,-0.690909090909091,0.0,-0.8363636363636365,0.0,-0.5272727272727273
2021-12-20,0.2727272727272727,-0.690909090909091,0.0,-0.29090909090909095,0.0,-0.6090909090909091,0.0,-0.5909090909090909,0.0,-0.8727272727272729,0.0,-0.5363636363636364
2021-12-21,0.2727272727272727,-0.8090909090909091,0.0,0.03636363636363637,0.0,-0.5909090909090909,0.0,-0.6454545454545455,0.0,-0.7636363636363637,0.0,-0.4909090909090909
2021-12-22,0.2727272727272727,-0.790909090909091,0.0,-0.29090909090909095,0.0,-0.5727272727272729,0.3333333333333333,-0.5363636363636364,0.0,-0.5818181818181819,0.0,-0.13636363636363638
2021-12-23,0.2727272727272727,-0.8519384289712437,0.0,-0.20909090909090913,0.0,-0.6272727272727273,0.3333333333333333,-0.5272727272727273,0.0,-0.5636363636363637,0.0,-0.29090909090909095
2021-12-27,0.2727272727272727,-0.9430548384868849,0.6666666666666666,0.523919354714936,0.0,-0.5,0.0,-0.8000000000000002,0.3333333333333333,0.23636363636363636,0.0,-0.20909090909090913
2021-12-28,0.2727272727272727,-0.9090909090909091,0.0,0.04555820475782052,0.0,-0.6000000000000001,0.0,-0.8000000000000002,0.3333333333333333,0.36363636363636365,0.0,-0.3545454545454546
2021-12-29,0.2727272727272727,-0.7636363636363637,0.3333333333333333,0.15454545454545454,0.0,-0.39090909090909093,0.0,-0.6818181818181819,0.0,0.0,0.0,-0.5636363636363637
2021-12-30,0.2727272727272727,-0.8636363636363636,0.0,-0.18181818181818182,0.0,-0.33636363636363636,0.0,-0.7545454545454545,0.0,-0.5363636363636364,0.0,-0.39090909090909093
2021-12-31,0.2727272727272727,-0.9545454545454546,0.0,-0.16363636363636366,0.0,-0.5,0.0,-0.6545454545454547,0.0,-0.6181818181818182,0.0,-0.26363636363636367
2022-01-03,0.2727272727272727,-0.7090909090909092,0.0,-0.02277910237891026,0.3333333333333333,-0.20909090909090913,0.0,-0.7818181818181819,0.3333333333333333,0.14545454545454548,0.0,-0.33636363636363636
2022-01-04,0.2727272727272727,-0.21818181818181823,0.6666666666666666,0.5545454545454546,0.3333333333333333,0.3090909090909091,0.0,-0.6363636363636364,0.3333333333333333,0.29090909090909095,0.0,-0.26363636363636367
2022-01-05,0.2727272727272727,-0.38181818181818183,1.0,0.5818181818181819,0.3333333333333333,0.09090909090909091,0.3333333333333333,-0.19090909090909092,0.3333333333333333,0.2733492285469231,0.3333333333333333,-0.33636363636363636
2022-01-06,0.2727272727272727,0.045454545454545456,0.6666666666666666,0.44545454545454555,0.6666666666666666,0.2545454545454546,0.3333333333333333,-0.3272727272727273,0.3333333333333333,-0.10000000000000002,0.3333333333333333,0.06363636363636364
2022-01-07,0.2727272727272727,-0.05454545454545456,0.3333333333333333,0.1272727272727273,0.3333333333333333,0.09090909090909091,0.3333333333333333,-0.06363636363636364,0.3333333333333333,-0.28181818181818186,0.6666666666666666,0.29090909090909095
2022-01-10,0.2727272727272727,0.009090909090909092,0.3333333333333333,-0.06363636363636364,0.3333333333333333,0.0,0.3333333333333333,-0.23636363636363636,0.3333333333333333,-0.33636363636363636,0.6666666666666666,0.13636363636363638
2022-01-11,0.2727272727272727,-0.4909090909090909,0.3333333333333333,-0.28181818181818186,0.3333333333333333,0.0,0.0,-0.6090909090909091,0.0,-0.5272727272727273,0.3333333333333333,-0.3090909090909091
2022-01-12,0.2727272727272727,-0.4090909090909091,0.3333333333333333,-0.07272727272727274,0.0,-0.10000000000000002,0.0,-0.7272727272727273,0.0,-0.6818181818181819,0.3333333333333333,-0.27272727272727276
2022-01-13,0.2727272727272727,-0.009111640951564104,0.6666666666666666,0.2870166899742693,0.6666666666666666,0.2277910237891026,0.3333333333333333,0.13211879379767952,0.3333333333333333,-0.18223281903128208,0.6666666666666666,0.14123043474924363
2022-01-14,0.2727272727272727,-0.4272727272727273,0.3333333333333333,0.4692495090055514,0.0,-0.3454545454545455,0.0,-0.5818181818181819,0.0,-0.7090909090909092,0.0,-0.4727272727272727
2022-01-18,0.2727272727272727,-0.39090909090909093,0.3333333333333333,0.5,0.0,-0.29090909090909095,0.0,-0.8181818181818182,0.0,-0.690909090909091,0.3333333333333333,-0.30000000000000004
2022-01-19,0.2727272727272727,-0.4054680223446026,0.0,0.4692495090055514,0.0,-0.3143516128289616,0.0,-0.8291593265923334,0.0,-0.4646936885297694,0.3333333333333333,-0.24145848521644878
2022-01-20,0.2727272727272727,-0.16363636363636366,0.6666666666666666,0.690909090909091,0.0,-0.3545454545454546,0.0,-0.5090909090909091,0.3333333333333333,-0.10000000000000002,0.0,-0.3727272727272728
2022-01-21,0.2727272727272727,-0.46363636363636374,0.3333333333333333,0.6363636363636364,0.0,-0.46363636363636374,0.0,-0.5090909090909091,0.3333333333333333,-0.19090909090909092,0.0,-0.3272727272727273
2022-01-24,0.2727272727272727,-0.41818181818181827,0.6666666666666666,0.6000000000000001,0.0,-0.5181818181818182,0.3333333333333333,-0.24545454545454545,0.3333333333333333,-0.30000000000000004,0.0,-0.15454545454545454
2022-01-25,0.2727272727272727,-0.3090909090909091,1.0,0.9272727272727275,0.0,-0.5181818181818182,0.3333333333333333,-0.4090909090909091,0.3333333333333333,-0.05454545454545456,0.0,-0.43636363636363645
2022-01-26,0.2727272727272727,-0.38181818181818183,0.6666666666666666,0.5727272727272729,0.0,-0.5727272727272729,0.3333333333333333,-0.06363636363636364,0.3333333333333333,-0.33636363636363636,0.3333333333333333,-0.26363636363636367
2022-01-27,0.2727272727272727,-0.48181818181818187,0.3333333333333333,0.36363636363636365,0.0,-0.5272727272727273,0.3333333333333333,-0.13636363636363638,0.0,-0.5454545454545455,0.0,-0.30000000000000004
2022-01-28,0.2727272727272727,-0.39090909090909093,0.3333333333333333,0.8272727272727273,0.0,-0.43636363636363645,0.3333333333333333,-0.4272727272727273,0.0,-0.6636363636363638,0.3333333333333333,-0.30000000000000004
2022-01-31,0.2727272727272727,-0.3545454545454546,0.3333333333333333,0.11845133237033335,0.0,-0.45454545454545453,0.3333333333333333,-0.26363636363636367,0.0,-0.690909090909091,0.0,-0.5909090909090909
2022-02-01,0.2727272727272727,-0.3272727272727273,0.3333333333333333,0.4000000000000001,0.0,-0.44545454545454555,0.0,-0.4090909090909091,0.0,-0.3272727272727273,0.3333333333333333,-0.30000000000000004
2022-02-02,0.2727272727272727,-0.22323520331332056,0.3333333333333333,0.4000000000000001,0.0,-0.43636363636363645,0.0,-0.6727272727272727,0.0,-0.4272727272727273,0.0,-0.6727272727272727
2022-02-03,0.2727272727272727,-0.3181818181818182,0.3333333333333333,0.21818181818181823,0.0,-0.7272727272727273,0.0,-0.4272727272727273,0.0,-0.33636363636363636,0.0,-0.690909090909091
2022-02-04,0.2727272727272727,-0.33636363636363636,0.0,-0.02727272727272728,0.0,-0.3545454545454546,0.0,-0.30000000000000004,0.3333333333333333,-0.5363636363636364,0.0,-0.4272727272727273
2022-02-07,0.2727272727272727,-0.48181818181818187,0.3333333333333333,-0.17272727272727276,0.3333333333333333,-0.17272727272727276,0.0,-0.27272727272727276,0.0,-0.5454545454545455,0.0,-0.3454545454545455
2022-02-08,0.2727272727272727,0.02277910237891026,0.0,-0.6181818181818182,0.6666666666666666,0.3727272727272728,0.3333333333333333,0.19090909090909092,0.3333333333333333,-0.12300715284611541,0.3333333333333333,0.24545454545454545
2022-02-09,0.2727272727272727,-0.086560589039859,0.0,-0.8090909090909091,0.3333333333333333,-0.27272727272727276,0.6666666666666666,0.3090909090909091,0.0,-0.7000000000000001,0.6666666666666666,0.03636363636363637
2022-02-10,0.2727272727272727,-0.3143516128289616,0.0,-0.5454545454545455,0.0,-0.3090909090909091,0.0,0.045454545454545456,0.0,-0.5363636363636364,0.3333333333333333,-0.08181818181818183
2022-02-11,0.2727272727272727,-0.6423706870852693,0.3333333333333333,-0.02727272727272728,0.3333333333333333,-0.2779050490227052,0.0,-0.21818181818181823,0.3333333333333333,-0.6181818181818182,0.3333333333333333,-0.30000000000000004
2022-02-14,0.2727272727272727,-0.3735772790141283,0.3333333333333333,-0.5090909090909091,0.3333333333333333,-0.3545454545454546,0.0,0.27272727272727276,0.3333333333333333,-0.3454545454545455,0.3333333333333333,-0.33636363636363636
2022-02-15,0.2727272727272727,-0.4464704066266411,0.0,-0.7363636363636363,0.0,-0.6545454545454547,0.3333333333333333,0.20909090909090913,0.3333333333333333,-0.4090909090909091,0.3333333333333333,-0.2545454545454546
2022-02-16,0.2727272727272727,-0.4282471247235129,0.0,-0.08181818181818183,0.0,-0.7380429170766925,0.3333333333333333,0.3727272727272728,0.3333333333333333,-0.18181818181818182,0.0,-0.5
2022-02-17,0.2727272727272727,-0.43636363636363645,0.0,-0.16363636363636366,0.0,-0.7272727272727273,0.6666666666666666,0.3090909090909091,0.3333333333333333,-0.3090909090909091,0.0,-0.5454545454545455
2022-02-18,0.2727272727272727,-0.39090909090909093,0.3333333333333333,-0.19090909090909092,0.0,-0.44545454545454555,0.6666666666666666,0.7181818181818183,0.3333333333333333,-0.19090909090909092,0.0,-0.43636363636363645
2022-02-22,0.2727272727272727,-0.4965844318602437,0.3333333333333333,0.13636363636363638,0.0,-0.6181818181818182,0.0,0.2545454545454546,0.0,-0.6363636363636364,0.0,-0.6272727272727273
2022-02-23,0.2727272727272727,-0.4000000000000001,0.3333333333333333,-0.18181818181818182,0.0,-0.5454545454545455,0.3333333333333333,0.03636363636363637,0.3333333333333333,-0.5011402523360258,0.0,-0.6454545454545455
2022-02-24,0.2727272727272727,-0.20909090909090913,0.0,-0.6059241232790129,0.0,-0.5727272727272729,0.6666666666666666,0.8454545454545455,0.3333333333333333,-0.06363636363636364,0.0,-0.6000000000000001
2022-02-25,0.2727272727272727,-0.36446563806256416,0.0,-0.6090909090909091,0.0,-0.5181818181818182,0.6666666666666666,0.9,0.3333333333333333,0.5454545454545455,0.0,-0.6363636363636364
2022-02-28,0.2727272727272727,-0.3454545454545455,0.3333333333333333,-0.5363636363636364,0.0,-0.8000000000000002,0.3333333333333333,0.7181818181818183,0.6666666666666666,0.43636363636363645,0.0,-0.7636363636363637
2022-03-01,0.2727272727272727,-0.5181818181818182,0.0,-0.3272727272727273,0.0,-0.5636363636363637,0.3333333333333333,0.3181818181818182,0.6666666666666666,-0.009090909090909092,0.0,-0.7090909090909092
2022-03-02,0.2727272727272727,-0.46363636363636374,0.0,-0.27524094128159016,0.0,-0.5727272727272729,0.3333333333333333,0.6000000000000001,0.6666666666666666,0.5636363636363637,0.0,-0.7818181818181819
2022-03-03,0.2727272727272727,-0.4909090909090909,0.6666666666666666,0.08181818181818183,0.0,-0.5363636363636364,0.3333333333333333,0.4000000000000001,1.0,0.5818181818181819,0.0,-0.6090909090909091
2022-03-04,0.2727272727272727,-0.6090909090909091,0.3333333333333333,-0.22727272727272727,0.0,-0.33636363636363636,0.0,-0.36363636363636365,0.3333333333333333,-0.08181818181818183,0.3333333333333333,-0.19090909090909092
2022-03-07,0.2727272727272727,-0.7727272727272727,0.0,-0.15034207570080774,0.0,-0.3090909090909091,0.0,-0.8363636363636365,0.0,-0.8090909090909091,0.0,-0.24545454545454545
2022-03-08,0.2727272727272727,-0.7818181818181819,0.3333333333333333,0.18223281903128208,0.0,-0.3727272727272728,0.0,-0.7727272727272727,0.0,-0.8727272727272729,0.0,-0.46363636363636374
2022-03-09,0.2727272727272727,-0.6818181818181819,0.0,-0.004555820475782052,0.0,-0.8000000000000002,0.0,-0.7363636363636363,0.0,-0.5909090909090909,0.0,-0.4272727272727273
2022-03-10,0.2727272727272727,-0.7454545454545456,0.0,0.18181818181818182,0.0,-0.9,0.0,-0.8272727272727273,0.0,-0.7090909090909092,0.0,-0.7090909090909092
2022-03-11,0.2727272727272727,-0.7545454545454545,0.3333333333333333,0.18181818181818182,0.0,-0.7090909090909092,0.0,-0.690909090909091,0.0,-0.6818181818181819,0.0,-0.6454545454545455
2022-03-14,0.2727272727272727,-0.8363636363636365,0.0,0.41818181818181827,0.0,-0.30000000000000004,0.0,-0.7727272727272727,0.0,-0.8272727272727273,0.0,-0.8181818181818182
2022-03-15,0.2727272727272727,-0.8272727272727273,0.3333333333333333,0.43636363636363645,0.0,-0.8909090909090911,0.0,-0.7545454545454545,0.0,-0.8090909090909091,0.0,-0.8000000000000002
2022-03-16,0.2727272727272727,-0.7454545454545456,0.6666666666666666,0.6272727272727273,0.0,-0.9363636363636365,0.0,-0.7181818181818183,0.0,-0.5636363636363637,0.0,-0.8090909090909091
2022-03-17,0.2727272727272727,-0.6272727272727273,0.6666666666666666,0.7363636363636363,0.0,-0.8000000000000002,0.0,-0.8454545454545455,0.0,-0.6454545454545455,0.0,-0.7000000000000001
2022-03-18,0.2727272727272727,-0.11818181818181818,0.0,-0.28181818181818186,0.6666666666666666,0.1272727272727273,0.3333333333333333,-0.009090909090909092,0.3333333333333333,-0.6000000000000001,0.3333333333333333,0.20909090909090913
2022-03-21,0.2727272727272727,-0.13636363636363638,0.0,-0.09090909090909091,0.6666666666666666,-0.045454545454545456,0.3333333333333333,-0.20909090909090913,0.6666666666666666,-0.08181818181818183,0.6666666666666666,0.4090909090909091
2022-03-22,0.2727272727272727,-0.36446563806256416,0.0,-0.23636363636363636,0.6666666666666666,0.39090909090909093,0.3333333333333333,-0.5181818181818182,0.0,-0.5545454545454546,0.6666666666666666,0.5363636363636364
2022-03-23,0.2727272727272727,-0.6181818181818182,0.0,0.09090909090909091,0.3333333333333333,-0.09090909090909091,0.0,-0.6272727272727273,0.3333333333333333,-0.5363636363636364,0.3333333333333333,0.07272727272727274
2022-03-24,0.2727272727272727,-0.5454545454545455,0.0,0.14545454545454548,0.3333333333333333,-0.14545454545454548,0.0,-0.4909090909090909,0.0,-0.5636363636363637,0.3333333333333333,0.10909090909090911
2022-03-25,0.2727272727272727,-0.690909090909091,0.0,-0.28181818181818186,0.3333333333333333,-0.28181818181818186,0.0,-0.3272727272727273,0.3333333333333333,-0.30000000000000004,0.3333333333333333,-0.16363636363636366
2022-03-28,0.2727272727272727,-0.4727272727272727,0.0,0.23636363636363636,0.6666666666666666,0.07272727272727274,0.0,-0.20000000000000004,0.6666666666666666,0.23636363636363636,0.0,-0.3454545454545455
2022-03-29,0.2727272727272727,-0.6181818181818182,0.3333333333333333,0.3545454545454546,0.6666666666666666,-0.03636363636363637,0.0,-0.20000000000000004,0.6666666666666666,0.4090909090909091,0.0,-0.3272727272727273
2022-03-30,0.2727272727272727,-0.5727272727272729,0.6666666666666666,0.5181818181818182,0.0,0.13636363636363638,0.3333333333333333,-0.16363636363636366,0.3333333333333333,0.27272727272727276,0.0,0.13636363636363638
2022-03-31,0.2727272727272727,-0.46363636363636374,0.6666666666666666,0.6059241232790129,0.6666666666666666,0.1272727272727273,0.0,-0.2545454545454546,1.0,0.38181818181818183,0.0,-0.02727272727272728
2022-04-01,0.2727272727272727,-0.6727272727272727,0.3333333333333333,0.5454545454545455,0.3333333333333333,-0.14545454545454548,0.6666666666666666,0.06363636363636364,0.3333333333333333,-0.3272727272727273,0.0,-0.18181818181818182
2022-04-04,0.2727272727272727,-0.09090909090909091,0.0,-0.4909090909090909,0.0,-0.6636363636363638,0.0,-0.2545454545454546,0.3333333333333333,0.17272727272727276,0.3333333333333333,-0.21818181818181823
2022-04-05,0.2727272727272727,-0.14545454545454548,0.3333333333333333,-0.5363636363636364,0.0,-0.7363636363636363,0.0,-0.22727272727272727,0.6666666666666666,0.02727272727272728,0.3333333333333333,-0.28181818181818186
2022-04-06,0.2727272727272727,-0.03636363636363637,0.0,-0.7090909090909092,0.0,-0.7818181818181819,0.0,-0.3090909090909091,0.0,-0.15454545454545454,0.3333333333333333,-0.4727272727272727
2022-04-07,0.2727272727272727,-0.14545454545454548,0.0,-0.6195915847063591,0.0,-0.7272727272727273,0.3333333333333333,0.19090909090909092,0.3333333333333333,-0.018181818181818184,0.0,-0.3454545454545455
2022-04-08,0.2727272727272727,-0.24545454545454545,0.6666666666666666,-0.08181818181818183,0.6666666666666666,-0.26363636363636367,0.6666666666666666,0.4909090909090909,0.3333333333333333,-0.018181818181818184,0.3333333333333333,-0.3272727272727273
2022-04-11,0.2727272727272727,-0.6272727272727273,0.3333333333333333,-0.10909090909090911,0.3333333333333333,-0.44545454545454555,0.3333333333333333,0.33636363636363636,0.3333333333333333,0.02727272727272728,0.3333333333333333,-0.6545454545454547
2022-04-12,0.2727272727272727,-0.41818181818181827,0.3333333333333333,-0.19090909090909092,0.0,-0.5818181818181819,0.3333333333333333,0.20909090909090913,0.3333333333333333,0.48181818181818187,0.3333333333333333,-0.5636363636363637
2022-04-13,0.2727272727272727,-0.44545454545454555,0.0,-0.1272727272727273,0.0,-0.6000000000000001,0.3333333333333333,0.2545454545454546,0.3333333333333333,0.20000000000000004,0.3333333333333333,-0.5727272727272729
2022-04-14,0.2727272727272727,-0.46363636363636374,0.0,0.045454545454545456,0.0,-0.24545454545454545,0.6666666666666666,0.24545454545454545,0.6666666666666666,0.20909090909090913,0.3333333333333333,-0.23636363636363636
2022-04-18,0.2727272727272727,-0.8000000000000002,0.6666666666666666,0.8363636363636365,0.0,-0.6454545454545455,0.0,-0.23636363636363636,0.0,-0.6636363636363638,0.0,0.1272727272727273
2022-04-19,0.2727272727272727,-0.8545454545454546,0.6666666666666666,0.7090909090909092,0.0,-0.8272727272727273,0.0,-0.33636363636363636,0.0,-0.8181818181818182,0.0,-0.20909090909090913
2022-04-20,0.2727272727272727,-0.8727272727272729,0.6666666666666666,0.6818181818181819,0.0,-0.9090909090909091,0.3333333333333333,-0.08181818181818183,0.0,-0.8000000000000002,0.0,-0.6272727272727273
2022-04-21,0.2727272727272727,-0.9090909090909091,0.0,0.23636363636363636,0.0,-0.8363636363636365,0.3333333333333333,-0.045454545454545456,0.0,-0.9,0.0,-0.8454545454545455
2022-04-22,0.2727272727272727,-0.8454545454545455,0.0,0.05454545454545456,0.0,-0.6636363636363638,0.6666666666666666,0.03636363636363637,0.0,-0.9090909090909091,0.0,-0.8090909090909091
2022-04-25,0.2727272727272727,-0.8090909090909091,0.0,-0.28181818181818186,0.0,-0.881818181818182,0.6666666666666666,-0.03636363636363637,0.0,-0.9090909090909091,0.0,-0.5818181818181819
2022-04-26,0.2727272727272727,-0.6727272727272727,0.0,-0.28181818181818186,0.0,-0.9636363636363637,0.3333333333333333,-0.3454545454545455,0.0,-0.5727272727272729,0.0,-0.6454545454545455
2022-04-27,0.2727272727272727,-0.5727272727272729,0.0,-0.36363636363636365,0.0,-0.990909090909091,0.3333333333333333,-0.16363636363636366,0.0,-0.41818181818181827,0.0,-0.9090909090909091
2022-04-28,0.2727272727272727,-0.44545454545454555,0.3333333333333333,-0.08181818181818183,0.0,-0.8272727272727273,0.3333333333333333,-0.24545454545454545,0.0,-0.41818181818181827,0.0,-0.9363636363636365
2022-04-29,0.2727272727272727,-0.45454545454545453,0.6666666666666666,0.28181818181818186,0.0,-0.7454545454545456,0.3333333333333333,-0.3545454545454546,0.3333333333333333,-0.29090909090909095,0.0,-0.8272727272727273
2022-05-02,0.2727272727272727,-0.5545454545454546,0.6666666666666666,0.08181818181818183,0.0,-0.5454545454545455,0.3333333333333333,-0.20909090909090913,0.3333333333333333,-0.30000000000000004,0.0,-0.6181818181818182
2022-05-03,0.2727272727272727,-0.4727272727272727,0.3333333333333333,0.02727272727272728,0.3333333333333333,-0.5,0.3333333333333333,-0.14545454545454548,0.3333333333333333,-0.20909090909090913,0.0,-0.6090909090909091
2022-05-04,0.2727272727272727,-0.29090909090909095,0.6666666666666666,0.10000000000000002,0.3333333333333333,-0.4090909090909091,0.3333333333333333,-0.30000000000000004,0.3333333333333333,0.045454545454545456,0.0,-0.8090909090909091
2022-05-05,0.2727272727272727,-0.3090909090909091,0.6666666666666666,-0.03636363636363637,0.3333333333333333,-0.30000000000000004,0.0,-0.3545454545454546,0.3333333333333333,-0.2545454545454546,0.0,-0.8636363636363636
2022-05-06,0.2727272727272727,-0.8272727272727273,0.3333333333333333,0.13636363636363638,0.0,-0.9,0.0,-0.14545454545454548,0.0,-0.690909090909091,0.0,-0.6545454545454547
2022-05-09,0.2727272727272727,-0.7000000000000001,0.3333333333333333,-0.33257489473208984,0.0,-0.790909090909091,0.3333333333333333,0.11818181818181818,0.0,-0.5909090909090909,0.0,-0.5272727272727273
2022-05-10,0.2727272727272727,-0.6000000000000001,0.3333333333333333,-0.3181818181818182,0.0,-0.8727272727272729,0.0,-0.08181818181818183,0.3333333333333333,-0.4909090909090909,0.0,-0.43636363636363645
2022-05-11,0.2727272727272727,-0.5090909090909091,0.3333333333333333,-0.10000000000000002,0.0,-0.6818181818181819,0.0,-0.10000000000000002,0.3333333333333333,-0.5090909090909091,0.0,-0.24545454545454545
2022-05-12,0.2727272727272727,-0.41818181818181827,0.3333333333333333,-0.26363636363636367,0.0,-0.7818181818181819,0.0,-0.02727272727272728,0.3333333333333333,-0.09090909090909091,0.0,-0.15454545454545454
2022-05-13,0.2727272727272727,-0.4727272727272727,0.3333333333333333,-0.009090909090909092,0.0,-0.9272727272727275,0.0,0.10000000000000002,0.3333333333333333,-0.10000000000000002,0.0,-0.4909090909090909
2022-05-16,0.2727272727272727,-0.39090909090909093,0.6666666666666666,0.21818181818181823,0.0,-0.5818181818181819,0.0,-0.05454545454545456,0.3333333333333333,0.19090909090909092,0.0,-0.3090909090909091
2022-05-17,0.2727272727272727,-0.5272727272727273,0.6666666666666666,0.06363636363636364,0.0,-0.5363636363636364,0.0,-0.22727272727272727,0.3333333333333333,0.3181818181818182,0.0,-0.690909090909091
2022-05-18,0.2727272727272727,-0.6636363636363638,0.6666666666666666,0.43636363636363645,0.0,-0.20000000000000004,0.0,-0.18181818181818182,0.6666666666666666,0.29090909090909095,0.0,-0.4272727272727273
2022-05-19,0.2727272727272727,-0.33636363636363636,1.0,0.9090909090909091,0.6666666666666666,0.3090909090909091,0.3333333333333333,0.0,0.3333333333333333,-0.27272727272727276,0.3333333333333333,-0.15454545454545454
2022-05-20,0.2727272727272727,0.03644656380625642,0.3333333333333333,0.5272727272727273,0.3333333333333333,0.09090909090909091,0.6666666666666666,0.3272727272727273,0.3333333333333333,-0.4272727272727273,0.0,0.14545454545454548
2022-05-23,0.2727272727272727,-0.2414584852164488,0.0,0.23636363636363636,0.0,-0.6636363636363638,0.6666666666666666,0.6545454545454547,0.0,-0.6272727272727273,0.0,-0.5454545454545455
2022-05-24,0.2727272727272727,-0.36363636363636365,0.0,0.07272727272727274,0.0,-0.4090909090909091,0.6666666666666666,0.6454545454545455,0.0,-0.6454545454545455,0.3333333333333333,-0.09090909090909091
2022-05-25,0.2727272727272727,-0.4000000000000001,0.3333333333333333,0.22727272727272727,0.3333333333333333,-0.30000000000000004,0.6666666666666666,0.6363636363636364,0.0,-0.6818181818181819,0.6666666666666666,-0.03636363636363637
2022-05-26,0.2727272727272727,-0.3272727272727273,0.3333333333333333,0.3545454545454546,0.0,-0.44545454545454555,0.3333333333333333,0.48181818181818187,0.0,-0.6545454545454547,0.6666666666666666,-0.11818181818181818
2022-05-27,0.2727272727272727,-0.6090909090909091,0.6666666666666666,0.5181818181818182,0.0,-0.6000000000000001,0.6666666666666666,0.20000000000000004,0.0,-0.5818181818181819,0.3333333333333333,-0.5545454545454546
2022-05-31,0.2727272727272727,-0.4909090909090909,0.3333333333333333,0.3454545454545455,0.0,-0.5545454545454546,0.6666666666666666,0.5181818181818182,0.0,-0.690909090909091,0.0,-0.6181818181818182
2022-06-01,0.2727272727272727,-0.17272727272727276,0.0,0.4272727272727273,0.0,-0.4909090909090909,0.6666666666666666,0.15454545454545454,0.0,-0.7454545454545456,0.0,-0.5363636363636364
2022-06-02,0.2727272727272727,-0.5636363636363637,0.3333333333333333,0.5545454545454546,0.0,-0.36363636363636365,0.3333333333333333,0.24545454545454545,0.0,-0.9181818181818183,0.0,-0.24545454545454545
2022-06-03,0.2727272727272727,-0.4272727272727273,0.3333333333333333,0.5181818181818182,0.0,-0.3090909090909091,0.3333333333333333,0.14545454545454548,0.0,-0.8909090909090911,0.0,-0.18181818181818182
2022-06-06,0.2727272727272727,-0.5090909090909091,0.0,0.4000000000000001,0.3333333333333333,-0.06363636363636364,0.3333333333333333,0.3090909090909091,0.0,-0.6272727272727273,0.0,-0.45454545454545453
2022-06-07,0.2727272727272727,-0.4909090909090909,0.3333333333333333,0.3454545454545455,0.3333333333333333,-0.5,0.3333333333333333,0.045454545454545456,0.0,-0.7454545454545456,0.0,-0.3181818181818182
2022-06-08,0.2727272727272727,-0.4000000000000001,0.0,0.18181818181818182,0.3333333333333333,-0.5181818181818182,0.0,-0.13636363636363638,0.0,-0.5272727272727273,0.0,-0.5
2022-06-09,0.2727272727272727,-0.3181818181818182,0.3333333333333333,0.5466984570938462,0.3333333333333333,-0.4000000000000001,0.0,-0.16363636363636366,0.0,-0.38181818181818183,0.3333333333333333,-0.36363636363636365
2022-06-10,0.2727272727272727,-0.5636363636363637,0.3333333333333333,0.4272727272727273,0.3333333333333333,-0.5727272727272729,0.0,-0.10909090909090911,0.0,-0.43636363636363645,0.3333333333333333,-0.3454545454545455
2022-06-13,0.2727272727272727,-0.27272727272727276,0.6666666666666666,0.8181818181818182,0.3333333333333333,-0.41818181818181827,0.3333333333333333,-0.20000000000000004,0.3333333333333333,0.23234684426488467,0.3333333333333333,-0.06363636363636364
2022-06-14,0.2727272727272727,-0.3090909090909091,0.6666666666666666,0.5181818181818182,0.3333333333333333,-0.5090909090909091,0.0,-0.03636363636363637,0.6666666666666666,0.06378148666094874,0.3333333333333333,-0.13636363636363638
2022-06-15,0.2727272727272727,-0.3454545454545455,0.6666666666666666,0.5636363636363637,0.3333333333333333,-0.33636363636363636,0.0,-0.14545454545454548,0.3333333333333333,0.10022805046720515,0.3333333333333333,-0.11818181818181818
2022-06-16,0.2727272727272727,-0.46363636363636374,0.3333333333333333,0.27272727272727276,0.3333333333333333,-0.26363636363636367,0.0,-0.3272727272727273,0.6666666666666666,0.3690214585383462,0.6666666666666666,-0.03636363636363637
2022-06-17,0.2727272727272727,-0.3181818181818182,0.3333333333333333,0.22727272727272727,0.3333333333333333,0.06363636363636364,0.0,0.018181818181818184,0.3333333333333333,0.1926686588971131,0.6666666666666666,0.06363636363636364
2022-06-21,0.2727272727272727,-0.03636363636363637,0.3333333333333333,0.6727272727272727,0.3333333333333333,0.4272727272727273,0.3333333333333333,-0.33636363636363636,0.3333333333333333,0.33257489473208984,0.6666666666666666,0.5272727272727273
2022-06-22,0.2727272727272727,-0.02727272727272728,0.3333333333333333,0.15454545454545454,0.6666666666666666,0.16363636363636366,0.3333333333333333,-0.33636363636363636,0.3333333333333333,0.10909090909090911,0.6666666666666666,0.20000000000000004
2022-06-23,0.2727272727272727,-0.27272727272727276,0.0,0.045454545454545456,0.3333333333333333,-0.20000000000000004,0.0,-0.1272727272727273,0.0,-0.43280294519929496,0.0,-0.3272727272727273
2022-06-24,0.2727272727272727,-0.8109360446892052,0.0,-0.7727272727272727,0.0,-0.8727272727272729,0.3333333333333333,0.5727272727272729,0.0,-0.8181818181818182,0.0,-0.8454545454545455
2022-06-27,0.2727272727272727,-0.6970405327946539,0.0,-0.4909090909090909,0.0,-0.8000000000000002,0.3333333333333333,0.22727272727272727,0.0,-0.9181818181818183,0.0,-0.7454545454545456
2022-06-28,0.2727272727272727,-0.6000000000000001,0.0,-0.46363636363636374,0.0,-0.5454545454545455,0.6666666666666666,0.3272727272727273,0.0,-0.8363636363636365,0.0,-0.6727272727272727
2022-06-29,0.2727272727272727,-0.350798176635218,0.0,-0.21818181818181823,0.3333333333333333,-0.3181818181818182,0.3333333333333333,-0.045454545454545456,0.0,-0.7243754556493464,0.3333333333333333,-0.3272727272727273
2022-06-30,0.2727272727272727,-0.4054680223446026,0.3333333333333333,-0.009090909090909092,0.3333333333333333,-0.27272727272727276,0.6666666666666666,0.17272727272727276,0.0,-0.7272727272727273,0.0,-0.43636363636363645
2022-07-01,0.2727272727272727,-0.5330309956665001,0.0,-0.22727272727272727,0.0,-0.6000000000000001,0.3333333333333333,-0.10000000000000002,0.0,-0.8000000000000002,0.3333333333333333,-0.44545454545454555
2022-07-05,0.2727272727272727,-0.5137830903923016,0.3333333333333333,-0.1272727272727273,0.0,-0.6818181818181819,0.3333333333333333,0.1272727272727273,0.0,-0.8181818181818182,0.0,-0.5636363636363637
2022-07-06,0.2727272727272727,-0.27524094128159016,0.6666666666666666,0.44545454545454555,0.0,-0.39090909090909093,0.0,-0.44545454545454555,0.0,-0.7272727272727273,0.0,-0.4909090909090909
2022-07-07,0.2727272727272727,-0.22936745106799178,0.6666666666666666,0.36363636363636365,0.0,-0.6000000000000001,0.0,-0.4909090909090909,0.3333333333333333,-0.5454545454545455,0.0,-0.6090909090909091
2022-07-08,0.2727272727272727,-0.4605896841472431,0.3333333333333333,-0.045454545454545456,0.0,-0.6272727272727273,0.3333333333333333,-0.13636363636363638,0.0,-0.5636363636363637,0.0,-0.7363636363636363
2022-07-11,0.2727272727272727,-0.40010821047134243,0.3333333333333333,-0.06363636363636364,0.0,-0.6818181818181819,0.3333333333333333,0.07272727272727274,0.0,-0.7000000000000001,0.0,-0.8545454545454546
2022-07-12,0.2727272727272727,-0.779849333631172,0.6666666666666666,0.29090909090909095,0.0,-0.8000000000000002,0.3333333333333333,0.05454545454545456,0.0,-0.7818181818181819,0.0,-0.7636363636363637
2022-07-13,0.2727272727272727,-0.6651497894641797,0.3333333333333333,0.2733492285469231,0.0,-0.7272727272727273,0.3333333333333333,-0.3272727272727273,0.0,-0.7090909090909092,0.0,-0.5454545454545455
2022-07-14,0.2727272727272727,-0.5727272727272729,0.3333333333333333,0.25512594664379495,0.0,-0.8181818181818182,0.0,-0.38181818181818183,0.0,-0.7636363636363637,0.0,-0.6363636363636364
2022-07-15,0.2727272727272727,-0.8000000000000002,0.3333333333333333,0.3090909090909091,0.0,-0.8909090909090911,0.0,-0.6090909090909091,0.0,-0.7000000000000001,0.0,-0.6272727272727273
2022-07-18,0.2727272727272727,-0.6636363636363638,0.3333333333333333,0.29090909090909095,0.0,-0.7818181818181819,0.0,-0.28181818181818186,0.0,-0.5466984570938462,0.0,-0.5818181818181819
2022-07-19,0.2727272727272727,-0.7517103785040387,0.3333333333333333,0.36363636363636365,0.0,-0.690909090909091,0.0,-0.39090909090909093,0.0,-0.2545454545454546,0.0,-0.5272727272727273
2022-07-20,0.2727272727272727,-0.615035764230577,0.3333333333333333,0.06363636363636364,0.0,-0.5909090909090909,0.0,-0.27272727272727276,0.6666666666666666,0.22727272727272727,0.0,-0.5272727272727273
2022-07-21,0.2727272727272727,-0.6789276551612556,0.3333333333333333,-0.08181818181818183,0.0,-0.45454545454545453,0.0,-0.5363636363636364,0.3333333333333333,-0.045454545454545456,0.0,-0.5545454545454546
2022-07-22,0.2727272727272727,-0.6000000000000001,0.3333333333333333,-0.10909090909090911,0.0,-0.20909090909090913,0.0,-0.44545454545454555,0.0,-0.38181818181818183,0.0,-0.5454545454545455
2022-07-25,0.2727272727272727,-0.3181818181818182,0.3333333333333333,-0.21818181818181823,0.6666666666666666,0.48181818181818187,0.0,-0.6363636363636364,0.3333333333333333,0.30000000000000004,0.0,-0.5727272727272729
2022-07-26,0.2727272727272727,-0.3090909090909091,0.3333333333333333,-0.18181818181818182,0.6666666666666666,0.13636363636363638,0.0,-0.6818181818181819,0.3333333333333333,0.26363636363636367,0.0,-0.5818181818181819
2022-07-27,0.2727272727272727,-0.5272727272727273,0.3333333333333333,0.06363636363636364,0.6666666666666666,0.19090909090909092,0.0,-0.6000000000000001,0.6666666666666666,0.3727272727272728,0.3333333333333333,-0.4272727272727273
2022-07-28,0.2727272727272727,-0.7454545454545456,0.3333333333333333,0.054669845709384636,0.0,-0.14545454545454548,0.0,-0.7000000000000001,0.6666666666666666,0.43636363636363645,0.3333333333333333,-0.4090909090909091
2022-07-29,0.2727272727272727,-0.5363636363636364,0.6666666666666666,0.20501192141019234,0.3333333333333333,-0.009090909090909092,0.0,-0.690909090909091,0.6666666666666666,0.39090909090909093,0.3333333333333333,-0.2545454545454546
2022-08-01,0.2727272727272727,-0.6545454545454547,0.0,-0.8181818181818182,0.3333333333333333,-0.2545454545454546,0.0,-0.8000000000000002,0.6666666666666666,0.33636363636363636,0.3333333333333333,-0.4090909090909091
2022-08-02,0.2727272727272727,-0.6392760709681123,0.0,-0.8272727272727273,0.3333333333333333,-0.15454545454545454,0.0,-0.8454545454545455,0.6666666666666666,0.26363636363636367,0.3333333333333333,-0.5181818181818182
2022-08-03,0.2727272727272727,-0.7716975428115072,0.0,-0.8545454545454546,0.0,-0.6272727272727273,0.0,-0.7181818181818183,0.3333333333333333,-0.20000000000000004,0.0,-0.6545454545454547
2022-08-04,0.2727272727272727,-0.8291593265923335,0.0,-0.8272727272727273,0.0,-0.5272727272727273,0.3333333333333333,-0.4272727272727273,0.3333333333333333,-0.36363636363636365,0.0,-0.5636363636363637
2022-08-05,0.2727272727272727,-0.5909090909090909,0.0,-0.5272727272727273,0.3333333333333333,-0.3181818181818182,0.3333333333333333,-0.4727272727272727,0.3333333333333333,-0.29090909090909095,0.0,-0.6727272727272727
2022-08-08,0.2727272727272727,-0.7454545454545456,0.0,-0.8090909090909091,0.3333333333333333,-0.07272727272727274,0.0,-0.7000000000000001,0.3333333333333333,-0.17272727272727276,0.0,-0.5363636363636364
2022-08-09,0.2727272727272727,-0.6272727272727273,0.0,-0.690909090909091,0.3333333333333333,-0.21818181818181823,0.0,-0.41818181818181827,0.6666666666666666,0.27272727272727276,0.0,-0.5818181818181819
2022-08-10,0.2727272727272727,-0.6636363636363638,0.0,-0.7363636363636363,0.3333333333333333,-0.15454545454545454,0.0,-0.5272727272727273,0.3333333333333333,0.018181818181818184,0.0,-0.4909090909090909
2022-08-11,0.2727272727272727,-0.46363636363636374,0.3333333333333333,-0.14545454545454548,0.3333333333333333,-0.41818181818181827,0.0,-0.6000000000000001,0.6666666666666666,0.21818181818181823,0.0,-0.5545454545454546
2022-08-12,0.2727272727272727,-0.3454545454545455,0.0,-0.41818181818181827,0.3333333333333333,-0.36363636363636365,0.0,-0.6454545454545455,0.6666666666666666,0.13636363636363638,0.3333333333333333,-0.4909090909090909
2022-08-15,0.2727272727272727,-0.5909090909090909,0.0,-0.6879288918430899,0.3333333333333333,-0.5090909090909091,0.0,-0.6272727272727273,0.3333333333333333,-0.16363636363636366,0.3333333333333333,-0.4727272727272727
2022-08-16,0.2727272727272727,-0.5818181818181819,0.0,-0.8090909090909091,0.3333333333333333,-0.10000000000000002,0.0,-0.7090909090909092,0.3333333333333333,-0.10909090909090911,0.3333333333333333,-0.20909090909090913
2022-08-17,0.2727272727272727,-0.4000000000000001,0.0,-0.690909090909091,0.3333333333333333,-0.13636363636363638,0.0,-0.5090909090909091,0.3333333333333333,0.05454545454545456,0.3333333333333333,-0.13636363636363638
2022-08-18,0.2727272727272727,-0.27272727272727276,0.0,-0.6000000000000001,0.3333333333333333,-0.05454545454545456,0.3333333333333333,-0.43636363636363645,0.3333333333333333,0.08181818181818183,0.3333333333333333,-0.15454545454545454
2022-08-19,0.2727272727272727,-0.7000000000000001,0.3333333333333333,0.27272727272727276,0.0,-0.5727272727272729,0.3333333333333333,-0.36363636363636365,0.0,-0.30000000000000004,0.0,-0.6545454545454547
2022-08-22,0.2727272727272727,-0.5727272727272729,0.3333333333333333,-0.009090909090909092,0.0,-0.8090909090909091,0.0,0.05454545454545456,0.3333333333333333,-0.018181818181818184,0.0,-0.7090909090909092
2022-08-23,0.2727272727272727,-0.6000000000000001,0.3333333333333333,-0.15034207570080774,0.0,-0.46363636363636374,0.0,-0.28181818181818186,0.0,-0.045454545454545456,0.0,-0.5090909090909091
2022-08-24,0.2727272727272727,-0.7545454545454545,0.0,-0.5636363636363637,0.3333333333333333,-0.4090909090909091,0.0,-0.4000000000000001,0.3333333333333333,-0.09090909090909091,0.3333333333333333,-0.18181818181818182
2022-08-25,0.2727272727272727,-0.7727272727272727,0.0,-0.44545454545454555,0.3333333333333333,-0.3181818181818182,0.0,-0.5,0.3333333333333333,-0.10909090909090911,0.3333333333333333,-0.10909090909090911
2022-08-26,0.2727272727272727,-0.7818181818181819,0.0,-0.4000000000000001,0.0,-0.41818181818181827,0.0,-0.5454545454545455,0.0,-0.27272727272727276,0.0,-0.08181818181818183
2022-08-29,0.2727272727272727,-0.5181818181818182,0.3333333333333333,-0.3090909090909091,0.0,-0.3272727272727273,0.0,-0.6727272727272727,0.0,-0.5,0.0,-0.3727272727272728
2022-08-30,0.2727272727272727,-0.5181818181818182,0.3333333333333333,0.4000000000000001,0.0,-0.43636363636363645,0.0,-0.6818181818181819,0.3333333333333333,-0.38181818181818183,0.0,-0.4272727272727273
2022-08-31,0.2727272727272727,-0.3006841514016155,0.0,0.20909090909090913,0.3333333333333333,-0.06363636363636364,0.0,-0.5454545454545455,0.3333333333333333,-0.09090909090909091,0.3333333333333333,-0.11818181818181818
2022-09-01,0.2727272727272727,-0.6090909090909091,0.3333333333333333,0.3181818181818182,0.3333333333333333,-0.20909090909090913,0.0,-0.22727272727272727,0.3333333333333333,-0.38181818181818183,0.3333333333333333,-0.10000000000000002
2022-09-02,0.2727272727272727,-0.45454545454545453,0.3333333333333333,0.23636363636363636,0.0,-0.45454545454545453,0.0,-0.06363636363636364,0.3333333333333333,-0.22727272727272727,0.0,-0.4090909090909091
2022-09-06,0.2727272727272727,-0.4909090909090909,0.0,-0.009090909090909092,0.0,-0.6181818181818182,0.0,-0.20000000000000004,0.0,-0.6727272727272727,0.0,-0.5272727272727273
2022-09-07,0.2727272727272727,-0.5090909090909091,0.0,-0.10000000000000002,0.0,-0.8090909090909091,0.3333333333333333,0.11818181818181818,0.3333333333333333,-0.4090909090909091,0.0,-0.7454545454545456
2022-09-08,0.2727272727272727,-0.5181818181818182,0.6666666666666666,0.7000000000000001,0.0,-0.7727272727272727,0.3333333333333333,0.08181818181818183,0.3333333333333333,-0.14545454545454548,0.0,-0.7727272727272727
2022-09-09,0.2727272727272727,-0.5,0.0,-0.08181818181818183,0.3333333333333333,-0.10000000000000002,0.0,-0.11818181818181818,0.3333333333333333,0.23636363636363636,0.3333333333333333,0.03636363636363637
2022-09-12,0.2727272727272727,-0.5454545454545455,0.0,-0.018181818181818184,0.0,-0.39090909090909093,0.3333333333333333,0.14545454545454548,0.3333333333333333,-0.06363636363636364,0.0,-0.29090909090909095
2022-09-13,0.2727272727272727,-0.41818181818181827,0.0,0.0,0.0,-0.36363636363636365,0.3333333333333333,0.2545454545454546,0.0,-0.07272727272727274,0.0,-0.5363636363636364
2022-09-14,0.2727272727272727,-0.6454545454545455,0.3333333333333333,-0.18181818181818182,0.0,-0.3090909090909091,0.3333333333333333,0.28181818181818186,0.0,-0.5,0.0,-0.39090909090909093
2022-09-15,0.2727272727272727,-0.6454545454545455,0.0,0.11818181818181818,0.3333333333333333,-0.4090909090909091,0.0,0.21818181818181823,0.3333333333333333,-0.24545454545454545,0.3333333333333333,-0.38181818181818183
2022-09-16,0.2727272727272727,-0.6636363636363638,0.3333333333333333,0.30000000000000004,0.0,-0.5,0.3333333333333333,-0.33636363636363636,0.3333333333333333,-0.15454545454545454,0.0,-0.5
2022-09-19,0.2727272727272727,-0.16363636363636366,0.3333333333333333,-0.009111640951564104,0.0,-0.10909090909090911,0.3333333333333333,0.09090909090909091,0.3333333333333333,-0.21818181818181823,0.3333333333333333,-0.009090909090909092
2022-09-20,0.2727272727272727,-0.33636363636363636,0.0,0.19090909090909092,0.0,-0.4272727272727273,0.6666666666666666,0.13636363636363638,0.0,-0.46363636363636374,0.0,-0.28181818181818186
2022-09-21,0.2727272727272727,-0.20909090909090913,0.0,0.009090909090909092,0.0,-0.3454545454545455,0.6666666666666666,0.27272727272727276,0.0,-0.24545454545454545,0.0,-0.20909090909090913
2022-09-22,0.2727272727272727,-0.29090909090909095,0.3333333333333333,-0.14578625522502567,0.0,-0.8545454545454546,0.3333333333333333,0.045454545454545456,0.0,-0.14545454545454548,0.0,-0.6545454545454547
2022-09-23,0.2727272727272727,-0.7744894808829488,0.6666666666666666,-0.10909090909090911,0.0,-0.9090909090909091,0.3333333333333333,0.03636363636363637,0.3333333333333333,-0.1913444599828462,0.0,-0.7636363636363637
2022-09-26,0.2727272727272727,-0.8090909090909091,0.0,-0.26363636363636367,0.0,-0.8636363636363636,0.0,0.0,0.3333333333333333,-0.3908033683673578,0.0,-0.8000000000000002
2022-09-27,0.2727272727272727,-0.7636363636363637,0.3333333333333333,-0.05454545454545456,0.0,-0.881818181818182,0.0,0.19090909090909092,0.3333333333333333,-0.4403855060505443,0.0,-0.881818181818182
2022-09-28,0.2727272727272727,-0.870161710874372,0.3333333333333333,-0.11818181818181818,0.0,-0.881818181818182,0.0,0.33636363636363636,0.0,-0.3690214585383462,0.0,-0.881818181818182
2022-09-29,0.2727272727272727,-0.7454545454545456,0.3333333333333333,-0.03644656380625642,0.3333333333333333,-0.5818181818181819,0.6666666666666666,0.45454545454545453,0.3333333333333333,-0.12756297332189748,0.0,-0.9181818181818183
2022-09-30,0.2727272727272727,-0.4909090909090909,0.3333333333333333,0.3181818181818182,0.0,-0.6727272727272727,0.3333333333333333,0.06363636363636364,0.3333333333333333,-0.4272727272727273,0.0,-0.5
2022-10-03,0.2727272727272727,-0.5363636363636364,0.3333333333333333,0.27272727272727276,0.0,-0.7181818181818183,0.3333333333333333,-0.02727272727272728,0.3333333333333333,0.10000000000000002,0.0,-0.39090909090909093
2022-10-04,0.2727272727272727,-0.6272727272727273,0.3333333333333333,-0.24545454545454545,0.0,-0.7636363636363637,0.3333333333333333,0.13636363636363638,0.3333333333333333,-0.20000000000000004,0.0,-0.6636363636363638
2022-10-05,0.2727272727272727,-0.41818181818181827,0.3333333333333333,-0.06363636363636364,0.0,-0.6090909090909091,0.3333333333333333,0.21818181818181823,0.3333333333333333,-0.09090909090909091,0.0,-0.6818181818181819
2022-10-06,0.2727272727272727,-0.14545454545454548,0.3333333333333333,-0.43636363636363645,0.0,-0.5454545454545455,0.3333333333333333,0.24545454545454545,0.3333333333333333,0.045454545454545456,0.0,-0.5181818181818182
2022-10-07,0.2727272727272727,-0.23636363636363636,0.3333333333333333,-0.3090909090909091,0.3333333333333333,-0.05454545454545456,0.0,-0.26363636363636367,0.3333333333333333,0.15454545454545454,0.3333333333333333,-0.20000000000000004
2022-10-10,0.2727272727272727,-0.46363636363636374,0.0,-0.39090909090909093,0.3333333333333333,-0.02727272727272728,0.3333333333333333,-0.45454545454545453,0.3333333333333333,-0.23636363636363636,0.0,0.18181818181818182
2022-10-11,0.2727272727272727,-0.5272727272727273,0.3333333333333333,-0.03636363636363637,0.3333333333333333,0.26363636363636367,0.0,-0.6363636363636364,0.0,-0.20909090909090913,0.3333333333333333,0.4000000000000001
2022-10-12,0.2727272727272727,-0.7000000000000001,0.0,-0.009090909090909092,0.3333333333333333,0.2545454545454546,0.3333333333333333,-0.43636363636363645,0.0,-0.5181818181818182,0.3333333333333333,0.02727272727272728
2022-10-13,0.2727272727272727,-0.6636363636363638,0.3333333333333333,0.009090909090909092,0.0,0.15454545454545454,0.0,-0.4000000000000001,0.0,-0.41913548377194887,0.0,-0.11818181818181818
2022-10-14,0.2727272727272727,-0.6272727272727273,0.0,0.14545454545454548,0.0,0.21818181818181823,0.0,-0.7000000000000001,0.0,-0.5272727272727273,0.0,-0.23636363636363636
2022-10-17,0.2727272727272727,-0.6000000000000001,0.3333333333333333,0.26363636363636367,0.0,-0.4909090909090909,0.0,-0.5818181818181819,0.0,-0.39090909090909093,0.0,-0.46363636363636374
2022-10-18,0.2727272727272727,-0.8090909090909091,0.6666666666666666,0.5545454545454546,0.0,-0.6454545454545455,0.0,-0.30000000000000004,0.0,-0.8090909090909091,0.0,-0.8181818181818182
2022-10-19,0.2727272727272727,-0.7181818181818183,0.0,0.21412356236175645,0.0,-0.5363636363636364,0.0,-0.3454545454545455,0.0,-0.6636363636363638,0.0,-0.6090909090909091
2022-10-20,0.2727272727272727,-0.5363636363636364,0.3333333333333333,0.5545454545454546,0.0,-0.29090909090909095,0.0,-0.3090909090909091,0.0,-0.36363636363636365,0.3333333333333333,-0.07272727272727274
2022-10-21,0.2727272727272727,-0.5363636363636364,0.6666666666666666,0.26363636363636367,0.0,-0.46363636363636374,0.0,-0.36363636363636365,0.3333333333333333,-0.19090909090909092,0.0,-0.18181818181818182
2022-10-24,0.2727272727272727,-0.5818181818181819,0.3333333333333333,0.17272727272727276,0.0,-0.4727272727272727,0.0,-0.5181818181818182,0.3333333333333333,-0.23636363636363636,0.0,-0.20000000000000004
2022-10-25,0.2727272727272727,-0.3727272727272728,0.6666666666666666,0.4829169704328976,0.0,-0.6181818181818182,0.3333333333333333,-0.27272727272727276,0.0,0.018181818181818184,0.0,-0.4000000000000001
2022-10-26,0.2727272727272727,-0.5909090909090909,0.6666666666666666,0.39090909090909093,0.0,-0.5909090909090909,0.3333333333333333,-0.14545454545454548,0.0,-0.5636363636363637,0.0,-0.009090909090909092
2022-10-27,0.2727272727272727,-0.5090909090909091,0.0,0.6272727272727273,0.0,-0.5545454545454546,0.3333333333333333,-0.045454545454545456,0.3333333333333333,-0.28181818181818186,0.0,-0.39090909090909093
2022-10-28,0.2727272727272727,-0.4909090909090909,0.3333333333333333,0.33636363636363636,0.0,-0.6090909090909091,0.6666666666666666,0.3272727272727273,0.0,-0.6545454545454547,0.0,-0.23636363636363636
2022-10-31,0.2727272727272727,-0.4090909090909091,0.3333333333333333,0.4272727272727273,0.0,-0.6636363636363638,0.3333333333333333,0.03636363636363637,0.0,-0.8636363636363636,0.0,-0.19090909090909092
2022-11-01,0.2727272727272727,-0.4000000000000001,0.0,0.14545454545454548,0.0,-0.5454545454545455,0.3333333333333333,0.03636363636363637,0.0,-0.7181818181818183,0.0,-0.3454545454545455
2022-11-02,0.2727272727272727,-0.5636363636363637,0.0,-0.04587349021359835,0.0,-0.7727272727272727,0.3333333333333333,-0.08181818181818183,0.0,-0.8181818181818182,0.3333333333333333,-0.26363636363636367
2022-11-03,0.2727272727272727,-0.6241474051821412,0.6666666666666666,0.6423706870852695,0.0,-0.7562661989798206,0.3333333333333333,-0.26423758759535904,0.0,-0.701596353270436,0.3333333333333333,-0.24145848521644878
2022-11-04,0.2727272727272727,-0.790909090909091,0.6666666666666666,0.6090909090909091,0.0,-0.5272727272727273,0.3333333333333333,-0.14545454545454548,0.0,-0.6545454545454547,0.0,-0.24545454545454545
2022-11-07,0.2727272727272727,-0.701596353270436,0.3333333333333333,0.5727272727272729,0.0,-0.10909090909090911,0.3333333333333333,-0.10909090909090911,0.0,-0.6818181818181819,0.3333333333333333,-0.17272727272727276
2022-11-08,0.2727272727272727,-0.7818181818181819,0.3333333333333333,0.7272727272727273,0.6666666666666666,0.15454545454545454,0.3333333333333333,0.19090909090909092,0.0,-0.5454545454545455,0.3333333333333333,-0.44545454545454555
2022-11-09,0.2727272727272727,-0.7000000000000001,0.0,0.045454545454545456,0.3333333333333333,0.10000000000000002,0.6666666666666666,0.36363636363636365,0.0,-0.6363636363636364,0.3333333333333333,-0.3181818181818182
2022-11-10,0.2727272727272727,-0.4090909090909091,0.3333333333333333,0.30000000000000004,0.6666666666666666,0.18181818181818182,0.6666666666666666,0.44545454545454555,0.0,-0.48181818181818187,0.3333333333333333,-0.39090909090909093
2022-11-11,0.2727272727272727,-0.7181818181818183,0.0,-0.17272727272727276,0.0,-0.16363636363636366,0.3333333333333333,0.21818181818181823,0.0,-0.41818181818181827,0.3333333333333333,-0.38181818181818183
2022-11-14,0.2727272727272727,-0.7000000000000001,0.0,0.009090909090909092,0.0,-0.08181818181818183,0.3333333333333333,0.24545454545454545,0.0,-0.7454545454545456,0.3333333333333333,-0.33636363636363636
2022-11-15,0.2727272727272727,-0.5181818181818182,0.0,0.14545454545454548,0.0,0.4272727272727273,0.3333333333333333,0.30000000000000004,0.0,-0.6727272727272727,0.0,-0.23636363636363636
2022-11-16,0.2727272727272727,-0.6000000000000001,0.0,0.018181818181818184,0.0,0.06363636363636364,0.3333333333333333,0.21818181818181823,0.0,-0.1272727272727273,0.3333333333333333,-0.23636363636363636
2022-11-17,0.2727272727272727,-0.43636363636363645,0.0,-0.13636363636363638,0.0,-0.17272727272727276,0.6666666666666666,0.38181818181818183,0.0,-0.3090909090909091,0.0,-0.19090909090909092
2022-11-18,0.2727272727272727,-0.39090909090909093,0.6666666666666666,0.6818181818181819,0.3333333333333333,0.09090909090909091,0.6666666666666666,0.46363636363636374,0.0,0.13636363636363638,0.0,-0.10909090909090911
2022-11-21,0.2727272727272727,-0.4909090909090909,0.3333333333333333,0.14545454545454548,0.0,-0.3181818181818182,0.0,0.02727272727272728,0.6666666666666666,-0.03644656380625642,0.0,-0.05454545454545456
2022-11-22,0.2727272727272727,-0.30000000000000004,0.6666666666666666,0.4272727272727273,0.0,-0.27272727272727276,0.3333333333333333,0.07272727272727274,0.3333333333333333,-0.02727272727272728,0.3333333333333333,0.19090909090909092
2022-11-23,0.2727272727272727,-0.5090909090909091,0.3333333333333333,0.28181818181818186,0.0,-0.36363636363636365,0.3333333333333333,0.13636363636363638,0.3333333333333333,-0.24545454545454545,0.0,0.018181818181818184
2022-11-25,0.2727272727272727,-0.6181818181818182,0.3333333333333333,-0.11818181818181818,0.0,-0.3454545454545455,0.3333333333333333,0.36363636363636365,0.0,-0.39090909090909093,0.0,-0.28181818181818186
2022-11-28,0.2727272727272727,-0.4727272727272727,0.0,-0.350798176635218,0.3333333333333333,-0.29090909090909095,0.3333333333333333,0.24545454545454545,1.0,0.38181818181818183,0.0,-0.5454545454545455
2022-11-29,0.2727272727272727,-0.4272727272727273,0.3333333333333333,-0.05454545454545456,0.3333333333333333,-0.07272727272727274,0.3333333333333333,-0.009090909090909092,0.6666666666666666,0.27272727272727276,0.0,-0.4909090909090909
2022-11-30,0.2727272727272727,-0.8454545454545455,0.0,-0.5818181818181819,0.0,-0.5727272727272729,0.3333333333333333,0.36363636363636365,0.0,-0.23636363636363636,0.0,-0.7636363636363637
2022-12-01,0.2727272727272727,-0.8363636363636365,0.0,-0.7454545454545456,0.0,-0.7181818181818183,0.6666666666666666,0.4090909090909091,0.0,-0.41457966329616674,0.0,-0.7818181818181819
2022-12-02,0.2727272727272727,-0.7272727272727273,0.0,-0.4090909090909091,0.0,-0.6241474051821412,0.3333333333333333,0.4000000000000001,0.0,-0.6454545454545455,0.0,-0.5727272727272729
2022-12-05,0.2727272727272727,-0.6651497894641797,0.0,-0.4000000000000001,0.0,-0.46363636363636374,0.6666666666666666,0.5181818181818182,0.6666666666666666,0.26363636363636367,0.0,-0.3545454545454546
2022-12-06,0.2727272727272727,-0.6090909090909091,0.3333333333333333,-0.29090909090909095,0.0,-0.6363636363636364,0.3333333333333333,0.5090909090909091,0.3333333333333333,0.10909090909090911,0.0,-0.44545454545454555
2022-12-07,0.2727272727272727,-0.1913444599828462,0.6666666666666666,0.4090909090909091,0.3333333333333333,-0.13636363636363638,0.0,-0.06363636363636364,0.0,-0.30000000000000004,0.6666666666666666,0.11818181818181818
2022-12-08,0.2727272727272727,-0.4909090909090909,0.3333333333333333,-0.3181818181818182,0.3333333333333333,-0.6363636363636364,0.0,-0.14545454545454548,0.0,-0.5181818181818182,0.6666666666666666,-0.20000000000000004
2022-12-09,0.2727272727272727,-0.3735772790141283,0.3333333333333333,-0.09090909090909091,0.3333333333333333,-0.46363636363636374,0.0,-0.22727272727272727,0.0,-0.44545454545454555,0.3333333333333333,-0.29090909090909095
2022-12-12,0.2727272727272727,-0.7727272727272727,0.3333333333333333,-0.09090909090909091,0.0,-0.6545454545454547,0.0,-0.4090909090909091,0.0,-0.5909090909090909,0.3333333333333333,-0.5181818181818182
2022-12-13,0.2727272727272727,-0.690909090909091,0.3333333333333333,-0.05454545454545456,0.0,-0.7727272727272727,0.0,-0.36363636363636365,0.0,-0.44545454545454555,0.3333333333333333,-0.6000000000000001
2022-12-14,0.2727272727272727,-0.7181818181818183,0.3333333333333333,0.1272727272727273,0.0,-0.8545454545454546,0.0,-0.7181818181818183,0.0,-0.4909090909090909,0.0,-0.790909090909091
2022-12-15,0.2727272727272727,-0.8272727272727273,0.3333333333333333,0.45454545454545453,0.0,-0.8272727272727273,0.0,-0.6181818181818182,0.0,-0.8454545454545455,0.0,-0.8454545454545455
2022-12-16,0.2727272727272727,-0.6636363636363638,0.6666666666666666,0.18181818181818182,0.0,-0.6000000000000001,0.0,-0.1272727272727273,0.0,-0.8090909090909091,0.0,-0.7363636363636363
2022-12-19,0.2727272727272727,-0.3272727272727273,0.6666666666666666,0.46469368852976933,0.0,-0.48181818181818187,0.0,-0.5545454545454546,0.0,-0.6363636363636364,0.0,-0.7454545454545456
2022-12-20,0.2727272727272727,-0.5909090909090909,0.0,-0.4373587656750771,0.0,-0.6090909090909091,0.3333333333333333,-0.38181818181818183,0.0,-0.6363636363636364,0.0,-0.29090909090909095
2022-12-21,0.2727272727272727,-0.3727272727272728,0.0,-0.4510262271024232,0.3333333333333333,-0.6000000000000001,0.3333333333333333,-0.21818181818181823,0.0,-0.44545454545454555,0.0,-0.3272727272727273
2022-12-22,0.2727272727272727,-0.4090909090909091,0.3333333333333333,-0.23636363636363636,0.0,-0.6363636363636364,0.3333333333333333,-0.3090909090909091,0.0,-0.6545454545454547,0.0,-0.7727272727272727
2022-12-23,0.2727272727272727,-0.4000000000000001,0.3333333333333333,-0.03636363636363637,0.0,-0.6454545454545455,0.0,-0.3545454545454546,0.0,-0.7090909090909092,0.0,-0.790909090909091
2022-12-27,0.2727272727272727,-0.48181818181818187,0.3333333333333333,0.22323520331332056,0.0,-0.7727272727272727,0.0,-0.39090909090909093,0.0,-0.790909090909091,0.0,-0.7181818181818183
2022-12-28,0.2727272727272727,-0.29090909090909095,0.0,-0.18181818181818182,0.0,-0.690909090909091,0.3333333333333333,-0.4909090909090909,0.0,-0.6272727272727273,0.0,-0.7636363636363637
2022-12-29,0.2727272727272727,-0.4272727272727273,0.3333333333333333,0.4272727272727273,0.0,-0.7090909090909092,0.3333333333333333,-0.10000000000000002,0.0,-0.4727272727272727,0.0,-0.5363636363636364
2022-12-30,0.2727272727272727,-0.6090909090909091,0.3333333333333333,0.3727272727272728,0.0,-0.6545454545454547,0.3333333333333333,-0.08181818181818183,0.3333333333333333,-0.24545454545454545,0.0,-0.7090909090909092
2023-01-03,0.2727272727272727,-0.44545454545454555,0.0,0.009090909090909092,0.0,-0.7545454545454545,0.3333333333333333,-0.08181818181818183,0.3333333333333333,-0.14545454545454548,0.0,-0.7545454545454545
2023-01-04,0.2727272727272727,-0.17272727272727276,0.3333333333333333,0.3181818181818182,0.0,-0.690909090909091,0.0,-0.3454545454545455,0.3333333333333333,-0.06363636363636364,0.0,-0.6636363636363638
2023-01-05,0.2727272727272727,-0.20000000000000004,0.0,-0.054669845709384636,0.0,-0.6000000000000001,0.0,-0.5272727272727273,0.3333333333333333,-0.03636363636363637,0.0,-0.3272727272727273
2023-01-06,0.2727272727272727,-0.41818181818181827,0.3333333333333333,-0.173121178079718,0.0,-0.8181818181818182,0.3333333333333333,-0.21818181818181823,0.0,-0.05454545454545456,0.0,-0.48181818181818187
2023-01-09,0.2727272727272727,-0.5,0.3333333333333333,-0.02727272727272728,0.0,-0.6272727272727273,0.3333333333333333,-0.27272727272727276,0.3333333333333333,0.23636363636363636,0.0,-0.36363636363636365
2023-01-10,0.2727272727272727,-0.6181818181818182,0.3333333333333333,0.26423758759535904,0.0,-0.6454545454545455,0.3333333333333333,-0.23636363636363636,0.6666666666666666,0.2545454545454546,0.0,-0.5181818181818182
2023-01-11,0.2727272727272727,-0.5545454545454546,0.3333333333333333,0.3181818181818182,0.0,-0.5272727272727273,0.3333333333333333,-0.06363636363636364,0.0,-0.05454545454545456,0.0,-0.4727272727272727
2023-01-12,0.2727272727272727,-0.5454545454545455,0.6666666666666666,0.46363636363636374,0.0,-0.38181818181818183,0.3333333333333333,-0.08181818181818183,0.0,0.05454545454545456,0.0,-0.19090909090909092
2023-01-13,0.2727272727272727,-0.7272727272727273,0.3333333333333333,0.26363636363636367,0.0,-0.5636363636363637,0.0,-0.09090909090909091,0.0,-0.350798176635218,0.0,-0.46363636363636374
2023-01-17,0.2727272727272727,-0.6181818181818182,0.3333333333333333,0.17272727272727276,0.0,-0.4727272727272727,0.3333333333333333,-0.009090909090909092,0.0,-0.16363636363636366,0.0,-0.5
2023-01-18,0.2727272727272727,-0.48181818181818187,0.3333333333333333,0.05454545454545456,0.0,-0.36363636363636365,0.3333333333333333,-0.3090909090909091,0.0,-0.20000000000000004,0.0,-0.4000000000000001
2023-01-19,0.2727272727272727,-0.7272727272727273,0.3333333333333333,-0.08181818181818183,0.0,-0.6181818181818182,0.3333333333333333,0.02727272727272728,0.0,-0.5090909090909091,0.3333333333333333,-0.3545454545454546
2023-01-20,0.2727272727272727,-0.5181818181818182,0.3333333333333333,-0.06363636363636364,0.3333333333333333,-0.10909090909090911,0.6666666666666666,0.15454545454545454,0.0,-0.38181818181818183,0.0,-0.26363636363636367
2023-01-23,0.2727272727272727,-0.4090909090909091,0.0,-0.3545454545454546,0.3333333333333333,-0.018181818181818184,0.3333333333333333,0.10909090909090911,0.0,-0.11818181818181818,0.3333333333333333,0.05454545454545456
2023-01-24,0.2727272727272727,-0.08181818181818183,0.3333333333333333,-0.22323520331332056,0.6666666666666666,0.07272727272727274,0.3333333333333333,0.22727272727272727,0.0,-0.19090909090909092,0.3333333333333333,0.009090909090909092
2023-01-25,0.2727272727272727,-0.4909090909090909,0.0,-0.17272727272727276,0.0,0.07272727272727274,0.0,0.018181818181818184,0.0,-0.4272727272727273,0.3333333333333333,0.15454545454545454
2023-01-26,0.2727272727272727,-0.44545454545454555,0.0,-0.08181818181818183,0.0,-0.20000000000000004,0.0,-0.19090909090909092,0.0,-0.5818181818181819,0.3333333333333333,0.009090909090909092
2023-01-27,0.2727272727272727,-0.29090909090909095,0.0,-0.39090909090909093,0.0,-0.20909090909090913,0.3333333333333333,0.14545454545454548,0.0,-0.4727272727272727,0.3333333333333333,-0.17272727272727276
2023-01-30,0.2727272727272727,-0.28181818181818186,0.0,-0.3727272727272728,0.0,-0.29090909090909095,0.6666666666666666,0.09090909090909091,0.0,-0.44545454545454555,0.6666666666666666,-0.1272727272727273
2023-01-31,0.2727272727272727,-0.4727272727272727,0.0,-0.7744894808829488,0.0,-0.46363636363636374,0.3333333333333333,-0.045454545454545456,0.0,-0.5909090909090909,0.0,-0.4727272727272727
2023-02-01,0.2727272727272727,-0.690909090909091,0.3333333333333333,-0.6181818181818182,0.3333333333333333,-0.38181818181818183,0.3333333333333333,-0.16363636363636366,0.0,-0.8090909090909091,0.0,-0.6181818181818182
2023-02-02,0.2727272727272727,-0.5636363636363637,0.3333333333333333,-0.41818181818181827,0.3333333333333333,-0.4090909090909091,0.3333333333333333,-0.6272727272727273,0.0,-0.7000000000000001,0.0,-0.6272727272727273
2023-02-03,0.2727272727272727,-0.7181818181818183,0.0,-0.5272727272727273,0.0,-0.5545454545454546,0.0,-0.8090909090909091,0.0,-0.6272727272727273,0.0,-0.6818181818181819
2023-02-06,0.2727272727272727,-0.6090909090909091,0.3333333333333333,-0.46363636363636374,0.3333333333333333,-0.4909090909090909,0.0,-0.7454545454545456,0.3333333333333333,-0.5545454545454546,0.3333333333333333,-0.6727272727272727
2023-02-07,0.2727272727272727,-0.6363636363636364,0.3333333333333333,-0.6090909090909091,0.0,-0.6727272727272727,0.0,-0.4090909090909091,0.0,-0.6454545454545455,0.3333333333333333,-0.6272727272727273
2023-02-08,0.2727272727272727,-0.7181818181818183,0.0,-0.690909090909091,0.0,-0.5272727272727273,0.0,-0.4272727272727273,0.3333333333333333,-0.5090909090909091,0.0,-0.5090909090909091
2023-02-09,0.2727272727272727,-0.6090909090909091,0.3333333333333333,-0.12300715284611541,0.0,-0.7363636363636363,0.0,-0.3272727272727273,0.0,-0.6454545454545455,0.0,-0.7545454545454545
2023-02-10,0.2727272727272727,-0.8727272727272729,0.3333333333333333,0.13636363636363638,0.0,-0.6727272727272727,0.0,-0.46363636363636374,0.0,-0.690909090909091,0.0,-0.6363636363636364
2023-02-13,0.2727272727272727,-0.6363636363636364,0.0,-0.4000000000000001,0.3333333333333333,-0.3181818181818182,0.0,-0.48181818181818187,0.0,-0.6727272727272727,0.0,-0.690909090909091
2023-02-14,0.2727272727272727,-0.8181818181818182,0.0,-0.21818181818181823,0.3333333333333333,-0.15454545454545454,0.0,-0.6090909090909091,0.0,-0.6727272727272727,0.0,-0.6636363636363638
2023-02-15,0.2727272727272727,-0.8727272727272729,0.0,-0.018181818181818184,0.3333333333333333,-0.21818181818181823,0.0,-0.7000000000000001,0.0,-0.6545454545454547,0.0,-0.6090909090909091
2023-02-16,0.2727272727272727,-0.7636363636363637,0.0,0.09090909090909091,0.3333333333333333,-0.4272727272727273,0.0,-0.5363636363636364,0.0,-0.7000000000000001,0.0,-0.8272727272727273
2023-02-17,0.2727272727272727,-0.7636363636363637,0.3333333333333333,-0.018181818181818184,0.0,-0.10909090909090911,0.0,-0.3090909090909091,0.3333333333333333,-0.09090909090909091,0.0,-0.2545454545454546
2023-02-21,0.2727272727272727,-0.5909090909090909,0.3333333333333333,-0.06363636363636364,0.0,-0.3181818181818182,0.6666666666666666,0.21818181818181823,0.0,-0.6545454545454547,0.3333333333333333,-0.27272727272727276
2023-02-22,0.2727272727272727,-0.690909090909091,0.6666666666666666,-0.19590028045862823,0.0,-0.3272727272727273,0.3333333333333333,0.39090909090909093,0.0,-0.6272727272727273,0.0,-0.27272727272727276
2023-02-23,0.2727272727272727,-0.3181818181818182,0.3333333333333333,0.14545454545454548,0.0,-0.6818181818181819,0.6666666666666666,0.3090909090909091,0.3333333333333333,-0.39090909090909093,0.3333333333333333,-0.6454545454545455
2023-02-24,0.2727272727272727,-0.30979579235317956,0.0,-0.045454545454545456,0.0,-0.7727272727272727,0.3333333333333333,0.10000000000000002,0.0,-0.5090909090909091,0.0,-0.8545454545454546
2023-02-27,0.2727272727272727,-0.5056960728118078,0.3333333333333333,0.15489789617658978,0.0,-0.6272727272727273,0.3333333333333333,-0.10909090909090911,0.0,-0.6181818181818182,0.0,-0.7818181818181819
2023-02-28,0.2727272727272727,-0.2004561009344103,0.3333333333333333,-0.018181818181818184,0.0,-0.46363636363636374,0.3333333333333333,-0.10000000000000002,0.3333333333333333,-0.3545454545454546,0.3333333333333333,-0.4000000000000001
2023-03-01,0.2727272727272727,-0.2414584852164488,0.3333333333333333,0.10000000000000002,0.0,-0.38181818181818183,0.3333333333333333,0.018181818181818184,0.3333333333333333,-0.39090909090909093,0.0,-0.4272727272727273
2023-03-02,0.2727272727272727,-0.4236913042477308,0.3333333333333333,0.20000000000000004,0.0,-0.6636363636363638,0.3333333333333333,-0.14545454545454548,0.3333333333333333,-0.23636363636363636,0.0,-0.5818181818181819
2023-03-03,0.2727272727272727,-0.1412304347492436,0.6666666666666666,0.7818181818181819,0.0,-0.3181818181818182,0.6666666666666666,0.08181818181818183,0.3333333333333333,-0.17272727272727276,0.0,-0.43636363636363645
2023-03-06,0.2727272727272727,-0.3454545454545455,0.6666666666666666,0.4909090909090909,0.6666666666666666,-0.17272727272727276,0.0,0.16363636363636366,0.3333333333333333,-0.14545454545454548,0.3333333333333333,-0.43636363636363645
2023-03-07,0.2727272727272727,-0.4090909090909091,0.6666666666666666,0.3181818181818182,0.3333333333333333,-0.2545454545454546,0.3333333333333333,-0.045454545454545456,0.0,-0.39090909090909093,0.3333333333333333,-0.26363636363636367
2023-03-08,0.2727272727272727,-0.5,0.6666666666666666,0.5363636363636364,0.0,-0.10909090909090911,0.0,-0.3090909090909091,0.0,-0.4909090909090909,0.0,-0.18181818181818182
2023-03-09,0.2727272727272727,-0.4272727272727273,0.3333333333333333,0.46363636363636374,0.3333333333333333,0.05454545454545456,0.0,-0.33636363636363636,0.0,-0.3826889199656924,0.6666666666666666,0.05454545454545456
2023-03-10,0.2727272727272727,-0.39090909090909093,0.3333333333333333,0.26363636363636367,0.3333333333333333,-0.17272727272727276,0.0,0.05454545454545456,0.0,-0.5727272727272729,0.3333333333333333,-0.1272727272727273
2023-03-13,0.2727272727272727,0.21818181818181823,0.3333333333333333,0.4054680223446026,0.3333333333333333,0.33636363636363636,0.0,-0.11818181818181818,0.3333333333333333,0.4000000000000001,0.3333333333333333,-0.26363636363636367
2023-03-14,0.2727272727272727,-0.09090909090909091,0.3333333333333333,0.27272727272727276,0.3333333333333333,0.17272727272727276,0.0,-0.05454545454545456,0.3333333333333333,0.06363636363636364,0.3333333333333333,-0.20000000000000004
2023-03-15,0.2727272727272727,-0.28181818181818186,0.0,-0.28181818181818186,0.3333333333333333,-0.30000000000000004,0.0,-0.24545454545454545,0.3333333333333333,-0.23636363636363636,0.3333333333333333,-0.3181818181818182
2023-03-16,0.2727272727272727,-0.4909090909090909,0.3333333333333333,-0.10000000000000002,0.0,-0.30000000000000004,0.0,0.09090909090909091,0.0,-0.5454545454545455,0.0,-0.3272727272727273
2023-03-17,0.2727272727272727,-0.5909090909090909,0.0,-0.4272727272727273,0.0,0.05454545454545456,0.6666666666666666,0.5272727272727273,0.0,-0.690909090909091,0.3333333333333333,-0.3727272727272728
2023-03-20,0.2727272727272727,-0.6272727272727273,0.3333333333333333,-0.5727272727272729,0.0,-0.21818181818181823,0.6666666666666666,0.4000000000000001,0.0,-0.6727272727272727,0.0,-0.5727272727272729
2023-03-21,0.2727272727272727,-0.6181818181818182,0.3333333333333333,-0.22727272727272727,0.0,-0.009090909090909092,0.6666666666666666,0.22727272727272727,0.0,-0.5909090909090909,0.0,-0.36363636363636365
2023-03-22,0.2727272727272727,-0.6272727272727273,0.6666666666666666,0.19090909090909092,0.0,0.14545454545454548,0.6666666666666666,0.19090909090909092,0.3333333333333333,-0.38181818181818183,0.0,-0.4090909090909091
2023-03-23,0.2727272727272727,-0.5284751751907181,0.3333333333333333,-0.4100238428203847,0.3333333333333333,-0.39090909090909093,0.6666666666666666,0.02727272727272728,0.3333333333333333,-0.29090909090909095,0.3333333333333333,-0.3454545454545455
2023-03-24,0.2727272727272727,-0.7152638146977822,0.3333333333333333,0.26363636363636367,0.3333333333333333,-0.5545454545454546,0.3333333333333333,-0.02727272727272728,0.0,-0.6000000000000001,0.0,-0.6727272727272727
2023-03-27,0.2727272727272727,-0.6818181818181819,0.3333333333333333,0.350798176635218,0.3333333333333333,-0.44545454545454555,0.3333333333333333,0.02727272727272728,0.0,-0.5363636363636364,0.0,-0.5818181818181819
2023-03-28,0.2727272727272727,-0.7272727272727273,0.0,-0.3727272727272728,0.0,-0.7181818181818183,0.3333333333333333,-0.11818181818181818,0.0,-0.6454545454545455,0.0,-0.4000000000000001
2023-03-29,0.2727272727272727,-0.7545454545454545,0.3333333333333333,0.44545454545454555,0.0,-0.5545454545454546,0.3333333333333333,-0.11818181818181818,0.0,-0.7545454545454545,0.3333333333333333,-0.03636363636363637
2023-03-30,0.2727272727272727,-0.7454545454545456,0.3333333333333333,0.690909090909091,0.0,-0.7000000000000001,0.3333333333333333,0.02727272727272728,0.0,-0.7545454545454545,0.3333333333333333,-0.18181818181818182
2023-03-31,0.2727272727272727,-0.6181818181818182,0.6666666666666666,0.3545454545454546,0.0,-0.6363636363636364,0.3333333333333333,-0.02727272727272728,0.0,-0.6000000000000001,0.3333333333333333,-0.02727272727272728
2023-04-03,0.2727272727272727,-0.4727272727272727,0.0,0.45454545454545453,0.0,-0.5,0.0,-0.20909090909090913,0.0,-0.4909090909090909,0.0,0.0
2023-04-04,0.2727272727272727,-0.46363636363636374,0.3333333333333333,-0.02727272727272728,0.0,-0.45454545454545453,0.0,-0.3545454545454546,0.0,-0.45454545454545453,0.0,-0.02727272727272728
2023-04-05,0.2727272727272727,-0.5818181818181819,0.3333333333333333,-0.06363636363636364,0.0,-0.41818181818181827,0.3333333333333333,0.20909090909090913,0.3333333333333333,-0.3181818181818182,0.3333333333333333,-0.3727272727272728
2023-04-06,0.2727272727272727,-0.8090909090909091,0.0,-0.24545454545454545,0.0,-0.6818181818181819,0.3333333333333333,0.20909090909090913,0.3333333333333333,-0.4090909090909091,0.0,-0.6090909090909091
2023-04-10,0.2727272727272727,-0.7000000000000001,0.0,-0.43636363636363645,0.0,-0.7454545454545456,0.3333333333333333,0.11818181818181818,0.0,-0.4783611499571155,0.3333333333333333,-0.29090909090909095
2023-04-11,0.2727272727272727,-0.7272727272727273,0.3333333333333333,0.018181818181818184,0.0,-0.5454545454545455,0.3333333333333333,-0.03636363636363637,0.0,-0.4090909090909091,0.0,-0.28181818181818186
2023-04-12,0.2727272727272727,-0.6636363636363638,0.6666666666666666,0.5909090909090909,0.0,-0.36363636363636365,0.3333333333333333,0.0,0.0,-0.4909090909090909,0.0,-0.29090909090909095
2023-04-13,0.2727272727272727,-0.5780059766913394,0.0,-0.11818181818181818,0.3333333333333333,-0.29090909090909095,0.6666666666666666,0.22727272727272727,0.0,-0.5785892004243207,0.3333333333333333,-0.3090909090909091
2023-04-14,0.2727272727272727,-0.5090909090909091,0.3333333333333333,-0.05922566618516668,0.0,-0.5818181818181819,0.3333333333333333,0.24545454545454545,0.0,-0.44545454545454555,0.0,-0.3545454545454546
2023-04-17,0.2727272727272727,-0.5330309956665001,0.3333333333333333,-0.10478387094298722,0.0,-0.20000000000000004,0.6666666666666666,0.22727272727272727,0.3333333333333333,-0.045454545454545456,0.3333333333333333,-0.2545454545454546
2023-04-18,0.2727272727272727,-0.3545454545454546,0.3333333333333333,0.05454545454545456,0.0,-0.3181818181818182,0.6666666666666666,0.24545454545454545,0.0,-0.4000000000000001,0.3333333333333333,-0.41818181818181827
2023-04-19,0.2727272727272727,-0.690909090909091,0.3333333333333333,-0.10909090909090911,0.0,-0.7000000000000001,0.3333333333333333,-0.05454545454545456,0.3333333333333333,-0.26363636363636367,0.0,-0.7454545454545456
2023-04-20,0.2727272727272727,-0.7000000000000001,0.3333333333333333,-0.06363636363636364,0.0,-0.8000000000000002,0.3333333333333333,0.11818181818181818,0.0,-0.3181818181818182,0.0,-0.7272727272727273
2023-04-21,0.2727272727272727,-0.6545454545454547,0.0,-0.26363636363636367,0.0,-0.6363636363636364,0.3333333333333333,-0.3090909090909091,0.0,-0.23636363636363636,0.0,-0.6818181818181819
2023-04-24,0.2727272727272727,-0.7636363636363637,0.3333333333333333,-0.4965844318602437,0.0,-0.8090909090909091,0.3333333333333333,-0.20909090909090913,0.0,-0.3181818181818182,0.0,-0.8272727272727273
2023-04-25,0.2727272727272727,-0.8363636363636365,0.0,-0.39090909090909093,0.0,-0.8363636363636365,0.0,-0.13636363636363638,0.0,-0.3090909090909091,0.0,-0.7727272727272727
2023-04-26,0.2727272727272727,-0.8454545454545455,0.0,-0.5454545454545455,0.0,-0.7000000000000001,0.3333333333333333,0.07272727272727274,0.0,-0.3545454545454546,0.0,-0.7727272727272727
2023-04-27,0.2727272727272727,-0.6000000000000001,0.0,-0.4909090909090909,0.0,-0.6000000000000001,0.3333333333333333,-0.009090909090909092,0.0,-0.5090909090909091,0.0,-0.6636363636363638
2023-04-28,0.2727272727272727,-0.6727272727272727,0.0,-0.5831450209001027,0.0,-0.8545454545454546,0.6666666666666666,0.1272727272727273,0.0,-0.5818181818181819,0.0,-0.790909090909091
2023-05-01,0.2727272727272727,-0.7181818181818183,0.3333333333333333,0.04555820475782052,0.0,-0.6454545454545455,0.6666666666666666,0.27272727272727276,0.3333333333333333,-0.4090909090909091,0.0,-0.6272727272727273
2023-05-02,0.2727272727272727,-0.7000000000000001,0.0,0.2568915451961508,0.0,-0.6818181818181819,0.6666666666666666,0.19090909090909092,0.3333333333333333,-0.6000000000000001,0.0,-0.6272727272727273
2023-05-03,0.2727272727272727,-0.7699336604071668,0.0,-0.6332590461337052,0.0,-0.6363636363636364,0.6666666666666666,-0.05454545454545456,0.0,-0.690909090909091,0.0,-0.5545454545454546
2023-05-04,0.2727272727272727,-0.8154918651649874,0.0,-0.5102518932875899,0.0,-0.4272727272727273,0.3333333333333333,-0.06363636363636364,0.0,-0.8090909090909091,0.0,-0.4727272727272727
2023-05-05,0.2727272727272727,-0.7727272727272727,0.3333333333333333,-0.3272727272727273,0.0,-0.38181818181818183,0.6666666666666666,0.018181818181818184,0.0,-0.6363636363636364,0.0,-0.6181818181818182
2023-05-08,0.2727272727272727,-0.7363636363636363,0.3333333333333333,0.08181818181818183,0.0,-0.48181818181818187,0.6666666666666666,0.07272727272727274,0.0,-0.6090909090909091,0.0,-0.6090909090909091
2023-05-09,0.2727272727272727,-0.6363636363636364,0.6666666666666666,0.39090909090909093,0.3333333333333333,-0.36363636363636365,0.3333333333333333,-0.018181818181818184,0.0,-0.7181818181818183,0.0,-0.46363636363636374
2023-05-10,0.2727272727272727,-0.6000000000000001,0.3333333333333333,0.41818181818181827,0.3333333333333333,-0.33636363636363636,0.6666666666666666,0.36363636363636365,0.0,-0.18181818181818182,0.0,-0.3545454545454546
2023-05-11,0.2727272727272727,-0.4909090909090909,1.0,0.9545454545454546,0.0,-0.33636363636363636,0.3333333333333333,-0.05454545454545456,0.0,-0.5,0.0,-0.3454545454545455
2023-05-12,0.2727272727272727,-0.6363636363636364,0.3333333333333333,0.790909090909091,0.0,-0.3454545454545455,0.3333333333333333,-0.009090909090909092,0.3333333333333333,-0.08181818181818183,0.3333333333333333,0.018181818181818184
2023-05-15,0.2727272727272727,-0.5785892004243206,0.3333333333333333,0.6879288918430899,0.0,-0.5011402523360257,0.6666666666666666,0.086560589039859,0.3333333333333333,-0.2323468442648847,0.3333333333333333,-0.03644656380625642
2023-05-16,0.2727272727272727,-0.5909090909090909,0.6666666666666666,0.9181818181818183,0.0,-0.4727272727272727,0.6666666666666666,0.15454545454545454,0.6666666666666666,-0.05454545454545456,0.3333333333333333,-0.13636363636363638
2023-05-17,0.2727272727272727,-0.46363636363636374,0.6666666666666666,0.8428267880196796,0.3333333333333333,0.07272727272727274,0.3333333333333333,-0.06363636363636364,0.6666666666666666,0.20909090909090913,0.3333333333333333,-0.09090909090909091
2023-05-18,0.2727272727272727,-0.4054680223446026,0.6666666666666666,0.8173515981735161,0.3333333333333333,0.054669845709384636,0.3333333333333333,0.086560589039859,0.6666666666666666,0.13211879379767952,0.3333333333333333,0.027334922854692318
2023-05-19,0.2727272727272727,-0.09090909090909091,0.3333333333333333,0.6241474051821412,0.3333333333333333,0.5181818181818182,0.3333333333333333,-0.22727272727272727,0.6666666666666666,0.5636363636363637,0.3333333333333333,0.26363636363636367
2023-05-22,0.2727272727272727,-0.44545454545454555,0.3333333333333333,0.3272727272727273,0.3333333333333333,-0.009090909090909092,0.3333333333333333,-0.33636363636363636,0.3333333333333333,0.1272727272727273,0.3333333333333333,-0.045454545454545456
2023-05-23,0.2727272727272727,-0.23636363636363636,0.0,-0.13636363636363638,0.3333333333333333,0.19090909090909092,0.3333333333333333,0.07272727272727274,0.0,0.02727272727272728,0.3333333333333333,0.21818181818181823
2023-05-24,0.2727272727272727,-0.46363636363636374,0.0,-0.20909090909090913,0.3333333333333333,-0.15454545454545454,0.3333333333333333,-0.20000000000000004,0.0,-0.30000000000000004,0.3333333333333333,-0.045454545454545456
2023-05-25,0.2727272727272727,-0.33636363636363636,0.3333333333333333,0.050114025233602574,0.0,-0.33636363636363636,0.0,-0.5181818181818182,0.3333333333333333,-0.3454545454545455,0.0,-0.26363636363636367
2023-05-26,0.2727272727272727,-0.3272727272727273,0.0,-0.07272727272727274,0.3333333333333333,-0.4000000000000001,0.3333333333333333,-0.5545454545454546,0.0,-0.23636363636363636,0.3333333333333333,-0.4000000000000001
2023-05-30,0.2727272727272727,-0.36363636363636365,0.6666666666666666,0.013667461427346159,0.0,-0.3181818181818182,0.0,-0.5272727272727273,0.3333333333333333,0.0,0.0,-0.46363636363636374
2023-05-31,0.2727272727272727,-0.5818181818181819,0.6666666666666666,0.12756297332189748,0.0,-0.43636363636363645,0.3333333333333333,-0.6363636363636364,0.0,-0.3454545454545455,0.0,-0.45454545454545453
2023-06-01,0.2727272727272727,-0.6545454545454547,0.0,-0.3181818181818182,0.0,-0.5272727272727273,0.0,-0.5090909090909091,0.0,-0.3545454545454546,0.0,-0.5181818181818182
2023-06-02,0.2727272727272727,-0.6272727272727273,0.3333333333333333,0.7545454545454545,0.3333333333333333,-0.36363636363636365,0.0,-0.46363636363636374,0.6666666666666666,0.3545454545454546,0.0,-0.36363636363636365
2023-06-05,0.2727272727272727,-0.5148077137633719,0.0,0.2369026647406667,0.0,-0.5272727272727273,0.3333333333333333,-0.26363636363636367,0.3333333333333333,0.18181818181818182,0.0,-0.41818181818181827
2023-06-06,0.2727272727272727,-0.5968124823274489,0.3333333333333333,0.45454545454545453,0.0,-0.5818181818181819,0.0,-0.03636363636363637,0.6666666666666666,0.20909090909090913,0.3333333333333333,-0.39090909090909093
2023-06-07,0.2727272727272727,-0.17272727272727276,0.3333333333333333,0.5909090909090909,0.0,-0.33636363636363636,0.3333333333333333,-0.06363636363636364,0.6666666666666666,0.23636363636363636,0.3333333333333333,-0.30000000000000004
2023-06-08,0.2727272727272727,-0.20909090909090913,0.3333333333333333,0.4090909090909091,0.0,-0.6000000000000001,0.3333333333333333,-0.10909090909090911,0.6666666666666666,0.13636363636363638,0.0,-0.6454545454545455
2023-06-09,0.2727272727272727,-0.2277910237891026,0.3333333333333333,0.41818181818181827,0.3333333333333333,-0.38181818181818183,0.0,-0.15454545454545454,0.6666666666666666,0.24545454545454545,0.0,-0.5181818181818182
2023-06-12,0.2727272727272727,-0.5603659185211924,0.3333333333333333,0.045454545454545456,0.0,-0.5727272727272729,0.0,-0.19090909090909092,0.0,-0.4090909090909091,0.3333333333333333,-0.4272727272727273
2023-06-13,0.2727272727272727,-0.5284751751907181,0.3333333333333333,0.15945371665237182,0.3333333333333333,-0.25512594664379495,0.0,-0.11818181818181818,0.0,-0.30000000000000004,0.3333333333333333,-0.3545454545454546
2023-06-14,0.2727272727272727,-0.5545454545454546,0.3333333333333333,0.03644656380625642,0.0,-0.5909090909090909,0.3333333333333333,-0.16363636363636366,0.3333333333333333,-0.18181818181818182,0.0,-0.5909090909090909
2023-06-15,0.2727272727272727,-0.4601378680539873,0.3333333333333333,0.1412304347492436,0.3333333333333333,-0.43636363636363645,0.0,-0.17272727272727276,0.0,-0.3727272727272728,0.0,-0.6272727272727273
2023-06-16,0.2727272727272727,-0.44545454545454555,0.0,0.20956774188597443,0.0,-0.4464704066266411,0.3333333333333333,-0.20909090909090913,0.0,-0.4000000000000001,0.0,-0.5
2023-06-20,0.2727272727272727,-0.7000000000000001,0.6666666666666666,0.7090909090909092,0.0,-0.28181818181818186,0.0,-0.6000000000000001,0.0,-0.6818181818181819,0.0,-0.09090909090909091
2023-06-21,0.2727272727272727,-0.4272727272727273,0.3333333333333333,0.43636363636363645,0.3333333333333333,0.21818181818181823,0.0,-0.6545454545454547,0.3333333333333333,-0.045454545454545456,0.3333333333333333,0.08181818181818183
2023-06-22,0.2727272727272727,-0.6545454545454547,0.0,0.3545454545454546,0.0,-0.38181818181818183,0.3333333333333333,-0.6454545454545455,0.0,-0.7000000000000001,0.3333333333333333,-0.05454545454545456
2023-06-23,0.2727272727272727,-0.8454545454545455,0.0,0.3727272727272728,0.0,0.02727272727272728,0.0,-0.5636363636363637,0.0,-0.6636363636363638,0.3333333333333333,-0.045454545454545456
2023-06-26,0.2727272727272727,-0.6742614304157437,0.6666666666666666,0.12300715284611541,0.3333333333333333,-0.22323520331332058,0.0,-0.5877008413758847,0.3333333333333333,0.11845133237033335,0.0,-0.07744894808829489
2023-06-27,0.2727272727272727,-0.7727272727272727,0.3333333333333333,-0.16363636363636366,0.0,-0.5090909090909091,0.0,-0.6727272727272727,0.3333333333333333,-0.41818181818181827,0.0,-0.5454545454545455
2023-06-28,0.2727272727272727,-0.7636363636363637,0.3333333333333333,0.09111640951564104,0.3333333333333333,-0.2545454545454546,0.0,-0.8090909090909091,0.0,-0.6181818181818182,0.0,-0.3272727272727273
2023-06-29,0.2727272727272727,-0.6272727272727273,0.3333333333333333,0.37813309948991036,0.3333333333333333,-0.02727272727272728,0.0,-0.4909090909090909,0.3333333333333333,-0.06363636363636364,0.0,-0.3545454545454546
2023-06-30,0.2727272727272727,-0.41913548377194887,0.3333333333333333,0.18223281903128208,0.3333333333333333,-0.24601430569223082,0.0,-0.514807713763372,0.3333333333333333,0.009111640951564104,0.0,-0.3735772790141283
2023-07-03,0.2727272727272727,-0.6454545454545455,0.3333333333333333,0.06363636363636364,0.3333333333333333,-0.3181818181818182,0.0,-0.5909090909090909,0.3333333333333333,-0.16363636363636366,0.0,-0.5090909090909091
2023-07-05,0.2727272727272727,-0.48181818181818187,0.3333333333333333,0.6181818181818182,0.3333333333333333,-0.05454545454545456,0.3333333333333333,-0.13636363636363638,0.3333333333333333,-0.09090909090909091,0.3333333333333333,-0.13636363636363638
2023-07-06,0.2727272727272727,-0.24545454545454545,0.3333333333333333,0.3181818181818182,0.3333333333333333,-0.14545454545454548,0.3333333333333333,-0.045454545454545456,0.3333333333333333,-0.14545454545454548,0.3333333333333333,-0.15454545454545454
2023-07-07,0.2727272727272727,-0.5272727272727273,0.3333333333333333,0.8000000000000002,0.3333333333333333,-0.02727272727272728,0.3333333333333333,0.20000000000000004,0.3333333333333333,0.045454545454545456,0.3333333333333333,0.06363636363636364
2023-07-10,0.2727272727272727,-0.4090909090909091,0.6666666666666666,0.3599098175867821,0.3333333333333333,-0.45454545454545453,0.0,0.02727272727272728,0.3333333333333333,-0.22727272727272727,0.3333333333333333,-0.3090909090909091
2023-07-11,0.2727272727272727,-0.4000000000000001,0.6666666666666666,0.5512542775696283,0.3333333333333333,-0.38181818181818183,0.3333333333333333,-0.4272727272727273,0.3333333333333333,-0.009090909090909092,0.3333333333333333,-0.39090909090909093
2023-07-12,0.2727272727272727,-0.26363636363636367,0.3333333333333333,0.2961283309258334,0.3333333333333333,-0.29090909090909095,0.3333333333333333,-0.5909090909090909,0.3333333333333333,-0.20000000000000004,0.3333333333333333,-0.4000000000000001
2023-07-13,0.2727272727272727,-0.24545454545454545,0.3333333333333333,0.6000000000000001,0.3333333333333333,-0.06363636363636364,0.3333333333333333,-0.26363636363636367,0.3333333333333333,0.14545454545454548,0.3333333333333333,-0.13636363636363638
2023-07-14,0.2727272727272727,-0.14545454545454548,0.3333333333333333,-0.22727272727272727,0.3333333333333333,-0.18181818181818182,0.3333333333333333,-0.28181818181818186,0.3333333333333333,-0.21818181818181823,0.3333333333333333,-0.27272727272727276
2023-07-17,0.2727272727272727,-0.22727272727272727,0.3333333333333333,0.05922566618516668,0.3333333333333333,-0.09090909090909091,0.6666666666666666,-0.10909090909090911,0.3333333333333333,-0.4272727272727273,0.3333333333333333,0.05454545454545456
2023-07-18,0.2727272727272727,-0.13211879379767952,0.3333333333333333,0.31193973345246884,0.6666666666666666,0.16363636363636366,0.0,0.14545454545454548,0.0,-0.46363636363636374,0.6666666666666666,0.4909090909090909
2023-07-19,0.2727272727272727,-0.30000000000000004,0.3333333333333333,-0.03189074333047437,0.6666666666666666,0.11818181818181818,0.0,-0.3454545454545455,0.0,-0.7000000000000001,0.6666666666666666,0.4272727272727273
2023-07-20,0.2727272727272727,-0.29090909090909095,0.6666666666666666,0.02727272727272728,0.3333333333333333,-0.11818181818181818,0.0,-0.26363636363636367,0.6666666666666666,-0.24545454545454545,0.3333333333333333,0.2545454545454546
2023-07-21,0.2727272727272727,-0.33636363636363636,0.6666666666666666,0.10000000000000002,0.3333333333333333,-0.1272727272727273,0.0,-0.6363636363636364,0.3333333333333333,-0.05454545454545456,0.6666666666666666,0.06363636363636364
2023-07-24,0.2727272727272727,-0.09090909090909091,0.3333333333333333,-0.22727272727272727,0.3333333333333333,-0.24545454545454545,0.3333333333333333,-0.10000000000000002,0.3333333333333333,-0.5454545454545455,0.6666666666666666,0.06363636363636364
2023-07-25,0.2727272727272727,-0.23636363636363636,0.3333333333333333,-0.018181818181818184,0.6666666666666666,0.0956722299914231,0.3333333333333333,-0.045454545454545456,0.3333333333333333,-0.33636363636363636,0.6666666666666666,-0.045454545454545456
2023-07-26,0.2727272727272727,-0.23636363636363636,0.3333333333333333,-0.27272727272727276,0.3333333333333333,0.10000000000000002,0.0,-0.06363636363636364,0.3333333333333333,-0.1272727272727273,0.6666666666666666,-0.14545454545454548
2023-07-27,0.2727272727272727,-0.5181818181818182,0.0,-0.23636363636363636,0.3333333333333333,-0.23636363636363636,0.6666666666666666,0.5727272727272729,0.0,-0.3272727272727273,0.3333333333333333,-0.3454545454545455
2023-07-28,0.2727272727272727,-0.4727272727272727,0.3333333333333333,-0.2369026647406667,0.3333333333333333,-0.14545454545454548,0.6666666666666666,0.2545454545454546,0.3333333333333333,0.018181818181818184,0.3333333333333333,-0.27272727272727276
2023-07-31,0.2727272727272727,-0.7289312761251283,0.0,-0.5272727272727273,0.0,-0.5558100980454104,0.6666666666666666,-0.018181818181818184,0.0,-0.3272727272727273,0.0,-0.44545454545454555
2023-08-01,0.2727272727272727,-0.4727272727272727,0.0,-0.46790960017870326,0.0,-0.18181818181818182,0.6666666666666666,0.18181818181818182,0.0,-0.4727272727272727,0.0,-0.4000000000000001
2023-08-02,0.2727272727272727,-0.8000000000000002,0.0,-0.48625899626414265,0.0,-0.4909090909090909,0.6666666666666666,0.3454545454545455,0.0,-0.5454545454545455,0.0,-0.5545454545454546
2023-08-03,0.2727272727272727,-0.7545454545454545,0.0,-0.7272727272727273,0.0,-0.5454545454545455,0.3333333333333333,-0.018181818181818184,0.0,-0.5818181818181819,0.0,-0.4272727272727273
2023-08-04,0.2727272727272727,-0.7818181818181819,0.3333333333333333,-0.13636363636363638,0.0,-0.6454545454545455,0.3333333333333333,-0.06363636363636364,0.0,-0.6454545454545455,0.0,-0.4272727272727273
2023-08-07,0.2727272727272727,-0.2733492285469231,0.3333333333333333,-0.19090909090909092,0.3333333333333333,-0.2545454545454546,0.6666666666666666,0.08181818181818183,0.3333333333333333,-0.43636363636363645,0.3333333333333333,0.11818181818181818
2023-08-08,0.2727272727272727,-0.48181818181818187,0.3333333333333333,-0.07272727272727274,0.3333333333333333,-0.009090909090909092,0.3333333333333333,0.33636363636363636,0.0,-0.4909090909090909,0.3333333333333333,0.045454545454545456
2023-08-09,0.2727272727272727,-0.7363636363636363,0.3333333333333333,-0.10092167846991638,0.3333333333333333,0.06363636363636364,0.3333333333333333,-0.15454545454545454,0.3333333333333333,-0.39090909090909093,0.3333333333333333,-0.08181818181818183
2023-08-10,0.2727272727272727,-0.7818181818181819,0.3333333333333333,-0.11818181818181818,0.3333333333333333,0.0,0.3333333333333333,0.19090909090909092,0.0,-0.46363636363636374,0.3333333333333333,0.02727272727272728
2023-08-11,0.2727272727272727,-0.7608220194556026,0.3333333333333333,-0.43636363636363645,0.0,-0.5454545454545455,0.0,-0.5363636363636364,0.0,-0.5090909090909091,0.0,-0.6181818181818182
2023-08-14,0.2727272727272727,-0.6636363636363638,0.0,-0.086560589039859,0.0,-0.3727272727272728,0.0,-0.24545454545454545,0.0,-0.45454545454545453,0.0,-0.4272727272727273
2023-08-15,0.2727272727272727,-0.8363636363636365,0.3333333333333333,0.21461410953929488,0.0,-0.4909090909090909,0.0,-0.3545454545454546,0.0,-0.8727272727272729,0.0,-0.5454545454545455
2023-08-16,0.2727272727272727,-0.7636363636363637,0.0,0.06363636363636364,0.0,-0.6090909090909091,0.0,-0.4090909090909091,0.0,-0.7636363636363637,0.0,-0.5454545454545455
2023-08-17,0.2727272727272727,-0.7818181818181819,0.0,-0.2369026647406667,0.0,-0.6636363636363638,0.0,-0.33636363636363636,0.0,-0.6363636363636364,0.0,-0.5272727272727273
2023-08-18,0.2727272727272727,-0.6818181818181819,0.0,-0.39090909090909093,0.0,-0.8181818181818182,0.0,-0.5909090909090909,0.0,-0.7545454545454545,0.0,-0.6272727272727273
2023-08-21,0.2727272727272727,-0.8272727272727273,0.0,-0.1272727272727273,0.0,-0.7818181818181819,0.0,-0.45454545454545453,0.0,-0.7636363636363637,0.0,-0.5272727272727273
2023-08-22,0.2727272727272727,-0.7636363636363637,0.0,0.009090909090909092,0.0,-0.8272727272727273,0.0,-0.46363636363636374,0.0,-0.6545454545454547,0.0,-0.5909090909090909
2023-08-23,0.2727272727272727,-0.8909090909090911,0.6666666666666666,0.43636363636363645,0.0,-0.8000000000000002,0.0,-0.4000000000000001,0.0,-0.7636363636363637,0.0,-0.5727272727272729
2023-08-24,0.2727272727272727,-0.8454545454545455,0.6666666666666666,0.39090909090909093,0.0,-0.8727272727272729,0.0,-0.33636363636363636,0.0,-0.4000000000000001,0.0,-0.690909090909091
2023-08-25,0.2727272727272727,-0.7090909090909092,0.3333333333333333,0.29090909090909095,0.0,-0.7181818181818183,0.0,-0.2545454545454546,0.0,-0.41818181818181827,0.3333333333333333,-0.44545454545454555
2023-08-28,0.2727272727272727,-0.30000000000000004,0.3333333333333333,0.29090909090909095,0.0,-0.7818181818181819,0.0,-0.28181818181818186,0.3333333333333333,-0.30000000000000004,0.0,-0.6000000000000001
2023-08-29,0.2727272727272727,-0.3735772790141283,0.6666666666666666,0.3234632537805257,0.0,-0.779045301358731,0.0,-0.2369026647406667,0.3333333333333333,-0.03644656380625642,0.0,-0.615035764230577
2023-08-30,0.2727272727272727,-0.30000000000000004,0.3333333333333333,-0.009090909090909092,0.0,-0.8909090909090911,0.0,-0.1272727272727273,0.6666666666666666,0.045454545454545456,0.0,-0.6454545454545455
2023-08-31,0.2727272727272727,-0.36363636363636365,0.6666666666666666,0.17272727272727276,0.0,-0.8909090909090911,0.0,-0.07272727272727274,0.3333333333333333,-0.02727272727272728,0.0,-0.8454545454545455
2023-09-01,0.2727272727272727,-0.6363636363636364,0.6666666666666666,0.39090909090909093,0.0,-0.5272727272727273,0.0,-0.16363636363636366,0.0,-0.3090909090909091,0.0,-0.6727272727272727
2023-09-05,0.2727272727272727,-0.41818181818181827,0.3333333333333333,-0.07744894808829489,0.0,-0.3545454545454546,0.3333333333333333,0.09090909090909091,0.6666666666666666,-0.11818181818181818,0.0,-0.5727272727272729
2023-09-06,0.2727272727272727,-0.6363636363636364,0.3333333333333333,-0.21412356236175645,0.0,-0.6090909090909091,0.3333333333333333,-0.3727272727272728,0.3333333333333333,-0.24545454545454545,0.0,-0.6454545454545455
2023-09-07,0.2727272727272727,-0.7000000000000001,0.3333333333333333,0.14545454545454548,0.0,-0.3272727272727273,0.0,-0.18181818181818182,0.3333333333333333,-0.24545454545454545,0.0,-0.6454545454545455
2023-09-08,0.2727272727272727,-0.6636363636363638,0.0,-0.28181818181818186,0.0,-0.6636363636363638,0.0,-0.6272727272727273,0.0,-0.18181818181818182,0.0,-0.39090909090909093
2023-09-11,0.2727272727272727,-0.5,0.0,-0.3690214585383462,0.0,-0.4909090909090909,0.0,-0.39090909090909093,0.0,-0.21818181818181823,0.0,-0.5090909090909091
2023-09-12,0.2727272727272727,-0.6636363636363638,0.0,-0.15454545454545454,0.0,-0.3545454545454546,0.0,-0.6272727272727273,0.0,-0.11818181818181818,0.0,-0.3090909090909091
2023-09-13,0.2727272727272727,-0.4909090909090909,0.0,-0.10000000000000002,0.0,-0.4727272727272727,0.0,-0.20000000000000004,0.0,-0.19090909090909092,0.0,-0.7000000000000001
2023-09-14,0.2727272727272727,-0.6000000000000001,0.3333333333333333,0.06363636363636364,0.0,-0.29090909090909095,0.3333333333333333,-0.009090909090909092,0.3333333333333333,-0.38181818181818183,0.0,-0.30000000000000004
2023-09-15,0.2727272727272727,-0.6363636363636364,0.0,0.10000000000000002,0.0,-0.6363636363636364,0.0,-0.30000000000000004,0.0,-0.3272727272727273,0.0,-0.6545454545454547
2023-09-18,0.2727272727272727,-0.3181818181818182,0.3333333333333333,-0.03636363636363637,0.0,-0.8727272727272729,0.3333333333333333,0.03636363636363637,0.3333333333333333,0.009090909090909092,0.0,-0.8181818181818182
2023-09-19,0.2727272727272727,-0.3090909090909091,0.3333333333333333,-0.10000000000000002,0.0,-0.7454545454545456,0.3333333333333333,0.20000000000000004,0.3333333333333333,0.018181818181818184,0.0,-0.8181818181818182
2023-09-20,0.2727272727272727,-0.30000000000000004,0.3333333333333333,-0.5636363636363637,0.0,-0.8454545454545455,0.3333333333333333,0.018181818181818184,0.3333333333333333,-0.15454545454545454,0.0,-0.6545454545454547
2023-09-21,0.2727272727272727,-0.17272727272727276,0.3333333333333333,-0.3454545454545455,0.0,-0.8545454545454546,0.3333333333333333,-0.3090909090909091,0.3333333333333333,0.0,0.0,-0.7090909090909092
2023-09-22,0.2727272727272727,0.13636363636363638,0.0,-0.30000000000000004,0.0,-0.6090909090909091,0.6666666666666666,0.24545454545454545,0.3333333333333333,0.02727272727272728,0.0,-0.3727272727272728
2023-09-25,0.2727272727272727,-0.18181818181818182,0.0,-0.20909090909090913,0.0,-0.5818181818181819,0.3333333333333333,-0.14545454545454548,0.0,-0.5454545454545455,0.3333333333333333,0.0
2023-09-26,0.2727272727272727,-0.38181818181818183,0.3333333333333333,-0.1272727272727273,0.0,-0.7000000000000001,0.3333333333333333,-0.3727272727272728,0.0,-0.4000000000000001,0.3333333333333333,-0.2545454545454546
2023-09-27,0.2727272727272727,-0.4090909090909091,0.3333333333333333,0.24545454545454545,0.0,-0.7152638146977822,0.0,-0.4000000000000001,0.0,-0.17272727272727276,0.3333333333333333,-0.3272727272727273
2023-09-28,0.2727272727272727,-0.7090909090909092,0.3333333333333333,-0.20501192141019234,0.0,-0.5909090909090909,0.0,-0.03636363636363637,0.0,-0.14545454545454548,0.0,-0.22727272727272727
2023-09-29,0.2727272727272727,-0.690909090909091,0.3333333333333333,-0.07272727272727274,0.0,-0.28181818181818186,0.3333333333333333,0.15454545454545454,0.3333333333333333,-0.29090909090909095,0.0,-0.22727272727272727
2023-10-02,0.2727272727272727,-0.6272727272727273,0.0,-0.10909090909090911,0.0,0.20909090909090913,0.3333333333333333,0.24545454545454545,0.3333333333333333,-0.4090909090909091,0.3333333333333333,-0.18181818181818182
2023-10-03,0.2727272727272727,-0.7000000000000001,0.3333333333333333,0.18181818181818182,0.0,-0.5090909090909091,0.3333333333333333,0.15454545454545454,0.3333333333333333,-0.20909090909090913,0.3333333333333333,-0.21818181818181823
2023-10-04,0.2727272727272727,-0.8090909090909091,0.0,-0.03636363636363637,0.0,-0.33636363636363636,0.6666666666666666,0.5,0.0,-0.19090909090909092,0.3333333333333333,-0.13636363636363638
2023-10-05,0.2727272727272727,-0.5363636363636364,0.3333333333333333,-0.05922566618516668,0.3333333333333333,0.018181818181818184,1.0,0.7000000000000001,0.0,-0.3599098175867821,0.3333333333333333,-0.3272727272727273
2023-10-06,0.2727272727272727,-0.39180056091725646,0.6666666666666666,0.07272727272727274,0.6666666666666666,0.3181818181818182,0.3333333333333333,0.4272727272727273,0.3333333333333333,-0.39090909090909093,0.0,-0.3454545454545455
2023-10-09,0.2727272727272727,-0.6000000000000001,1.0,0.5090909090909091,0.3333333333333333,0.03636363636363637,0.3333333333333333,0.5363636363636364,0.0,-0.6272727272727273,0.0,-0.3090909090909091
2023-10-10,0.2727272727272727,-0.8181818181818182,0.3333333333333333,0.2505701261680129,0.0,-0.02727272727272728,0.3333333333333333,0.19090909090909092,0.0,-0.8636363636363636,0.0,-0.14545454545454548
2023-10-11,0.2727272727272727,-0.8727272727272729,0.3333333333333333,0.045454545454545456,0.0,-0.39090909090909093,0.6666666666666666,0.29090909090909095,0.0,-0.8272727272727273,0.0,-0.14545454545454548
2023-10-12,0.2727272727272727,-0.7727272727272727,0.0,-0.29157251045005134,0.0,-0.09090909090909091,0.3333333333333333,0.10909090909090911,0.0,-0.7272727272727273,0.0,-0.13636363636363638
2023-10-13,0.2727272727272727,-0.7272727272727273,0.0,-0.6181818181818182,0.0,-0.21818181818181823,0.3333333333333333,-0.3727272727272728,0.0,-0.4909090909090909,0.0,-0.19090909090909092
2023-10-16,0.2727272727272727,-0.6454545454545455,0.0,-0.17272727272727276,0.0,-0.30000000000000004,0.3333333333333333,-0.22727272727272727,0.3333333333333333,-0.6272727272727273,0.0,-0.3454545454545455
2023-10-17,0.2727272727272727,-0.7272727272727273,0.3333333333333333,0.10000000000000002,0.0,-0.6727272727272727,0.0,-0.6818181818181819,0.3333333333333333,-0.36363636363636365,0.0,-0.20909090909090913
2023-10-18,0.2727272727272727,-0.5454545454545455,0.3333333333333333,0.05454545454545456,0.0,-0.46363636363636374,0.0,-0.5727272727272729,0.0,-0.41818181818181827,0.0,-0.18181818181818182
2023-10-19,0.2727272727272727,-0.6363636363636364,0.6666666666666666,0.19090909090909092,0.0,-0.41818181818181827,0.0,-0.38181818181818183,0.0,-0.3727272727272728,0.0,-0.6181818181818182
2023-10-20,0.2727272727272727,-0.6000000000000001,0.6666666666666666,0.46363636363636374,0.3333333333333333,-0.5181818181818182,0.0,-0.28181818181818186,0.0,-0.45454545454545453,0.0,-0.5818181818181819
2023-10-23,0.2727272727272727,-0.5818181818181819,0.3333333333333333,-0.02727272727272728,0.3333333333333333,-0.20000000000000004,0.0,-0.21818181818181823,0.0,-0.8727272727272729,0.0,-0.4090909090909091
2023-10-24,0.2727272727272727,-0.5272727272727273,0.3333333333333333,0.19090909090909092,0.3333333333333333,0.02727272727272728,0.0,-0.3727272727272728,0.0,-0.38181818181818183,0.3333333333333333,-0.38181818181818183
2023-10-25,0.2727272727272727,-0.6454545454545455,0.0,-0.13636363636363638,0.3333333333333333,-0.05454545454545456,0.0,-0.3727272727272728,0.0,-0.6818181818181819,0.3333333333333333,-0.18181818181818182
2023-10-26,0.2727272727272727,-0.7000000000000001,0.0,0.22727272727272727,0.0,-0.21818181818181823,0.0,-0.5727272727272729,0.0,-0.6181818181818182,0.3333333333333333,-0.27272727272727276
2023-10-27,0.2727272727272727,-0.7181818181818183,0.0,-0.23234684426488467,0.0,-0.27272727272727276,0.0,-0.43636363636363645,0.0,-0.8636363636363636,0.0,-0.5454545454545455
2023-10-30,0.2727272727272727,-0.8363636363636365,0.0,-0.36363636363636365,0.0,-0.38181818181818183,0.3333333333333333,-0.3727272727272728,0.3333333333333333,-0.5727272727272729,0.3333333333333333,-0.5545454545454546
2023-10-31,0.2727272727272727,-0.7363636363636363,0.3333333333333333,-0.018181818181818184,0.0,-0.02727272727272728,0.3333333333333333,-0.26363636363636367,0.3333333333333333,-0.5545454545454546,0.0,-0.4909090909090909
2023-11-01,0.2727272727272727,-0.881818181818182,0.3333333333333333,0.29090909090909095,0.0,-0.5818181818181819,0.3333333333333333,-0.41818181818181827,0.3333333333333333,-0.43636363636363645,0.0,-0.5909090909090909
2023-11-02,0.2727272727272727,-0.881818181818182,0.0,-0.05454545454545456,0.0,-0.8000000000000002,0.0,-0.5181818181818182,0.0,-0.5181818181818182,0.0,-0.6181818181818182
2023-11-03,0.2727272727272727,-0.9090909090909091,0.3333333333333333,0.0956722299914231,0.0,-0.7454545454545456,0.0,-0.29090909090909095,0.0,-0.2545454545454546,0.0,-0.6090909090909091
2023-11-06,0.2727272727272727,-0.7636363636363637,0.3333333333333333,0.16363636363636366,0.0,-0.7090909090909092,0.3333333333333333,-0.10000000000000002,0.0,-0.27272727272727276,0.0,-0.6000000000000001
2023-11-07,0.2727272727272727,-0.6636363636363638,0.3333333333333333,-0.10000000000000002,0.0,-0.48181818181818187,0.3333333333333333,0.38181818181818183,0.0,-0.3272727272727273,0.0,-0.5909090909090909
2023-11-08,0.2727272727272727,-0.7000000000000001,0.3333333333333333,0.24545454545454545,0.0,-0.5,0.3333333333333333,0.4090909090909091,0.3333333333333333,-0.018181818181818184,0.0,-0.6454545454545455
2023-11-09,0.2727272727272727,-0.5363636363636364,0.6666666666666666,0.3181818181818182,0.0,-0.6272727272727273,0.6666666666666666,0.6000000000000001,0.3333333333333333,-0.06363636363636364,0.0,-0.6363636363636364
2023-11-10,0.2727272727272727,-0.3090909090909091,0.6666666666666666,0.5909090909090909,0.0,-0.18181818181818182,0.6666666666666666,0.23636363636363636,0.6666666666666666,0.03636363636363637,0.0,-0.36363636363636365
2023-11-13,0.2727272727272727,-0.17272727272727276,0.6666666666666666,0.46790960017870326,0.0,-0.06363636363636364,0.6666666666666666,0.27272727272727276,0.6666666666666666,0.28181818181818186,0.0,-0.4272727272727273
2023-11-14,0.2727272727272727,-0.3727272727272728,0.0,0.06363636363636364,0.3333333333333333,-0.27272727272727276,0.3333333333333333,0.21818181818181823,0.3333333333333333,0.10909090909090911,0.3333333333333333,-0.3454545454545455
2023-11-15,0.2727272727272727,-0.4000000000000001,0.3333333333333333,-0.06363636363636364,0.3333333333333333,-0.3090909090909091,0.3333333333333333,0.11818181818181818,0.3333333333333333,0.11818181818181818,0.3333333333333333,-0.28181818181818186
2023-11-16,0.2727272727272727,-0.24545454545454545,0.3333333333333333,0.20909090909090913,0.3333333333333333,-0.3545454545454546,0.0,0.018181818181818184,0.3333333333333333,0.22727272727272727,0.0,-0.15454545454545454
2023-11-17,0.2727272727272727,-0.13636363636363638,0.3333333333333333,0.4783611499571155,0.3333333333333333,0.22727272727272727,0.0,0.4000000000000001,0.3333333333333333,0.4090909090909091,0.0,0.18181818181818182
2023-11-20,0.2727272727272727,-0.07272727272727274,0.3333333333333333,0.6090909090909091,0.3333333333333333,0.21818181818181823,0.0,0.3454545454545455,0.3333333333333333,-0.20000000000000004,0.0,0.14545454545454548
2023-11-21,0.2727272727272727,-0.30000000000000004,0.3333333333333333,0.5272727272727273,0.3333333333333333,0.13636363636363638,0.0,0.36363636363636365,0.6666666666666666,0.10909090909090911,0.3333333333333333,0.10909090909090911
2023-11-22,0.2727272727272727,0.0,0.6666666666666666,0.7636363636363637,0.3333333333333333,0.19090909090909092,0.0,0.17272727272727276,0.6666666666666666,0.09090909090909091,0.3333333333333333,0.14545454545454548
2023-11-24,0.2727272727272727,-0.3727272727272728,0.3333333333333333,0.3211144314951885,0.3333333333333333,-0.15454545454545454,0.3333333333333333,-0.13636363636363638,0.6666666666666666,0.06363636363636364,0.3333333333333333,-0.19090909090909092
2023-11-27,0.2727272727272727,-0.3454545454545455,0.3333333333333333,0.3272727272727273,0.6666666666666666,0.13636363636363638,0.3333333333333333,-0.08181818181818183,0.6666666666666666,0.21818181818181823,0.3333333333333333,0.05454545454545456
2023-11-28,0.2727272727272727,-0.3181818181818182,0.0,0.13636363636363638,0.0,-0.09090909090909091,0.3333333333333333,0.02727272727272728,0.3333333333333333,0.20909090909090913,0.3333333333333333,-0.06363636363636364
2023-11-29,0.2727272727272727,-0.36363636363636365,0.0,-0.07289312761251283,0.0,-0.16363636363636366,0.3333333333333333,-0.24545454545454545,0.3333333333333333,-0.09090909090909091,0.3333333333333333,0.018181818181818184
2023-11-30,0.2727272727272727,-0.23636363636363636,0.3333333333333333,0.16363636363636366,0.0,-0.045454545454545456,0.3333333333333333,0.045454545454545456,0.3333333333333333,-0.02727272727272728,0.3333333333333333,-0.10909090909090911
2023-12-01,0.2727272727272727,-0.2414584852164488,0.6666666666666666,0.43636363636363645,0.3333333333333333,-0.23636363636363636,0.3333333333333333,0.10000000000000002,0.3333333333333333,0.44545454545454555,0.3333333333333333,0.24545454545454545
2023-12-04,0.2727272727272727,-0.43636363636363645,1.0,0.44545454545454555,0.3333333333333333,-0.20909090909090913,0.6666666666666666,0.14545454545454548,0.6666666666666666,0.39090909090909093,0.6666666666666666,0.3727272727272728
2023-12-05,0.2727272727272727,-0.39090909090909093,0.6666666666666666,0.09090909090909091,0.3333333333333333,-0.15454545454545454,0.3333333333333333,0.06363636363636364,0.3333333333333333,0.018181818181818184,0.3333333333333333,0.20000000000000004
2023-12-06,0.2727272727272727,-0.15034207570080774,0.3333333333333333,0.09111640951564104,0.3333333333333333,0.24545454545454545,0.3333333333333333,-0.02727272727272728,0.0,-0.045454545454545456,0.3333333333333333,0.20909090909090913
2023-12-07,0.2727272727272727,-0.5636363636363637,0.3333333333333333,-0.018181818181818184,0.3333333333333333,-0.07272727272727274,0.0,-0.4090909090909091,0.0,-0.17272727272727276,0.3333333333333333,0.018181818181818184
2023-12-08,0.2727272727272727,-0.7363636363636363,0.3333333333333333,0.045454545454545456,0.3333333333333333,-0.3545454545454546,0.0,-0.6090909090909091,0.3333333333333333,-0.18181818181818182,0.3333333333333333,-0.30000000000000004
2023-12-11,0.2727272727272727,-0.27272727272727276,0.3333333333333333,-0.21412356236175645,0.3333333333333333,-0.05454545454545456,0.0,-0.3181818181818182,0.0,-0.46363636363636374,0.3333333333333333,0.10000000000000002
2023-12-12,0.2727272727272727,-0.2545454545454546,0.6666666666666666,-0.05454545454545456,0.3333333333333333,0.14545454545454548,0.0,-0.1272727272727273,0.0,-0.3272727272727273,0.3333333333333333,0.10909090909090911
2023-12-13,0.2727272727272727,-0.41818181818181827,0.3333333333333333,-0.009090909090909092,0.3333333333333333,-0.045454545454545456,0.3333333333333333,0.06363636363636364,0.0,-0.44545454545454555,0.3333333333333333,-0.05454545454545456
2023-12-14,0.2727272727272727,-0.5818181818181819,0.3333333333333333,-0.29090909090909095,0.3333333333333333,-0.27272727272727276,0.3333333333333333,-0.30000000000000004,0.3333333333333333,-0.2414584852164488,0.3333333333333333,-0.3272727272727273
2023-12-15,0.2727272727272727,-0.3727272727272728,0.3333333333333333,-0.4272727272727273,0.3333333333333333,-0.3454545454545455,0.3333333333333333,-0.23636363636363636,0.0,-0.6181818181818182,0.3333333333333333,-0.22727272727272727
2023-12-18,0.2727272727272727,-0.3090909090909091,0.3333333333333333,-0.009090909090909092,0.3333333333333333,-0.4090909090909091,0.3333333333333333,-0.1272727272727273,0.0,-0.5090909090909091,0.3333333333333333,-0.3454545454545455
2023-12-19,0.2727272727272727,-0.2545454545454546,0.3333333333333333,-0.15034207570080774,0.3333333333333333,-0.41818181818181827,0.3333333333333333,0.08181818181818183,0.0,-0.43636363636363645,0.3333333333333333,-0.39090909090909093
2023-12-20,0.2727272727272727,-0.30000000000000004,0.6666666666666666,0.5454545454545455,0.3333333333333333,-0.27272727272727276,0.3333333333333333,0.16363636363636366,0.0,-0.15454545454545454,0.3333333333333333,-0.30000000000000004
2023-12-21,0.2727272727272727,-0.26363636363636367,0.6666666666666666,0.4464704066266411,0.3333333333333333,-0.4272727272727273,0.0,-0.009090909090909092,0.0,-0.3272727272727273,0.3333333333333333,-0.3545454545454546
2023-12-22,0.2727272727272727,-0.1272727272727273,0.3333333333333333,-0.018181818181818184,0.0,0.10909090909090911,0.3333333333333333,-0.3545454545454546,0.0,-0.6090909090909091,0.0,-0.17272727272727276
2023-12-26,0.2727272727272727,-0.24545454545454545,0.0,-0.3454545454545455,0.0,-0.3181818181818182,0.0,-0.6363636363636364,0.0,-0.36363636363636365,0.0,-0.4000000000000001
2023-12-27,0.2727272727272727,-0.43636363636363645,0.0,-0.39180056091725646,0.3333333333333333,-0.06363636363636364,0.3333333333333333,-0.2545454545454546,0.0,-0.6727272727272727,0.0,-0.24545454545454545
2023-12-28,0.2727272727272727,-0.48181818181818187,0.3333333333333333,-0.05582905262390826,0.0,-0.38181818181818183,0.0,-0.45454545454545453,0.0,-0.6363636363636364,0.0,-0.5363636363636364
2023-12-29,0.2727272727272727,-0.6454545454545455,0.3333333333333333,-0.3727272727272728,0.0,-0.3545454545454546,0.0,-0.24545454545454545,0.0,-0.5636363636363637,0.0,-0.33636363636363636
2024-01-02,0.2727272727272727,-0.5909090909090909,0.0,-0.4909090909090909,0.0,-0.3545454545454546,0.0,-0.4272727272727273,0.0,-0.43636363636363645,0.0,-0.4909090909090909
2024-01-03,0.2727272727272727,-0.790909090909091,0.0,-0.3181818181818182,0.0,-0.48181818181818187,0.0,-0.6545454545454547,0.3333333333333333,-0.03636363636363637,0.0,-0.5909090909090909
2024-01-04,0.2727272727272727,-0.5636363636363637,0.0,-0.02727272727272728,0.0,-0.6000000000000001,0.0,-0.7090909090909092,0.3333333333333333,-0.17272727272727276,0.0,-0.45454545454545453
2024-01-05,0.2727272727272727,-0.5454545454545455,0.0,0.009090909090909092,0.0,-0.7363636363636363,0.0,-0.5727272727272729,0.0,-0.38181818181818183,0.3333333333333333,-0.28181818181818186
2024-01-08,0.2727272727272727,-0.1272727272727273,0.3333333333333333,-0.045454545454545456,0.3333333333333333,-0.4272727272727273,0.3333333333333333,-0.27272727272727276,0.0,-0.46363636363636374,0.0,-0.39090909090909093
2024-01-09,0.2727272727272727,-0.06363636363636364,0.3333333333333333,0.02727272727272728,0.0,-0.4727272727272727,0.3333333333333333,-0.05454545454545456,0.0,-0.4727272727272727,0.0,-0.4909090909090909
2024-01-10,0.2727272727272727,-0.38181818181818183,0.3333333333333333,-0.06363636363636364,0.0,-0.09090909090909091,0.3333333333333333,0.20000000000000004,0.3333333333333333,-0.26363636363636367,0.0,-0.29090909090909095
2024-01-11,0.2727272727272727,-0.3545454545454546,0.3333333333333333,0.19090909090909092,0.0,-0.690909090909091,0.3333333333333333,0.02727272727272728,0.0,-0.15454545454545454,0.0,-0.4272727272727273
2024-01-12,0.2727272727272727,-0.5727272727272729,0.3333333333333333,0.20956774188597443,0.0,-0.5727272727272729,0.3333333333333333,-0.10000000000000002,0.0,-0.2870166899742693,0.0,-0.6363636363636364
2024-01-16,0.2727272727272727,-0.5,0.6666666666666666,0.41818181818181827,0.0,-0.6363636363636364,0.3333333333333333,0.11818181818181818,0.0,-0.19090909090909092,0.0,-0.6000000000000001
2024-01-17,0.2727272727272727,-0.5181818181818182,0.3333333333333333,0.1412304347492436,0.0,-0.6272727272727273,0.6666666666666666,0.13636363636363638,0.3333333333333333,-0.17272727272727276,0.0,-0.6000000000000001
2024-01-18,0.2727272727272727,-0.3727272727272728,0.6666666666666666,0.6545454545454547,0.0,-0.5818181818181819,0.6666666666666666,0.07272727272727274,0.3333333333333333,-0.03636363636363637,0.0,-0.7000000000000001
2024-01-19,0.2727272727272727,-0.45454545454545453,0.3333333333333333,0.43636363636363645,0.0,-0.22727272727272727,0.3333333333333333,-0.3272727272727273,0.0,0.06363636363636364,0.0,-0.2545454545454546
2024-01-22,0.2727272727272727,-0.4727272727272727,0.6666666666666666,0.10909090909090911,0.0,-0.4000000000000001,0.0,-0.5727272727272729,0.3333333333333333,-0.10909090909090911,0.3333333333333333,0.10909090909090911
2024-01-23,0.2727272727272727,-0.4373587656750771,0.6666666666666666,0.3371307152078719,0.3333333333333333,-0.10000000000000002,0.3333333333333333,-0.22727272727272727,0.3333333333333333,-0.09090909090909091,0.3333333333333333,0.009090909090909092
2024-01-24,0.2727272727272727,-0.5740333799485386,0.0,-0.14545454545454548,0.0,-0.4272727272727273,0.3333333333333333,-0.21818181818181823,0.0,-0.41818181818181827,0.0,-0.17272727272727276
2024-01-25,0.2727272727272727,-0.5363636363636364,0.3333333333333333,0.26363636363636367,0.0,-0.44545454545454555,0.3333333333333333,-0.3181818181818182,0.3333333333333333,-0.27272727272727276,0.0,-0.48181818181818187
2024-01-26,0.2727272727272727,-0.44545454545454555,0.6666666666666666,-0.07909115788387004,0.0,-0.6454545454545455,0.3333333333333333,-0.02727272727272728,0.0,-0.3181818181818182,0.0,-0.5909090909090909
2024-01-29,0.2727272727272727,-0.48181818181818187,0.0,-0.4054680223446026,0.0,-0.5,0.3333333333333333,-0.16363636363636366,0.3333333333333333,-0.16363636363636366,0.0,-0.6363636363636364
2024-01-30,0.2727272727272727,-0.5662159485717567,0.0,-0.21818181818181823,0.0,-0.7181818181818183,0.3333333333333333,-0.4000000000000001,0.3333333333333333,-0.36363636363636365,0.0,-0.6000000000000001
2024-01-31,0.2727272727272727,-0.701596353270436,0.0,-0.17272727272727276,0.0,-0.5454545454545455,0.3333333333333333,-0.21818181818181823,0.3333333333333333,-0.20909090909090913,0.0,-0.3727272727272728
2024-02-01,0.2727272727272727,-0.5694775594727565,0.6666666666666666,0.3127853881278539,0.0,-0.41913548377194887,0.3333333333333333,-0.25968176711957697,1.0,0.5330309956665001,0.0,-0.350798176635218
2024-02-02,0.2727272727272727,-0.3090909090909091,0.3333333333333333,0.15454545454545454,0.3333333333333333,-0.1272727272727273,0.0,-0.8545454545454546,0.3333333333333333,-0.2545454545454546,0.3333333333333333,-0.3181818181818182
2024-02-05,0.2727272727272727,-0.39090909090909093,0.3333333333333333,0.11818181818181818,0.0,-0.3545454545454546,0.0,-0.881818181818182,0.3333333333333333,-0.33636363636363636,0.3333333333333333,-0.07272727272727274
2024-02-06,0.2727272727272727,-0.7836011218345129,0.0,-0.4272727272727273,0.0,-0.3545454545454546,0.0,-0.790909090909091,0.3333333333333333,-0.36363636363636365,0.3333333333333333,-0.20000000000000004
2024-02-07,0.2727272727272727,-0.7454545454545456,0.0,-0.31193973345246884,0.0,-0.5090909090909091,0.0,-0.790909090909091,0.0,-0.29090909090909095,0.3333333333333333,-0.29090909090909095
2024-02-08,0.2727272727272727,-0.7636363636363637,0.0,-0.5454545454545455,0.3333333333333333,-0.10000000000000002,0.0,-0.5454545454545455,0.0,-0.5818181818181819,0.0,-0.44545454545454555
2024-02-09,0.2727272727272727,-0.7380429170766925,0.0,-0.6287032256579232,0.0,-0.38181818181818183,0.0,-0.30000000000000004,0.0,-0.6363636363636364,0.0,-0.43636363636363645
2024-02-12,0.2727272727272727,-0.7636363636363637,0.0,-0.1412304347492436,0.0,-0.6545454545454547,0.0,-0.3545454545454546,0.0,-0.6454545454545455,0.0,-0.5272727272727273
2024-02-13,0.2727272727272727,-0.7636363636363637,0.0,-0.009174698042719672,0.0,-0.7363636363636363,0.0,-0.3181818181818182,0.0,-0.5090909090909091,0.0,-0.4727272727272727
2024-02-14,0.2727272727272727,-0.7727272727272727,0.0,-0.4738053294813334,0.0,-0.5090909090909091,0.0,-0.3545454545454546,0.0,-0.7090909090909092,0.0,-0.3181818181818182
2024-02-15,0.2727272727272727,-0.8545454545454546,0.0,-0.18223281903128208,0.0,-0.6181818181818182,0.0,-0.29090909090909095,0.0,-0.4090909090909091,0.0,-0.41818181818181827
2024-02-16,0.2727272727272727,-0.8181818181818182,0.6666666666666666,0.7156264473321344,0.0,-0.07272727272727274,0.0,-0.28181818181818186,0.0,0.14545454545454548,0.0,-0.28181818181818186
2024-02-20,0.2727272727272727,-0.790909090909091,0.6666666666666666,0.7517103785040387,0.0,0.009090909090909092,0.0,-0.3545454545454546,0.0,0.06363636363636364,0.0,-0.29090909090909095
2024-02-21,0.2727272727272727,-0.7363636363636363,0.6666666666666666,0.7818181818181819,0.0,0.16363636363636366,0.3333333333333333,0.03636363636363637,0.3333333333333333,0.4090909090909091,0.0,-0.17272727272727276
2024-02-22,0.2727272727272727,-0.7454545454545456,0.3333333333333333,0.41457966329616674,0.0,0.45454545454545453,0.3333333333333333,0.11818181818181818,0.0,0.28181818181818186,0.0,-0.10000000000000002
2024-02-23,0.2727272727272727,-0.8000000000000002,0.3333333333333333,0.33636363636363636,0.3333333333333333,0.39090909090909093,0.6666666666666666,0.5090909090909091,0.3333333333333333,0.17272727272727276,0.0,-0.1272727272727273
2024-02-26,0.2727272727272727,-0.8382709675438977,0.6666666666666666,0.4090909090909091,0.3333333333333333,-0.13636363636363638,0.3333333333333333,0.43636363636363645,0.3333333333333333,-0.21818181818181823,0.0,-0.28181818181818186
2024-02-27,0.2727272727272727,-0.8018244037376412,0.6666666666666666,0.38181818181818183,0.0,-0.18181818181818182,0.6666666666666666,0.5636363636363637,0.0,-0.045454545454545456,0.0,-0.24545454545454545
2024-02-28,0.2727272727272727,-0.9111640951564104,0.3333333333333333,0.12300715284611541,0.0,-0.3181818181818182,0.3333333333333333,0.45454545454545453,0.0,-0.23636363636363636,0.0,-0.29090909090909095
2024-02-29,0.2727272727272727,-0.8727272727272729,0.3333333333333333,0.3181818181818182,0.0,-0.43636363636363645,0.3333333333333333,0.15454545454545454,0.0,-0.11818181818181818,0.0,-0.38181818181818183
2024-03-01,0.2727272727272727,-0.7636363636363637,0.6666666666666666,0.6332590461337052,0.0,-0.37813309948991036,0.0,-0.16363636363636366,0.3333333333333333,0.41818181818181827,0.0,-0.13636363636363638
2024-03-04,0.2727272727272727,-0.7272727272727273,1.0,0.5636363636363637,0.3333333333333333,-0.09090909090909091,0.0,-0.17272727272727276,0.6666666666666666,0.5636363636363637,0.0,-0.36363636363636365
2024-03-05,0.2727272727272727,-0.46363636363636374,0.6666666666666666,0.5363636363636364,0.3333333333333333,0.13636363636363638,0.6666666666666666,-0.03636363636363637,0.3333333333333333,0.46363636363636374,0.0,-0.43636363636363645
2024-03-06,0.2727272727272727,-0.5545454545454546,0.6666666666666666,0.38181818181818183,0.3333333333333333,0.20909090909090913,0.6666666666666666,-0.10000000000000002,0.6666666666666666,0.6363636363636364,0.0,-0.27272727272727276
2024-03-07,0.2727272727272727,-0.5636363636363637,0.6666666666666666,0.5102518932875899,0.3333333333333333,0.018181818181818184,0.3333333333333333,-0.16363636363636366,0.6666666666666666,0.5363636363636364,0.0,-0.43636363636363645
2024-03-08,0.2727272727272727,-0.3272727272727273,0.6666666666666666,0.5,0.6666666666666666,0.21818181818181823,0.6666666666666666,-0.11818181818181818,0.6666666666666666,0.45454545454545453,0.3333333333333333,-0.3545454545454546
2024-03-11,0.2727272727272727,0.10000000000000002,0.6666666666666666,0.6363636363636364,0.6666666666666666,0.3454545454545455,0.6666666666666666,0.24545454545454545,0.6666666666666666,0.5727272727272729,0.3333333333333333,-0.23636363636363636
2024-03-12,0.2727272727272727,-0.2004561009344103,1.0,0.7289312761251283,0.6666666666666666,0.29090909090909095,0.3333333333333333,0.09090909090909091,0.3333333333333333,0.48181818181818187,0.3333333333333333,-0.22727272727272727
2024-03-13,0.2727272727272727,0.04555820475782052,0.6666666666666666,0.3545454545454546,0.6666666666666666,0.24545454545454545,0.6666666666666666,0.16363636363636366,0.6666666666666666,0.6454545454545455,0.6666666666666666,-0.018181818181818184
2024-03-14,0.2727272727272727,0.21818181818181823,0.6666666666666666,0.3945120158369459,0.6666666666666666,0.33636363636363636,0.6666666666666666,0.20000000000000004,0.6666666666666666,0.5454545454545455,0.6666666666666666,0.17272727272727276
2024-03-15,0.2727272727272727,0.24545454545454545,1.0,0.46469368852976933,0.6666666666666666,0.20909090909090913,0.3333333333333333,0.16363636363636366,0.6666666666666666,0.4000000000000001,0.6666666666666666,0.15454545454545454
2024-03-18,0.2727272727272727,0.3090909090909091,0.6666666666666666,0.35535399711100013,0.6666666666666666,0.15454545454545454,0.3333333333333333,0.1272727272727273,0.6666666666666666,0.38181818181818183,0.6666666666666666,0.26363636363636367
2024-03-19,0.2727272727272727,0.23636363636363636,0.6666666666666666,0.3578132236660672,0.6666666666666666,0.27272727272727276,0.3333333333333333,0.3090909090909091,0.6666666666666666,0.46363636363636374,0.6666666666666666,0.3090909090909091
2024-03-20,0.2727272727272727,0.20909090909090913,0.3333333333333333,0.44545454545454555,0.6666666666666666,0.3272727272727273,0.3333333333333333,0.3454545454545455,0.6666666666666666,0.6454545454545455,0.6666666666666666,0.5272727272727273
2024-03-21,0.2727272727272727,0.018181818181818184,0.3333333333333333,0.09111640951564104,0.3333333333333333,0.22727272727272727,0.3333333333333333,0.20000000000000004,0.6666666666666666,0.5,0.6666666666666666,0.5181818181818182
2024-03-22,0.2727272727272727,-0.13636363636363638,0.3333333333333333,-0.086560589039859,0.3333333333333333,0.3545454545454546,0.0,-0.11818181818181818,0.6666666666666666,0.3090909090909091,0.6666666666666666,0.4000000000000001
2024-03-25,0.2727272727272727,-0.17272727272727276,0.3333333333333333,0.29090909090909095,0.6666666666666666,0.4090909090909091,0.0,-0.4090909090909091,0.3333333333333333,0.28181818181818186,0.6666666666666666,0.15454545454545454
2024-03-26,0.2727272727272727,-0.08181818181818183,0.3333333333333333,-0.07744894808829489,0.6666666666666666,0.3727272727272728,0.0,-0.6090909090909091,0.3333333333333333,0.09090909090909091,0.6666666666666666,0.30000000000000004
2024-03-27,0.2727272727272727,-0.02727272727272728,0.3333333333333333,0.03636363636363637,0.3333333333333333,0.0,0.0,-0.6454545454545455,0.3333333333333333,0.018181818181818184,0.3333333333333333,-0.06363636363636364
2024-03-28,0.2727272727272727,-0.3454545454545455,0.3333333333333333,-0.20909090909090913,0.3333333333333333,-0.1272727272727273,0.0,-0.46363636363636374,0.3333333333333333,-0.38181818181818183,0.3333333333333333,-0.3272727272727273
2024-04-01,0.2727272727272727,-0.8246035061165515,0.0,-0.790909090909091,0.0,-0.790909090909091,0.3333333333333333,-0.27272727272727276,0.0,-0.9363636363636365,0.0,-0.7454545454545456
2024-04-02,0.2727272727272727,-0.6000000000000001,0.0,-0.5181818181818182,0.0,-0.6818181818181819,0.0,-0.4090909090909091,0.0,-0.7545454545454545,0.0,-0.7000000000000001
2024-04-03,0.2727272727272727,-0.3545454545454546,0.3333333333333333,-0.27272727272727276,0.3333333333333333,-0.4000000000000001,0.0,-0.5,0.3333333333333333,-0.5181818181818182,0.3333333333333333,-0.28181818181818186
2024-04-04,0.2727272727272727,-0.5727272727272729,0.3333333333333333,-0.4090909090909091,0.0,-0.5454545454545455,0.0,-0.5454545454545455,0.0,-0.6727272727272727,0.0,-0.4909090909090909
2024-04-05,0.2727272727272727,-0.8181818181818182,0.0,-0.6090909090909091,0.0,-0.8454545454545455,0.3333333333333333,-0.39090909090909093,0.0,-0.9454545454545454,0.0,-0.7818181818181819
2024-04-08,0.2727272727272727,-0.7818181818181819,0.0,-0.5090909090909091,0.0,-0.8636363636363636,0.0,-0.6000000000000001,0.0,-0.881818181818182,0.0,-0.5
2024-04-09,0.2727272727272727,-0.6272727272727273,0.0,-0.5090909090909091,0.0,-0.881818181818182,0.0,-0.3727272727272728,0.0,-0.8181818181818182,0.0,-0.7636363636363637
2024-04-10,0.2727272727272727,-0.5090909090909091,0.0,-0.22727272727272727,0.0,-0.7272727272727273,0.0,-0.5909090909090909,0.0,-0.3272727272727273,0.0,-0.5090909090909091
2024-04-11,0.2727272727272727,-0.30000000000000004,0.0,-0.3272727272727273,0.0,-0.5818181818181819,0.0,-0.6727272727272727,0.0,-0.3272727272727273,0.0,-0.3181818181818182
2024-04-12,0.2727272727272727,-0.4090909090909091,0.3333333333333333,-0.19090909090909092,0.0,-0.46363636363636374,0.0,-0.4727272727272727,0.3333333333333333,-0.2369026647406667,0.3333333333333333,-0.10909090909090911
2024-04-15,0.2727272727272727,-0.5727272727272729,0.3333333333333333,-0.22727272727272727,0.3333333333333333,-0.6363636363636364,0.3333333333333333,-0.39090909090909093,0.0,-0.4909090909090909,0.3333333333333333,-0.24545454545454545
2024-04-16,0.2727272727272727,-0.5818181818181819,0.6666666666666666,0.02727272727272728,0.0,-0.6818181818181819,0.3333333333333333,-0.38181818181818183,0.0,-0.4000000000000001,0.0,-0.46363636363636374
2024-04-17,0.2727272727272727,-0.6000000000000001,0.0,-0.7363636363636363,0.0,-0.6181818181818182,0.0,-0.7545454545454545,0.0,-0.5818181818181819,0.0,-0.5090909090909091
2024-04-18,0.2727272727272727,-0.5818181818181819,0.0,-0.48181818181818187,0.0,-0.6181818181818182,0.0,-0.4090909090909091,0.0,-0.6363636363636364,0.3333333333333333,-0.22727272727272727
2024-04-19,0.2727272727272727,-0.7636363636363637,0.0,-0.5090909090909091,0.0,-0.8272727272727273,0.3333333333333333,-0.28181818181818186,0.0,-0.9181818181818183,0.0,-0.41818181818181827
2024-04-22,0.2727272727272727,-0.7545454545454545,0.0,-0.39090909090909093,0.0,-0.7272727272727273,0.3333333333333333,-0.13636363636363638,0.0,-0.7818181818181819,0.0,-0.6454545454545455
2024-04-23,0.2727272727272727,-0.6545454545454547,0.0,-0.17272727272727276,0.3333333333333333,-0.4909090909090909,0.3333333333333333,-0.09090909090909091,0.0,-0.43636363636363645,0.3333333333333333,-0.3454545454545455
2024-04-24,0.2727272727272727,-0.690909090909091,0.0,-0.26363636363636367,0.0,-0.6272727272727273,0.3333333333333333,-0.07272727272727274,0.0,-0.4909090909090909,0.0,-0.4000000000000001
2024-04-25,0.2727272727272727,-0.5545454545454546,0.0,-0.15454545454545454,0.0,-0.27272727272727276,0.3333333333333333,-0.14545454545454548,0.0,-0.5454545454545455,0.0,-0.3545454545454546
2024-04-26,0.2727272727272727,-0.4727272727272727,0.3333333333333333,0.06363636363636364,0.3333333333333333,-0.20000000000000004,0.3333333333333333,-0.24545454545454545,0.0,-0.3090909090909091,0.0,-0.10909090909090911
2024-04-29,0.2727272727272727,-0.4692495090055514,0.3333333333333333,-0.18678863950706415,0.3333333333333333,0.15945371665237182,0.0,-0.29157251045005134,0.3333333333333333,-0.10933969141876927,0.0,-0.05922566618516668
2024-04-30,0.2727272727272727,-0.6181818181818182,0.3333333333333333,-0.29157251045005134,0.3333333333333333,0.10909090909090911,0.0,-0.3545454545454546,0.3333333333333333,0.3181818181818182,0.0,-0.20000000000000004
2024-05-01,0.2727272727272727,-0.6636363636363638,0.0,-0.4272727272727273,0.0,-0.22727272727272727,0.3333333333333333,-0.05454545454545456,0.0,-0.41818181818181827,0.0,-0.6727272727272727
2024-05-02,0.2727272727272727,-0.5545454545454546,0.3333333333333333,0.05454545454545456,0.0,-0.44545454545454555,0.0,-0.29090909090909095,0.3333333333333333,-0.3545454545454546,0.0,-0.5090909090909091
2024-05-03,0.2727272727272727,-0.5363636363636364,0.0,-0.45454545454545453,0.0,-0.39090909090909093,0.0,-0.20000000000000004,0.0,-0.45454545454545453,0.3333333333333333,-0.13636363636363638
2024-05-06,0.2727272727272727,-0.09090909090909091,0.0,-0.41818181818181827,0.3333333333333333,-0.07272727272727274,0.3333333333333333,0.15454545454545454,0.0,-0.48181818181818187,0.0,-0.17272727272727276
2024-05-07,0.2727272727272727,0.07272727272727274,0.0,0.18181818181818182,0.3333333333333333,0.0,0.6666666666666666,0.07272727272727274,0.0,-0.30000000000000004,0.3333333333333333,-0.07272727272727274
2024-05-08,0.2727272727272727,-0.3454545454545455,0.3333333333333333,-0.23636363636363636,0.6666666666666666,-0.13636363636363638,0.6666666666666666,-0.13636363636363638,0.0,-0.6181818181818182,0.3333333333333333,-0.23636363636363636
2024-05-09,0.2727272727272727,-0.41818181818181827,0.0,-0.4783611499571155,0.3333333333333333,-0.33636363636363636,0.3333333333333333,-0.3090909090909091,0.0,-0.6000000000000001,0.3333333333333333,-0.07272727272727274
2024-05-10,0.2727272727272727,-0.5636363636363637,0.0,-0.5330309956665001,0.0,-0.4909090909090909,0.3333333333333333,-0.3090909090909091,0.0,-0.7818181818181819,0.3333333333333333,-0.20909090909090913
2024-05-13,0.2727272727272727,-0.39090909090909093,0.0,-0.3211144314951885,0.0,-0.39090909090909093,0.0,-0.41818181818181827,0.0,-0.7000000000000001,0.3333333333333333,-0.4090909090909091
2024-05-14,0.2727272727272727,-0.20909090909090913,0.0,-0.009090909090909092,0.3333333333333333,-0.18181818181818182,0.0,-0.10000000000000002,0.0,-0.6090909090909091,0.3333333333333333,-0.3727272727272728
2024-05-15,0.2727272727272727,0.018181818181818184,0.0,-0.13636363636363638,0.6666666666666666,0.38181818181818183,0.0,-0.29090909090909095,0.0,-0.5272727272727273,0.3333333333333333,-0.3454545454545455
2024-05-16,0.2727272727272727,-0.44545454545454555,0.3333333333333333,0.36363636363636365,0.3333333333333333,0.07272727272727274,0.3333333333333333,-0.43636363636363645,0.0,-0.6727272727272727,0.0,-0.22727272727272727
2024-05-17,0.2727272727272727,-0.08181818181818183,0.3333333333333333,0.13636363636363638,0.6666666666666666,0.5090909090909091,0.3333333333333333,-0.22727272727272727,0.3333333333333333,-0.3727272727272728,0.3333333333333333,0.17272727272727276
2024-05-20,0.2727272727272727,-0.16363636363636366,0.3333333333333333,-0.018181818181818184,0.6666666666666666,0.1272727272727273,0.3333333333333333,-0.1272727272727273,0.3333333333333333,0.03636363636363637,0.6666666666666666,0.13636363636363638
2024-05-21,0.2727272727272727,-0.23636363636363636,0.0,-0.15454545454545454,0.3333333333333333,0.23636363636363636,0.3333333333333333,-0.05454545454545456,0.3333333333333333,-0.15454545454545454,0.6666666666666666,0.27272727272727276
2024-05-22,0.2727272727272727,-0.09090909090909091,0.0,-0.08181818181818183,0.3333333333333333,0.16363636363636366,0.3333333333333333,0.28181818181818186,0.3333333333333333,-0.27272727272727276,0.6666666666666666,0.5636363636363637
2024-05-23,0.2727272727272727,-0.43636363636363645,0.0,-0.5,0.3333333333333333,-0.05454545454545456,0.3333333333333333,0.08181818181818183,0.3333333333333333,-0.46363636363636374,0.6666666666666666,0.4090909090909091
2024-05-24,0.2727272727272727,-0.13636363636363638,0.0,-0.5727272727272729,0.3333333333333333,-0.10000000000000002,0.6666666666666666,-0.05454545454545456,0.0,-0.3090909090909091,0.6666666666666666,0.45454545454545453
2024-05-28,0.2727272727272727,-0.10909090909090911,0.3333333333333333,0.02727272727272728,0.0,-0.2004561009344103,0.3333333333333333,-0.08181818181818183,0.0,-0.02727272727272728,0.0,0.44545454545454555
2024-05-29,0.2727272727272727,-0.18181818181818182,0.0,-0.10909090909090911,0.3333333333333333,0.24545454545454545,0.3333333333333333,0.08181818181818183,0.3333333333333333,0.05454545454545456,0.3333333333333333,0.3545454545454546
2024-05-30,0.2727272727272727,-0.20000000000000004,0.3333333333333333,-0.03636363636363637,0.3333333333333333,0.3181818181818182,0.3333333333333333,-0.03636363636363637,0.0,-0.27272727272727276,0.3333333333333333,0.22727272727272727
2024-05-31,0.2727272727272727,0.09090909090909091,0.3333333333333333,-0.05454545454545456,0.3333333333333333,-0.05454545454545456,0.6666666666666666,0.06363636363636364,0.0,-0.38181818181818183,0.6666666666666666,0.10909090909090911
2024-06-03,0.2727272727272727,-0.045454545454545456,0.3333333333333333,-0.11818181818181818,0.3333333333333333,-0.44545454545454555,0.6666666666666666,0.21818181818181823,0.6666666666666666,0.11818181818181818,0.3333333333333333,-0.03636363636363637
2024-06-04,0.2727272727272727,-0.018181818181818184,0.3333333333333333,0.03636363636363637,0.3333333333333333,-0.3090909090909091,0.3333333333333333,0.24545454545454545,0.3333333333333333,-0.018181818181818184,0.6666666666666666,-0.02727272727272728
2024-06-05,0.2727272727272727,-0.22727272727272727,0.3333333333333333,-0.1272727272727273,0.3333333333333333,0.2545454545454546,0.3333333333333333,0.03636363636363637,0.3333333333333333,-0.045454545454545456,0.6666666666666666,-0.03636363636363637
2024-06-06,0.2727272727272727,-0.13636363636363638,0.3333333333333333,-0.28181818181818186,0.3333333333333333,0.19090909090909092,0.3333333333333333,0.19090909090909092,0.3333333333333333,-0.09090909090909091,0.3333333333333333,0.07272727272727274
2024-06-07,0.2727272727272727,-0.36363636363636365,0.3333333333333333,-0.48181818181818187,0.3333333333333333,-0.05454545454545456,0.3333333333333333,0.24545454545454545,0.3333333333333333,-0.5454545454545455,0.3333333333333333,0.20909090909090913
2024-06-10,0.2727272727272727,-0.46363636363636374,0.3333333333333333,0.18181818181818182,0.0,-0.20909090909090913,0.0,-0.15454545454545454,0.3333333333333333,-0.45454545454545453,0.0,-0.30000000000000004
2024-06-11,0.2727272727272727,-0.7818181818181819,0.3333333333333333,-0.3545454545454546,0.0,-0.3090909090909091,0.0,-0.6090909090909091,0.0,-0.690909090909091,0.0,-0.3090909090909091
2024-06-12,0.2727272727272727,-0.7545454545454545,0.3333333333333333,-0.21818181818181823,0.0,-0.28181818181818186,0.0,-0.4272727272727273,0.3333333333333333,-0.4000000000000001,0.0,-0.30000000000000004
2024-06-13,0.2727272727272727,-0.5727272727272729,0.0,-0.4555820475782052,0.3333333333333333,-0.28181818181818186,0.0,-0.7545454545454545,0.0,-0.4090909090909091,0.0,-0.20000000000000004
2024-06-14,0.2727272727272727,-0.6272727272727273,0.0,-0.2733492285469231,0.0,-0.18181818181818182,0.0,-0.6818181818181819,0.0,-0.44545454545454555,0.0,-0.22727272727272727
2024-06-17,0.2727272727272727,-0.6000000000000001,0.0,-0.45454545454545453,0.0,-0.4090909090909091,0.0,-0.7545454545454545,0.0,-0.5545454545454546,0.0,-0.33636363636363636
2024-06-18,0.2727272727272727,-0.5636363636363637,0.0,-0.30000000000000004,0.0,-0.5818181818181819,0.0,-0.6181818181818182,0.0,-0.38181818181818183,0.3333333333333333,-0.02727272727272728
2024-06-20,0.2727272727272727,-0.6727272727272727,0.6666666666666666,0.7000000000000001,0.3333333333333333,-0.45454545454545453,0.0,-0.45454545454545453,0.3333333333333333,-0.10000000000000002,0.6666666666666666,0.0
2024-06-21,0.2727272727272727,-0.8000000000000002,0.3333333333333333,0.41818181818181827,0.3333333333333333,-0.15454545454545454,0.0,-0.16363636363636366,0.3333333333333333,-0.15454545454545454,0.6666666666666666,-0.14545454545454548
2024-06-24,0.2727272727272727,-0.8363636363636365,0.3333333333333333,0.20909090909090913,0.0,-0.43636363636363645,0.0,-0.3272727272727273,0.3333333333333333,-0.16400953712815386,0.0,-0.5545454545454546
2024-06-25,0.2727272727272727,-0.7727272727272727,0.3333333333333333,-0.009174698042719672,0.0,-0.3272727272727273,0.0,-0.30000000000000004,0.0,-0.3545454545454546,0.0,-0.36363636363636365
2024-06-26,0.2727272727272727,-0.7000000000000001,0.3333333333333333,-0.2733492285469231,0.3333333333333333,-0.5,0.0,-0.18181818181818182,0.0,-0.4090909090909091,0.3333333333333333,-0.17272727272727276
2024-06-27,0.2727272727272727,-0.8000000000000002,0.0,-0.6241474051821412,0.3333333333333333,-0.4000000000000001,0.0,-0.20909090909090913,0.3333333333333333,-0.10909090909090911,0.3333333333333333,-0.045454545454545456
2024-06-28,0.2727272727272727,-0.690909090909091,0.3333333333333333,-0.15945371665237182,0.3333333333333333,-0.3090909090909091,0.0,-0.36363636363636365,0.3333333333333333,-0.20000000000000004,0.3333333333333333,-0.10000000000000002
2024-07-01,0.2727272727272727,-0.6545454545454547,0.3333333333333333,-0.14545454545454548,0.0,-0.45454545454545453,0.0,0.02727272727272728,0.3333333333333333,-0.24545454545454545,0.3333333333333333,-0.07272727272727274
2024-07-02,0.2727272727272727,-0.6454545454545455,0.3333333333333333,0.18181818181818182,0.0,-0.48181818181818187,0.0,0.20909090909090913,0.3333333333333333,-0.05454545454545456,0.3333333333333333,-0.08181818181818183
2024-07-03,0.2727272727272727,-0.7636363636363637,0.3333333333333333,-0.3181818181818182,0.3333333333333333,-0.3454545454545455,0.0,0.27272727272727276,0.6666666666666666,-0.19090909090909092,0.3333333333333333,-0.16363636363636366
2024-07-05,0.2727272727272727,-0.7454545454545456,0.3333333333333333,-0.3735772790141283,0.3333333333333333,-0.5545454545454546,0.3333333333333333,0.6454545454545455,0.3333333333333333,-0.6090909090909091,0.3333333333333333,-0.4727272727272727
2024-07-08,0.2727272727272727,-0.7363636363636363,0.3333333333333333,-0.13636363636363638,0.3333333333333333,-0.5272727272727273,0.0,0.15454545454545454,0.3333333333333333,-0.27272727272727276,0.3333333333333333,-0.43636363636363645
2024-07-09,0.2727272727272727,-0.8181818181818182,0.3333333333333333,0.06378148666094874,0.3333333333333333,-0.30000000000000004,0.0,0.07272727272727274,0.3333333333333333,-0.05454545454545456,0.0,-0.48181818181818187
2024-07-10,0.2727272727272727,-0.7272727272727273,0.3333333333333333,0.10000000000000002,0.0,-0.22727272727272727,0.0,-0.20909090909090913,0.3333333333333333,0.13636363636363638,0.0,-0.5727272727272729
2024-07-11,0.2727272727272727,-0.6000000000000001,0.3333333333333333,0.4373587656750771,0.3333333333333333,-0.24545454545454545,0.6666666666666666,0.19090909090909092,0.3333333333333333,-0.18181818181818182,0.0,-0.7272727272727273
2024-07-12,0.2727272727272727,-0.8000000000000002,0.3333333333333333,0.5363636363636364,0.3333333333333333,-0.1272727272727273,0.6666666666666666,0.24545454545454545,0.6666666666666666,-0.06363636363636364,0.0,-0.7272727272727273
2024-07-15,0.2727272727272727,-0.8000000000000002,0.3333333333333333,0.09090909090909091,0.0,-0.6090909090909091,0.6666666666666666,0.33636363636363636,0.3333333333333333,-0.3454545454545455,0.0,-0.690909090909091
2024-07-16,0.2727272727272727,-0.7727272727272727,0.0,0.17272727272727276,0.0,-0.4909090909090909,0.3333333333333333,0.10000000000000002,0.3333333333333333,-0.28181818181818186,0.0,-0.7454545454545456
2024-07-17,0.2727272727272727,-0.7272727272727273,0.3333333333333333,0.21867938283753854,0.0,-0.5363636363636364,0.3333333333333333,0.10909090909090911,0.3333333333333333,0.10000000000000002,0.0,-0.790909090909091
2024-07-18,0.2727272727272727,-0.7000000000000001,0.3333333333333333,0.13636363636363638,0.0,-0.6000000000000001,0.3333333333333333,0.009090909090909092,0.0,0.009090909090909092,0.0,-0.790909090909091
2024-07-19,0.2727272727272727,-0.6000000000000001,0.0,-0.11818181818181818,0.0,-0.44545454545454555,0.3333333333333333,-0.09090909090909091,0.3333333333333333,0.20000000000000004,0.0,-0.5636363636363637
2024-07-22,0.2727272727272727,-0.45454545454545453,0.3333333333333333,0.018181818181818184,0.0,-0.6545454545454547,0.6666666666666666,-0.24545454545454545,0.0,-0.14545454545454548,0.0,-0.5727272727272729
2024-07-23,0.2727272727272727,-0.30000000000000004,0.3333333333333333,-0.24545454545454545,0.0,-0.41818181818181827,0.3333333333333333,-0.38181818181818183,0.0,-0.16363636363636366,0.0,-0.36363636363636365
2024-07-24,0.2727272727272727,-0.33636363636363636,0.6666666666666666,0.43636363636363645,0.3333333333333333,-0.43636363636363645,0.3333333333333333,-0.18181818181818182,0.3333333333333333,-0.018181818181818184,0.0,-0.5636363636363637
2024-07-25,0.2727272727272727,-0.5545454545454546,0.6666666666666666,-0.2004561009344103,0.0,-0.4000000000000001,0.0,0.045454545454545456,0.6666666666666666,0.07272727272727274,0.3333333333333333,-0.13636363636363638
2024-07-26,0.2727272727272727,-0.2733492285469231,0.3333333333333333,-0.4272727272727273,0.0,-0.5272727272727273,0.3333333333333333,0.1272727272727273,0.0,-0.16363636363636366,0.0,-0.30000000000000004
2024-07-29,0.2727272727272727,-0.6818181818181819,0.3333333333333333,-0.4783611499571155,0.0,-0.5636363636363637,0.3333333333333333,-0.009090909090909092,0.3333333333333333,-0.3545454545454546,0.3333333333333333,-0.5545454545454546
2024-07-30,0.2727272727272727,-0.5363636363636364,0.0,-0.41818181818181827,0.0,-0.6727272727272727,0.3333333333333333,0.0,0.3333333333333333,-0.3272727272727273,0.3333333333333333,-0.5
2024-07-31,0.2727272727272727,-0.5,0.0,-0.13636363636363638,0.0,-0.6545454545454547,0.0,-0.018181818181818184,0.0,-0.5090909090909091,0.0,-0.46363636363636374
2024-08-01,0.2727272727272727,-0.38181818181818183,0.0,0.06363636363636364,0.0,-0.7181818181818183,0.3333333333333333,-0.23636363636363636,0.0,-0.45454545454545453,0.0,-0.790909090909091
2024-08-02,0.2727272727272727,-0.6090909090909091,0.0,-0.5363636363636364,0.0,-0.8363636363636365,0.0,-0.6000000000000001,0.0,-0.6272727272727273,0.0,-0.7818181818181819
2024-08-05,0.2727272727272727,-0.7198196351735642,0.0,-0.26363636363636367,0.0,-0.7090909090909092,0.3333333333333333,-0.46363636363636374,0.0,-0.48181818181818187,0.0,-0.881818181818182
2024-08-06,0.2727272727272727,-0.5363636363636364,0.0,-0.045454545454545456,0.0,-0.6727272727272727,0.3333333333333333,-0.39090909090909093,0.0,-0.46363636363636374,0.0,-0.7818181818181819
2024-08-07,0.2727272727272727,-0.6727272727272727,0.0,-0.4727272727272727,0.0,-0.8545454545454546,0.3333333333333333,-0.36363636363636365,0.0,-0.6272727272727273,0.0,-0.8545454545454546
2024-08-08,0.2727272727272727,-0.14545454545454548,0.6666666666666666,0.24545454545454545,0.0,-0.5272727272727273,0.3333333333333333,-0.30000000000000004,0.0,-0.23636363636363636,0.0,-0.4272727272727273
2024-08-09,0.2727272727272727,-0.26363636363636367,0.6666666666666666,0.5545454545454546,0.3333333333333333,-0.4090909090909091,0.3333333333333333,-0.30000000000000004,0.3333333333333333,-0.15454545454545454,0.0,-0.4909090909090909
2024-08-12,0.2727272727272727,-0.5636363636363637,0.6666666666666666,0.018181818181818184,0.0,-0.7090909090909092,0.0,-0.7545454545454545,0.0,-0.7272727272727273,0.0,-0.6363636363636364
2024-08-13,0.2727272727272727,-0.7454545454545456,0.6666666666666666,0.5512542775696283,0.0,-0.6818181818181819,0.3333333333333333,-0.6090909090909091,0.0,-0.5272727272727273,0.0,-0.690909090909091
2024-08-14,0.2727272727272727,-0.6181818181818182,1.0,0.5181818181818182,0.0,-0.5272727272727273,0.3333333333333333,-0.3727272727272728,0.0,-0.44545454545454555,0.0,-0.46363636363636374
2024-08-15,0.2727272727272727,-0.6090909090909091,0.3333333333333333,0.5636363636363637,0.0,-0.5636363636363637,0.0,-0.15454545454545454,0.3333333333333333,-0.08181818181818183,0.3333333333333333,-0.44545454545454555
2024-08-16,0.2727272727272727,-0.5909090909090909,0.3333333333333333,0.5727272727272729,0.0,-0.5727272727272729,0.3333333333333333,0.08181818181818183,0.3333333333333333,-0.27272727272727276,0.0,-0.4909090909090909
2024-08-19,0.2727272727272727,-0.4272727272727273,0.3333333333333333,0.28181818181818186,0.0,-0.5636363636363637,0.3333333333333333,0.21818181818181823,0.3333333333333333,0.1272727272727273,0.0,-0.4272727272727273
2024-08-20,0.2727272727272727,-0.5363636363636364,0.3333333333333333,0.21818181818181823,0.3333333333333333,-0.38181818181818183,0.6666666666666666,0.5636363636363637,0.3333333333333333,0.21818181818181823,0.0,-0.36363636363636365
2024-08-21,0.2727272727272727,-0.5454545454545455,0.3333333333333333,0.24545454545454545,0.0,-0.4909090909090909,0.3333333333333333,0.17272727272727276,0.3333333333333333,0.03636363636363637,0.0,-0.6272727272727273
2024-08-22,0.2727272727272727,-0.5909090909090909,0.6666666666666666,0.5909090909090909,0.0,-0.4727272727272727,0.3333333333333333,0.16363636363636366,0.3333333333333333,0.045454545454545456,0.0,-0.5727272727272729
2024-08-23,0.2727272727272727,-0.5545454545454546,0.3333333333333333,0.37616261975150656,0.0,-0.4909090909090909,0.0,0.08181818181818183,0.0,0.10909090909090911,0.0,-0.5545454545454546
2024-08-26,0.2727272727272727,0.0,0.3333333333333333,0.6545454545454547,0.3333333333333333,-0.13636363636363638,0.0,-0.045454545454545456,0.3333333333333333,0.3826889199656924,0.0,-0.5090909090909091
2024-08-27,0.2727272727272727,-0.5363636363636364,0.0,-0.24545454545454545,0.3333333333333333,-0.18181818181818182,0.0,-0.4727272727272727,0.0,0.09090909090909091,0.0,-0.5181818181818182
2024-08-28,0.2727272727272727,-0.4100238428203847,0.0,-0.690909090909091,0.3333333333333333,-0.22727272727272727,0.0,-0.22727272727272727,0.0,-0.3090909090909091,0.0,0.02727272727272728
2024-08-29,0.2727272727272727,-0.3545454545454546,0.0,-0.38181818181818183,0.3333333333333333,-0.17272727272727276,0.0,-0.3090909090909091,0.3333333333333333,0.045454545454545456,0.3333333333333333,0.09090909090909091
2024-08-30,0.2727272727272727,-0.36363636363636365,0.0,-0.6818181818181819,0.3333333333333333,-0.14545454545454548,0.0,-0.46363636363636374,0.3333333333333333,-0.03636363636363637,0.3333333333333333,0.06363636363636364
2024-09-03,0.2727272727272727,-0.5181818181818182,0.3333333333333333,-0.5,0.3333333333333333,-0.21818181818181823,0.0,-0.43636363636363645,0.0,-0.27272727272727276,0.3333333333333333,0.19090909090909092
2024-09-04,0.2727272727272727,-0.7272727272727273,0.3333333333333333,-0.33636363636363636,0.3333333333333333,-0.3727272727272728,0.0,-0.33636363636363636,0.3333333333333333,-0.17272727272727276,0.3333333333333333,-0.10909090909090911
2024-09-05,0.2727272727272727,-0.48747279090867957,0.3333333333333333,-0.018181818181818184,0.3333333333333333,0.08181818181818183,0.0,-0.16363636363636366,0.0,-0.5363636363636364,0.3333333333333333,0.018181818181818184
2024-09-06,0.2727272727272727,-0.690909090909091,0.0,-0.07272727272727274,0.0,-0.21818181818181823,0.0,-0.07272727272727274,0.0,-0.5,0.3333333333333333,-0.03636363636363637
2024-09-09,0.2727272727272727,-0.7272727272727273,0.0,-0.3545454545454546,0.0,-0.14545454545454548,0.3333333333333333,-0.18181818181818182,0.0,-0.6605939689883975,0.3333333333333333,0.2545454545454546
2024-09-10,0.2727272727272727,-0.6727272727272727,0.0,-0.48181818181818187,0.3333333333333333,0.0,0.3333333333333333,-0.24545454545454545,0.0,-0.7181818181818183,0.3333333333333333,0.22727272727272727
2024-09-11,0.2727272727272727,-0.5272727272727273,0.0,0.19090909090909092,0.0,0.3181818181818182,0.3333333333333333,-0.19090909090909092,0.0,-0.6000000000000001,0.0,0.22727272727272727
2024-09-12,0.2727272727272727,-0.6363636363636364,0.6666666666666666,0.7454545454545456,0.3333333333333333,0.20909090909090913,0.3333333333333333,-0.29090909090909095,0.0,-0.45454545454545453,0.3333333333333333,-0.018181818181818184
2024-09-13,0.2727272727272727,-0.7181818181818183,0.6666666666666666,0.4000000000000001,0.3333333333333333,-0.2545454545454546,0.3333333333333333,-0.17272727272727276,0.0,-0.3727272727272728,0.0,-0.22727272727272727
2024-09-16,0.2727272727272727,-0.6545454545454547,0.3333333333333333,0.36363636363636365,0.0,-0.08181818181818183,0.3333333333333333,-0.26363636363636367,0.0,-0.7272727272727273,0.3333333333333333,-0.09090909090909091
2024-09-17,0.2727272727272727,-0.6818181818181819,0.3333333333333333,0.41818181818181827,0.0,-0.3090909090909091,0.3333333333333333,-0.07272727272727274,0.0,-0.4909090909090909,0.0,-0.20000000000000004
2024-09-18,0.2727272727272727,-0.7090909090909092,0.3333333333333333,0.5545454545454546,0.0,-0.4272727272727273,0.6666666666666666,0.018181818181818184,0.0,-0.5727272727272729,0.0,-0.23636363636363636
2024-09-19,0.2727272727272727,-0.4909090909090909,0.3333333333333333,0.6000000000000001,0.0,-0.06363636363636364,0.3333333333333333,0.2545454545454546,0.3333333333333333,0.08181818181818183,0.0,-0.05454545454545456
2024-09-20,0.2727272727272727,-0.7198196351735642,0.3333333333333333,0.3727272727272728,0.0,-0.26363636363636367,0.3333333333333333,0.21818181818181823,0.0,-0.43636363636363645,0.3333333333333333,-0.29090909090909095
2024-09-23,0.2727272727272727,-0.7363636363636363,0.3333333333333333,0.22727272727272727,0.3333333333333333,-0.16363636363636366,0.0,0.06363636363636364,0.3333333333333333,-0.09090909090909091,0.3333333333333333,0.045454545454545456
2024-09-24,0.2727272727272727,-0.6272727272727273,0.6666666666666666,0.5545454545454546,0.3333333333333333,-0.24545454545454545,0.3333333333333333,0.2545454545454546,0.6666666666666666,0.045454545454545456,0.6666666666666666,-0.045454545454545456
2024-09-25,0.2727272727272727,-0.6636363636363638,0.6666666666666666,0.33636363636363636,0.3333333333333333,0.17272727272727276,0.0,0.1272727272727273,0.3333333333333333,-0.13636363636363638,0.0,-0.28181818181818186
2024-09-26,0.2727272727272727,-0.7454545454545456,0.3333333333333333,-0.11818181818181818,0.3333333333333333,-0.41818181818181827,0.6666666666666666,0.33636363636363636,0.3333333333333333,-0.5,0.3333333333333333,-0.4090909090909091
2024-09-27,0.2727272727272727,-0.790909090909091,0.3333333333333333,0.04587349021359835,0.3333333333333333,-0.3272727272727273,0.3333333333333333,-0.36363636363636365,0.0,-0.39090909090909093,0.3333333333333333,-0.4909090909090909
2024-09-30,0.2727272727272727,-0.881818181818182,0.0,-0.10909090909090911,0.0,-0.6000000000000001,0.3333333333333333,-0.24545454545454545,0.3333333333333333,-0.39090909090909093,0.3333333333333333,-0.4909090909090909
2024-10-01,0.2727272727272727,-0.8636363636363636,0.3333333333333333,0.06363636363636364,0.0,-0.7454545454545456,0.3333333333333333,-0.30000000000000004,0.3333333333333333,-0.26363636363636367,0.0,-0.45454545454545453
2024-10-02,0.2727272727272727,-0.7744894808829488,0.3333333333333333,0.11818181818181818,0.0,-0.6090909090909091,0.3333333333333333,-0.23636363636363636,0.3333333333333333,-0.23636363636363636,0.0,-0.4727272727272727
2024-10-03,0.2727272727272727,-0.5727272727272729,0.6666666666666666,0.18181818181818182,0.0,-0.5272727272727273,0.3333333333333333,-0.10909090909090911,0.3333333333333333,-0.17272727272727276,0.3333333333333333,-0.4909090909090909
2024-10-04,0.2727272727272727,-0.5454545454545455,0.0,-0.6818181818181819,0.0,-0.8909090909090911,0.0,-0.6454545454545455,0.6666666666666666,-0.018181818181818184,0.0,-0.7818181818181819
2024-10-07,0.2727272727272727,-0.5636363636363637,0.0,-0.8727272727272729,0.0,-0.8454545454545455,0.0,-0.5909090909090909,0.0,-0.5727272727272729,0.3333333333333333,-0.6090909090909091
2024-10-08,0.2727272727272727,-0.5272727272727273,0.0,-0.7181818181818183,0.0,-0.7363636363636363,0.0,-0.4000000000000001,0.0,-0.45454545454545453,0.0,-0.790909090909091
2024-10-09,0.2727272727272727,-0.44545454545454555,0.0,-0.5090909090909091,0.3333333333333333,-0.6000000000000001,0.0,-0.5636363636363637,0.3333333333333333,-0.21818181818181823,0.3333333333333333,-0.6000000000000001
2024-10-10,0.2727272727272727,-0.5909090909090909,0.0,-0.44545454545454555,0.0,-0.8090909090909091,0.0,-0.5363636363636364,0.3333333333333333,-0.18181818181818182,0.0,-0.5727272727272729
2024-10-11,0.2727272727272727,-0.45454545454545453,0.0,-0.16363636363636366,0.0,-0.45454545454545453,0.3333333333333333,-0.48181818181818187,0.3333333333333333,0.02727272727272728,0.0,-0.39090909090909093
2024-10-14,0.2727272727272727,-0.46363636363636374,0.0,-0.5181818181818182,0.0,-0.38181818181818183,0.3333333333333333,-0.19090909090909092,0.3333333333333333,-0.07272727272727274,0.0,-0.44545454545454555
2024-10-15,0.2727272727272727,-0.24545454545454545,0.3333333333333333,-0.10909090909090911,0.3333333333333333,-0.03636363636363637,0.3333333333333333,-0.26363636363636367,0.3333333333333333,0.20000000000000004,0.0,-0.22727272727272727
2024-10-16,0.2727272727272727,-0.22727272727272727,0.0,-0.3545454545454546,0.0,-0.26363636363636367,0.3333333333333333,-0.009090909090909092,0.3333333333333333,0.21818181818181823,0.0,-0.3454545454545455
2024-10-17,0.2727272727272727,0.09090909090909091,0.0,-0.26363636363636367,0.0,-0.43636363636363645,0.0,-0.11818181818181818,0.0,-0.02727272727272728,0.0,-0.27272727272727276
2024-10-18,0.2727272727272727,0.009090909090909092,0.0,-0.6636363636363638,0.3333333333333333,0.09090909090909091,0.3333333333333333,0.3454545454545455,0.3333333333333333,0.03636363636363637,0.0,0.21818181818181823
2024-10-21,0.2727272727272727,-0.2545454545454546,0.3333333333333333,-0.20909090909090913,0.3333333333333333,0.10909090909090911,0.3333333333333333,0.10000000000000002,0.0,-0.6090909090909091,0.3333333333333333,0.20909090909090913
2024-10-22,0.2727272727272727,-0.30000000000000004,0.3333333333333333,-0.06363636363636364,0.3333333333333333,-0.29090909090909095,0.3333333333333333,0.018181818181818184,0.0,-0.14545454545454548,0.3333333333333333,-0.009090909090909092
2024-10-23,0.2727272727272727,-0.15454545454545454,0.0,0.06363636363636364,0.3333333333333333,-0.26363636363636367,0.3333333333333333,-0.3272727272727273,0.0,-0.5727272727272729,0.3333333333333333,-0.10000000000000002
2024-10-24,0.2727272727272727,-0.28181818181818186,0.3333333333333333,0.24545454545454545,0.3333333333333333,-0.28181818181818186,0.0,-0.5272727272727273,0.0,-0.46363636363636374,0.3333333333333333,-0.4090909090909091
2024-10-25,0.2727272727272727,-0.20000000000000004,0.3333333333333333,0.10000000000000002,0.3333333333333333,-0.26363636363636367,0.0,-0.6090909090909091,0.3333333333333333,-0.009090909090909092,0.3333333333333333,-0.3545454545454546
2024-10-28,0.2727272727272727,-0.27272727272727276,0.3333333333333333,-0.30000000000000004,0.0,-0.6181818181818182,0.6666666666666666,0.17272727272727276,0.3333333333333333,0.17272727272727276,0.0,-0.7090909090909092
2024-10-29,0.2727272727272727,-0.33636363636363636,0.6666666666666666,0.11818181818181818,0.0,-0.5727272727272729,0.6666666666666666,0.21818181818181823,0.6666666666666666,0.20909090909090913,0.0,-0.7090909090909092
2024-10-30,0.2727272727272727,-0.36363636363636365,0.3333333333333333,-0.06363636363636364,0.0,-0.5454545454545455,0.3333333333333333,0.19090909090909092,0.6666666666666666,0.18678863950706415,0.0,-0.6818181818181819
2024-10-31,0.2727272727272727,-0.26363636363636367,0.6666666666666666,0.06363636363636364,0.0,-0.4909090909090909,0.6666666666666666,0.23636363636363636,0.3333333333333333,0.26363636363636367,0.0,-0.6090909090909091
2024-11-01,0.2727272727272727,-0.018181818181818184,0.3333333333333333,0.11818181818181818,0.3333333333333333,-0.46363636363636374,0.3333333333333333,-0.03636363636363637,0.3333333333333333,-0.15454545454545454,0.3333333333333333,-0.39090909090909093
2024-11-04,0.2727272727272727,-0.16363636363636366,0.0,-0.3181818181818182,0.0,-0.41818181818181827,0.0,-0.18181818181818182,0.0,-0.43636363636363645,0.3333333333333333,-0.11818181818181818
2024-11-05,0.2727272727272727,-0.10000000000000002,0.3333333333333333,0.13636363636363638,0.0,-0.5727272727272729,0.3333333333333333,-0.3272727272727273,0.3333333333333333,-0.2545454545454546,0.0,-0.4272727272727273
2024-11-06,0.2727272727272727,-0.17272727272727276,0.0,-0.33636363636363636,0.0,-0.6000000000000001,0.3333333333333333,-0.5,0.0,-0.20000000000000004,0.0,-0.3727272727272728
2024-11-07,0.2727272727272727,0.02727272727272728,0.3333333333333333,0.2545454545454546,0.3333333333333333,-0.29090909090909095,0.3333333333333333,-0.28181818181818186,0.3333333333333333,-0.22727272727272727,0.0,-0.26363636363636367
2024-11-08,0.2727272727272727,-0.3272727272727273,0.0,-0.19590028045862823,0.0,-0.3181818181818182,0.3333333333333333,-0.2545454545454546,0.0,-0.21818181818181823,0.0,-0.20909090909090913
2024-11-11,0.2727272727272727,-0.3727272727272728,0.3333333333333333,-0.086560589039859,0.3333333333333333,-0.6090909090909091,0.3333333333333333,-0.4909090909090909,0.0,-0.23636363636363636,0.3333333333333333,-0.36363636363636365
2024-11-12,0.2727272727272727,-0.4727272727272727,0.3333333333333333,0.045454545454545456,0.0,-0.7818181818181819,0.6666666666666666,-0.10000000000000002,0.0,-0.4090909090909091,0.0,-0.6636363636363638
2024-11-13,0.2727272727272727,-0.18181818181818182,0.6666666666666666,0.6742614304157438,0.0,-0.5090909090909091,0.3333333333333333,-0.3454545454545455,0.0,-0.11818181818181818,0.3333333333333333,-0.19090909090909092
2024-11-14,0.2727272727272727,-0.4909090909090909,0.6666666666666666,0.26363636363636367,0.3333333333333333,-0.36363636363636365,0.0,-0.7818181818181819,0.3333333333333333,-0.23636363636363636,0.3333333333333333,0.009090909090909092
2024-11-15,0.2727272727272727,-0.46363636363636374,0.0,-0.24545454545454545,0.0,-0.22727272727272727,0.0,-0.39090909090909093,0.0,-0.6818181818181819,0.3333333333333333,0.3272727272727273
2024-11-18,0.2727272727272727,-0.5,0.0,-0.28181818181818186,0.3333333333333333,-0.3272727272727273,0.6666666666666666,-0.10000000000000002,0.0,-0.6636363636363638,0.3333333333333333,0.3090909090909091
2024-11-19,0.2727272727272727,-0.45454545454545453,0.0,-0.3545454545454546,0.0,-0.26363636363636367,0.3333333333333333,0.19090909090909092,0.0,-0.690909090909091,0.3333333333333333,0.08181818181818183
2024-11-20,0.2727272727272727,-0.3272727272727273,0.0,-0.3181818181818182,0.3333333333333333,-0.10000000000000002,1.0,0.6090909090909091,0.0,-0.6818181818181819,0.0,-0.07272727272727274
2024-11-21,0.2727272727272727,-0.36363636363636365,0.0,-0.03636363636363637,0.3333333333333333,0.02727272727272728,0.3333333333333333,0.17272727272727276,0.0,-0.36363636363636365,0.0,-0.08181818181818183
2024-11-22,0.2727272727272727,-0.28181818181818186,0.3333333333333333,0.03636363636363637,0.0,0.045454545454545456,0.0,-0.10000000000000002,0.0,-0.6090909090909091,0.0,-0.07272727272727274
2024-11-25,0.2727272727272727,0.08181818181818183,0.3333333333333333,0.5363636363636364,0.6666666666666666,0.690909090909091,0.3333333333333333,-0.17272727272727276,0.0,-0.4090909090909091,0.0,0.07272727272727274
2024-11-26,0.2727272727272727,0.0,0.6666666666666666,0.5909090909090909,0.6666666666666666,0.6454545454545455,0.3333333333333333,-0.21818181818181823,0.0,-0.36363636363636365,0.3333333333333333,0.22727272727272727
2024-11-27,0.2727272727272727,-0.14545454545454548,0.3333333333333333,0.4000000000000001,0.3333333333333333,0.16363636363636366,0.3333333333333333,-0.18181818181818182,0.0,-0.15454545454545454,0.3333333333333333,0.26363636363636367
2024-11-29,0.2727272727272727,0.1272727272727273,0.6666666666666666,0.5636363636363637,0.6666666666666666,0.46363636363636374,0.3333333333333333,-0.2545454545454546,0.0,-0.23636363636363636,0.3333333333333333,0.20909090909090913
2024-12-02,0.2727272727272727,-0.4090909090909091,0.3333333333333333,0.20000000000000004,0.3333333333333333,-0.30000000000000004,0.3333333333333333,-0.13636363636363638,0.3333333333333333,0.06363636363636364,0.3333333333333333,-0.08181818181818183
2024-12-03,0.2727272727272727,-0.5818181818181819,1.0,0.6000000000000001,0.0,-0.41818181818181827,0.3333333333333333,0.02727272727272728,0.6666666666666666,-0.05454545454545456,0.0,-0.22727272727272727
2024-12-04,0.2727272727272727,-0.46363636363636374,0.0,-0.15454545454545454,0.0,-0.3727272727272728,0.0,-0.690909090909091,0.3333333333333333,-0.3727272727272728,0.0,-0.009090909090909092
2024-12-05,0.2727272727272727,-0.4282471247235129,0.3333333333333333,0.2545454545454546,0.3333333333333333,-0.02727272727272728,0.0,-0.690909090909091,0.3333333333333333,-0.48181818181818187,0.3333333333333333,0.02727272727272728
2024-12-06,0.2727272727272727,-0.44545454545454555,0.0,-0.4909090909090909,0.0,-0.46363636363636374,0.0,-0.6272727272727273,0.0,-0.7454545454545456,0.0,-0.28181818181818186
2024-12-09,0.2727272727272727,-0.5363636363636364,0.3333333333333333,-0.22727272727272727,0.0,-0.5727272727272729,0.0,-0.5545454545454546,0.0,-0.5545454545454546,0.0,-0.39090909090909093
2024-12-10,0.2727272727272727,-0.5818181818181819,0.3333333333333333,-0.3280190742563077,0.3333333333333333,-0.26363636363636367,0.0,-0.7727272727272727,0.0,-0.7727272727272727,0.0,-0.5090909090909091
2024-12-11,0.2727272727272727,-0.7363636363636363,0.3333333333333333,-0.03636363636363637,0.3333333333333333,-0.39090909090909093,0.0,-0.7090909090909092,0.0,-0.7181818181818183,0.0,-0.6636363636363638
2024-12-12,0.2727272727272727,-0.7818181818181819,0.3333333333333333,0.13636363636363638,0.0,-0.39090909090909093,0.0,-0.7272727272727273,0.0,-0.7454545454545456,0.0,-0.5636363636363637
2024-12-13,0.2727272727272727,-0.7272727272727273,0.6666666666666666,0.33636363636363636,0.3333333333333333,-0.14545454545454548,0.0,-0.7636363636363637,0.0,-0.8545454545454546,0.0,-0.6272727272727273
2024-12-16,0.2727272727272727,-0.8000000000000002,0.3333333333333333,0.03636363636363637,0.0,-0.29090909090909095,0.0,-0.690909090909091,0.0,-0.9272727272727275,0.0,-0.5363636363636364
2024-12-17,0.2727272727272727,-0.790909090909091,0.3333333333333333,-0.06363636363636364,0.0,-0.6545454545454547,0.0,-0.8090909090909091,0.0,-0.9545454545454546,0.0,-0.5545454545454546
2024-12-18,0.2727272727272727,-0.7636363636363637,0.3333333333333333,-0.018181818181818184,0.0,-0.5727272727272729,0.0,-0.5909090909090909,0.0,-0.9066082746806284,0.0,-0.6272727272727273
2024-12-19,0.2727272727272727,-0.7272727272727273,0.0,0.05454545454545456,0.0,-0.6454545454545455,0.0,-0.5090909090909091,0.0,-0.7454545454545456,0.0,-0.5363636363636364
2024-12-20,0.2727272727272727,-0.8090909090909091,0.3333333333333333,-0.06833730713673078,0.0,-0.690909090909091,0.0,-0.6727272727272727,0.0,-0.790909090909091,0.0,-0.5272727272727273
2024-12-23,0.2727272727272727,-0.8272727272727273,0.3333333333333333,0.22323520331332056,0.0,-0.6545454545454547,0.0,-0.4909090909090909,0.0,-0.7636363636363637,0.0,-0.4090909090909091
2024-12-24,0.2727272727272727,-0.790909090909091,0.6666666666666666,0.6090909090909091,0.0,-0.4727272727272727,0.0,-0.24545454545454545,0.0,-0.6181818181818182,0.3333333333333333,-0.10909090909090911
2024-12-26,0.2727272727272727,-0.7818181818181819,0.6666666666666666,0.6727272727272727,0.0,-0.5818181818181819,0.0,-0.4272727272727273,0.0,-0.6181818181818182,0.3333333333333333,-0.24545454545454545
2024-12-27,0.2727272727272727,-0.7545454545454545,0.6666666666666666,0.5545454545454546,0.0,-0.5181818181818182,0.0,-0.5363636363636364,0.3333333333333333,-0.43636363636363645,0.3333333333333333,-0.3454545454545455
2024-12-30,0.2727272727272727,-0.7636363636363637,0.3333333333333333,0.30000000000000004,0.0,-0.5818181818181819,0.0,-0.4090909090909091,0.3333333333333333,-0.44545454545454555,0.3333333333333333,-0.06363636363636364
2024-12-31,0.2727272727272727,-0.7272727272727273,0.3333333333333333,0.13636363636363638,0.0,-0.46363636363636374,0.0,-0.5909090909090909,0.0,-0.6000000000000001,0.3333333333333333,-0.26363636363636367
2025-01-02,0.2727272727272727,-0.7181818181818183,0.3333333333333333,0.20000000000000004,0.0,0.03636363636363637,0.0,-0.41818181818181827,0.3333333333333333,-0.4272727272727273,0.3333333333333333,0.07272727272727274
2025-01-03,0.2727272727272727,-0.48181818181818187,0.3333333333333333,-0.03636363636363637,0.3333333333333333,-0.07272727272727274,0.3333333333333333,-0.46363636363636374,0.3333333333333333,-0.5636363636363637,0.3333333333333333,0.0
2025-01-06,0.2727272727272727,-0.5727272727272729,0.3333333333333333,-0.10022805046720515,0.0,-0.36363636363636365,0.0,-0.7363636363636363,0.0,-0.39090909090909093,0.0,-0.4727272727272727
2025-01-07,0.2727272727272727,-0.7636363636363637,0.3333333333333333,-0.28181818181818186,0.3333333333333333,-0.3454545454545455,0.0,-0.5,0.0,-0.45454545454545453,0.0,-0.5727272727272729
2025-01-08,0.2727272727272727,-0.5818181818181819,0.3333333333333333,-0.4054680223446026,0.3333333333333333,-0.6545454545454547,0.0,-0.20909090909090913,0.0,-0.6000000000000001,0.0,-0.6181818181818182
2025-01-10,0.2727272727272727,-0.6241474051821412,0.3333333333333333,-0.3545454545454546,0.0,-0.7000000000000001,0.0,-0.20909090909090913,0.3333333333333333,-0.45454545454545453,0.3333333333333333,-0.5909090909090909
2025-01-13,0.2727272727272727,-0.5727272727272729,0.3333333333333333,-0.5363636363636364,0.0,-0.8272727272727273,0.0,-0.4272727272727273,0.3333333333333333,-0.5454545454545455,0.0,-0.7090909090909092
2025-01-14,0.2727272727272727,-0.5,0.3333333333333333,-0.5090909090909091,0.3333333333333333,-0.5454545454545455,0.0,-0.6000000000000001,0.3333333333333333,-0.3545454545454546,0.0,-0.6727272727272727
2025-01-15,0.2727272727272727,-0.4727272727272727,0.3333333333333333,-0.30000000000000004,0.3333333333333333,-0.6545454545454547,0.0,-0.5636363636363637,0.0,-0.3545454545454546,0.0,-0.7090909090909092
2025-01-16,0.2727272727272727,-0.5363636363636364,0.0,-0.6090909090909091,0.0,-0.9272727272727275,0.0,-0.6454545454545455,0.0,-0.6727272727272727,0.0,-0.9545454545454546
2025-01-17,0.2727272727272727,-0.33636363636363636,0.0,-0.22727272727272727,0.0,-0.8272727272727273,0.0,-0.7545454545454545,0.0,-0.5727272727272729,0.0,-0.7636363636363637
2025-01-21,0.2727272727272727,-0.6697056099399616,0.0,-0.13667461427346156,0.0,-0.6363636363636364,0.0,-0.3090909090909091,0.0,-0.7818181818181819,0.0,-0.6090909090909091
2025-01-22,0.2727272727272727,-0.5454545454545455,0.0,-0.14578625522502567,0.3333333333333333,-0.5090909090909091,0.0,-0.7363636363636363,0.3333333333333333,-0.3545454545454546,0.3333333333333333,-0.5
2025-01-23,0.2727272727272727,-0.7363636363636363,0.3333333333333333,-0.18181818181818182,0.3333333333333333,-0.46363636363636374,0.0,-0.6363636363636364,0.3333333333333333,-0.4272727272727273,0.3333333333333333,-0.4272727272727273
2025-01-24,0.2727272727272727,-0.7818181818181819,0.3333333333333333,-0.05922566618516668,0.3333333333333333,-0.5181818181818182,0.0,-0.33636363636363636,0.0,-0.6090909090909091,0.3333333333333333,-0.4090909090909091
2025-01-27,0.2727272727272727,-0.8181818181818182,0.3333333333333333,0.09090909090909091,0.0,-0.45454545454545453,0.3333333333333333,0.045454545454545456,0.3333333333333333,0.21818181818181823,0.3333333333333333,-0.4272727272727273
2025-01-28,0.2727272727272727,-0.7727272727272727,0.0,0.0956722299914231,0.0,-0.5454545454545455,0.3333333333333333,0.06363636363636364,0.0,-0.03636363636363637,0.3333333333333333,-0.38181818181818183
2025-01-29,0.2727272727272727,-0.8000000000000002,0.0,0.16363636363636366,0.0,-0.5090909090909091,0.3333333333333333,0.3272727272727273,0.0,-0.10909090909090911,0.0,-0.39090909090909093
2025-01-30,0.2727272727272727,-0.881818181818182,0.0,-0.05454545454545456,0.0,-0.48181818181818187,0.0,0.16363636363636366,0.0,-0.08181818181818183,0.0,-0.6454545454545455
2025-01-31,0.2727272727272727,-0.7727272727272727,0.3333333333333333,0.11818181818181818,0.3333333333333333,-0.07272727272727274,0.3333333333333333,-0.11818181818181818,0.6666666666666666,0.5363636363636364,0.0,-0.39090909090909093
2025-02-03,0.2727272727272727,-0.6363636363636364,0.3333333333333333,-0.2004561009344103,0.0,0.1272727272727273,0.0,-0.2545454545454546,0.6666666666666666,0.7272727272727273,0.0,-0.45454545454545453
2025-02-04,0.2727272727272727,-0.6545454545454547,0.3333333333333333,-0.086560589039859,0.3333333333333333,0.13636363636363638,0.0,-0.33636363636363636,0.0,0.19090909090909092,0.0,-0.3181818181818182
2025-02-05,0.2727272727272727,-0.6818181818181819,0.6666666666666666,0.018181818181818184,0.0,0.21818181818181823,0.0,-0.33636363636363636,0.6666666666666666,0.4909090909090909,0.0,-0.3272727272727273
2025-02-06,0.2727272727272727,-0.45454545454545453,0.3333333333333333,0.0,0.0,0.20000000000000004,0.0,0.23636363636363636,0.6666666666666666,0.08181818181818183,0.0,-0.4090909090909091
2025-02-07,0.2727272727272727,-0.7090909090909092,0.3333333333333333,-0.16363636363636366,0.0,-0.3272727272727273,0.0,0.06363636363636364,0.6666666666666666,0.03636363636363637,0.0,-0.6727272727272727
2025-02-10,0.2727272727272727,-0.7727272727272727,0.3333333333333333,-0.33636363636363636,0.0,-0.6818181818181819,0.3333333333333333,0.20909090909090913,0.3333333333333333,-0.09090909090909091,0.3333333333333333,-0.5272727272727273
2025-02-11,0.2727272727272727,-0.8181818181818182,0.6666666666666666,0.4090909090909091,0.0,-0.6545454545454547,0.0,-0.07272727272727274,0.6666666666666666,0.26363636363636367,0.0,-0.5909090909090909
2025-02-12,0.2727272727272727,-0.7545454545454545,0.3333333333333333,-0.018181818181818184,0.0,-0.6363636363636364,0.3333333333333333,-0.2545454545454546,0.3333333333333333,0.0,0.0,-0.6090909090909091
2025-02-13,0.2727272727272727,-0.7363636363636363,0.3333333333333333,-0.018181818181818184,0.0,-0.5545454545454546,0.0,-0.22727272727272727,0.6666666666666666,0.1272727272727273,0.0,-0.5454545454545455
2025-02-14,0.2727272727272727,-0.5363636363636364,0.3333333333333333,-0.21818181818181823,0.0,-0.5272727272727273,0.0,-0.1272727272727273,0.6666666666666666,0.1272727272727273,0.0,-0.20909090909090913
2025-02-18,0.2727272727272727,-0.5545454545454546,0.3333333333333333,-0.17272727272727276,0.0,-0.44545454545454555,0.0,-0.19090909090909092,0.6666666666666666,0.14545454545454548,0.0,-0.3181818181818182
2025-02-19,0.2727272727272727,-0.5545454545454546,0.3333333333333333,-0.12300715284611541,0.0,-0.21818181818181823,0.3333333333333333,-0.05454545454545456,0.6666666666666666,0.09090909090909091,0.3333333333333333,-0.09090909090909091
2025-02-20,0.2727272727272727,-0.38181818181818183,0.3333333333333333,0.38181818181818183,0.3333333333333333,-0.24545454545454545,0.3333333333333333,-0.11818181818181818,0.3333333333333333,0.29090909090909095,0.0,-0.29090909090909095
2025-02-21,0.2727272727272727,-0.6363636363636364,0.0,0.16363636363636366,0.3333333333333333,-0.46363636363636374,0.0,-0.23636363636363636,0.0,-0.48181818181818187,0.0,-0.7363636363636363
2025-02-24,0.2727272727272727,-0.6454545454545455,0.0,-0.20000000000000004,0.0,-0.8272727272727273,0.0,-0.15454545454545454,0.0,-0.6818181818181819,0.0,-0.8272727272727273
2025-02-25,0.2727272727272727,-0.8636363636363636,0.0,-0.5,0.0,-0.8454545454545455,0.0,-0.44545454545454555,0.0,-0.7545454545454545,0.0,-0.8909090909090911
2025-02-26,0.2727272727272727,-0.6090909090909091,0.0,-0.4909090909090909,0.0,-0.8181818181818182,0.0,-0.5181818181818182,0.0,-0.7545454545454545,0.0,-0.8545454545454546
2025-02-27,0.2727272727272727,-0.3545454545454546,0.0,-0.18181818181818182,0.0,-0.6181818181818182,0.0,-0.10909090909090911,0.0,-0.3181818181818182,0.0,-0.5818181818181819
2025-02-28,0.2727272727272727,-0.5909090909090909,0.0,-0.26363636363636367,0.0,-0.8000000000000002,0.0,-0.20000000000000004,0.0,-0.7181818181818183,0.0,-0.8090909090909091
2025-03-03,0.2727272727272727,-0.8636363636363636,0.0,-0.5909090909090909,0.0,-0.8909090909090911,0.0,-0.7272727272727273,0.0,-0.8909090909090911,0.0,-0.8727272727272729
2025-03-04,0.2727272727272727,-0.8090909090909091,0.0,-0.39090909090909093,0.0,-0.9363636363636365,0.0,-0.48181818181818187,0.0,-0.881818181818182,0.0,-0.9363636363636365
2025-03-05,0.2727272727272727,-0.7272727272727273,0.0,-0.4909090909090909,0.3333333333333333,-0.7090909090909092,0.6666666666666666,0.38181818181818183,0.3333333333333333,-0.5272727272727273,0.3333333333333333,-0.5727272727272729
2025-03-06,0.2727272727272727,-0.48181818181818187,0.3333333333333333,-0.045454545454545456,0.3333333333333333,-0.6818181818181819,0.6666666666666666,0.2545454545454546,0.3333333333333333,-0.3727272727272728,0.3333333333333333,-0.38181818181818183
2025-03-07,0.2727272727272727,-0.43636363636363645,0.3333333333333333,-0.018181818181818184,0.3333333333333333,-0.33636363636363636,0.3333333333333333,0.48181818181818187,0.3333333333333333,-0.1272727272727273,0.3333333333333333,-0.14545454545454548
2025-03-10,0.2727272727272727,-0.8181818181818182,0.3333333333333333,0.03636363636363637,0.0,-0.46363636363636374,0.3333333333333333,-0.13636363636363638,0.0,-0.7000000000000001,0.0,-0.5909090909090909
2025-03-11,0.2727272727272727,-0.8428267880196796,0.3333333333333333,0.10022805046720515,0.0,-0.3272727272727273,0.3333333333333333,-0.21818181818181823,0.0,-0.6090909090909091,0.0,-0.5727272727272729
2025-03-12,0.2727272727272727,-0.8090909090909091,0.3333333333333333,0.1272727272727273,0.0,-0.3090909090909091,0.0,-0.5545454545454546,0.0,-0.5727272727272729,0.0,-0.4727272727272727
2025-03-13,0.2727272727272727,-0.5727272727272729,0.3333333333333333,-0.09090909090909091,0.0,-0.6545454545454547,0.0,-0.24545454545454545,0.3333333333333333,-0.41818181818181827,0.0,-0.6181818181818182
2025-03-14,0.2727272727272727,-0.36363636363636365,0.3333333333333333,-0.10909090909090911,0.3333333333333333,-0.5181818181818182,0.3333333333333333,-0.19090909090909092,0.3333333333333333,-0.4909090909090909,0.3333333333333333,-0.38181818181818183
2025-03-17,0.2727272727272727,-0.3727272727272728,0.0,-0.3090909090909091,0.0,-0.39090909090909093,0.0,-0.20909090909090913,0.0,-0.5,0.3333333333333333,-0.30000000000000004
2025-03-18,0.2727272727272727,-0.44545454545454555,0.0,-0.3272727272727273,0.0,-0.5454545454545455,0.0,-0.29090909090909095,0.0,-0.6454545454545455,0.0,-0.6000000000000001
2025-03-19,0.2727272727272727,-0.5545454545454546,0.0,0.05454545454545456,0.0,-0.36363636363636365,0.0,-0.28181818181818186,0.0,-0.5090909090909091,0.0,-0.6454545454545455
2025-03-20,0.2727272727272727,-0.4272727272727273,0.3333333333333333,-0.11845133237033335,0.0,-0.30000000000000004,0.0,-0.36363636363636365,0.0,-0.5545454545454546,0.0,-0.48181818181818187
2025-03-21,0.2727272727272727,-0.6000000000000001,0.6666666666666666,-0.24545454545454545,0.0,-0.5909090909090909,0.0,-0.690909090909091,0.3333333333333333,-0.45454545454545453,0.3333333333333333,-0.4090909090909091
2025-03-24,0.2727272727272727,-0.6636363636363638,0.3333333333333333,0.1138955118945513,0.0,-0.6000000000000001,0.3333333333333333,-0.38181818181818183,0.0,-0.3545454545454546,0.0,-0.4727272727272727
2025-03-25,0.2727272727272727,-0.7363636363636363,0.0,0.0917469804271967,0.0,-0.8181818181818182,0.0,-0.30000000000000004,0.3333333333333333,-0.6272727272727273,0.0,-0.7272727272727273
2025-03-26,0.2727272727272727,-0.6000000000000001,0.3333333333333333,0.045454545454545456,0.0,-0.7818181818181819,0.0,-0.3727272727272728,0.0,-0.5818181818181819,0.0,-0.7272727272727273
2025-03-27,0.2727272727272727,-0.4727272727272727,0.3333333333333333,0.38181818181818183,0.0,-0.6727272727272727,0.0,-0.10909090909090911,0.0,-0.27272727272727276,0.0,-0.6181818181818182
2025-03-28,0.2727272727272727,-0.6636363636363638,0.3333333333333333,0.11818181818181818,0.3333333333333333,-0.29090909090909095,0.3333333333333333,-0.3454545454545455,0.0,-0.5818181818181819,0.0,-0.16363636363636366
2025-03-31,0.2727272727272727,-0.7090909090909092,0.0,-0.3454545454545455,0.3333333333333333,0.018181818181818184,0.3333333333333333,-0.18181818181818182,0.0,-0.5818181818181819,0.3333333333333333,-0.05454545454545456
2025-04-01,0.2727272727272727,-0.6636363636363638,0.0,-0.26363636363636367,0.3333333333333333,0.06363636363636364,0.3333333333333333,-0.19090909090909092,0.0,-0.7727272727272727,0.3333333333333333,-0.018181818181818184
2025-04-02,0.2727272727272727,-0.6818181818181819,0.0,-0.045454545454545456,0.0,-0.3454545454545455,0.0,-0.17272727272727276,0.0,-0.4000000000000001,0.3333333333333333,-0.1272727272727273
2025-04-03,0.2727272727272727,-0.6181818181818182,0.0,-0.4000000000000001,0.0,-0.045454545454545456,0.0,-0.4909090909090909,0.0,-0.7181818181818183,0.3333333333333333,0.20000000000000004
2025-04-04,0.2727272727272727,-0.6181818181818182,0.0,-0.30000000000000004,0.3333333333333333,-0.23636363636363636,0.0,-0.5090909090909091,0.0,-0.6454545454545455,0.6666666666666666,0.44545454545454555
2025-04-07,0.2727272727272727,-0.690909090909091,0.0,-0.17272727272727276,0.3333333333333333,0.3181818181818182,0.0,-0.5181818181818182,0.0,0.009174698042719672,0.0,0.14545454545454548
2025-04-08,0.2727272727272727,-0.5181818181818182,0.0,-0.3272727272727273,0.3333333333333333,0.4090909090909091,0.0,-0.48181818181818187,0.0,-0.009534625892455923,0.0,-0.17272727272727276
2025-04-09,0.2727272727272727,-0.5727272727272729,0.3333333333333333,0.16363636363636366,0.6666666666666666,0.3090909090909091,0.0,-0.6090909090909091,0.3333333333333333,0.13636363636363638,0.0,-0.26363636363636367
2025-04-10,0.2727272727272727,-0.5181818181818182,0.3333333333333333,0.20909090909090913,0.3333333333333333,0.30000000000000004,0.3333333333333333,-0.43636363636363645,0.0,-0.615035764230577,0.0,-0.10909090909090911
2025-04-11,0.2727272727272727,-0.6545454545454547,0.6666666666666666,0.21818181818181823,0.3333333333333333,0.03636363636363637,0.3333333333333333,-0.5454545454545455,0.0,-0.6727272727272727,0.0,-0.36363636363636365
2025-04-14,0.2727272727272727,-0.7181818181818183,0.3333333333333333,-0.08181818181818183,0.0,-0.045454545454545456,0.3333333333333333,-0.6090909090909091,0.0,-0.7363636363636363,0.0,-0.4272727272727273
2025-04-15,0.2727272727272727,-0.5090909090909091,0.3333333333333333,-0.08181818181818183,0.0,0.20000000000000004,0.3333333333333333,-0.5545454545454546,0.0,-0.5727272727272729,0.0,-0.27272727272727276
2025-04-16,0.2727272727272727,-0.4783611499571155,0.0,-0.48181818181818187,0.0,0.22727272727272727,0.0,-0.881818181818182,0.0,-0.5727272727272729,0.0,-0.09090909090909091
2025-04-17,0.2727272727272727,-0.5363636363636364,0.0,-0.26363636363636367,0.3333333333333333,0.10000000000000002,0.0,-0.5636363636363637,0.0,-0.6545454545454547,0.3333333333333333,0.1272727272727273
2025-04-21,0.2727272727272727,-0.48181818181818187,0.0,-0.08181818181818183,0.3333333333333333,-0.009090909090909092,0.0,-0.7090909090909092,0.0,-0.7181818181818183,0.3333333333333333,-0.02727272727272728
2025-04-22,0.2727272727272727,-0.6636363636363638,0.6666666666666666,0.33636363636363636,0.3333333333333333,-0.07272727272727274,0.0,-0.5181818181818182,0.0,-0.881818181818182,0.3333333333333333,-0.06363636363636364
2025-04-23,0.2727272727272727,-0.6104799437547951,0.0,0.5181818181818182,0.0,-0.3727272727272728,0.3333333333333333,-0.3727272727272728,0.0,-0.5090909090909091,0.3333333333333333,0.07272727272727274
2025-04-24,0.2727272727272727,-0.5636363636363637,0.3333333333333333,0.33636363636363636,0.3333333333333333,-0.17272727272727276,0.3333333333333333,-0.5636363636363637,0.3333333333333333,0.009090909090909092,0.3333333333333333,-0.045454545454545456
2025-04-25,0.2727272727272727,-0.6545454545454547,0.6666666666666666,0.4909090909090909,0.3333333333333333,-0.30000000000000004,0.3333333333333333,-0.44545454545454555,0.3333333333333333,0.10478387094298722,0.0,-0.23636363636363636
2025-04-28,0.2727272727272727,-0.3727272727272728,0.3333333333333333,0.45454545454545453,0.3333333333333333,0.14545454545454548,0.3333333333333333,0.11818181818181818,0.0,-0.16363636363636366,0.3333333333333333,-0.05454545454545456
2025-04-29,0.2727272727272727,-0.04555820475782052,0.6666666666666666,0.7454545454545456,0.6666666666666666,0.33636363636363636,0.3333333333333333,-0.018181818181818184,0.3333333333333333,-0.045454545454545456,0.3333333333333333,0.06363636363636364
2025-04-30,0.2727272727272727,-0.3454545454545455,0.3333333333333333,0.5272727272727273,0.6666666666666666,0.3181818181818182,0.0,-0.27272727272727276,0.3333333333333333,-0.15454545454545454,0.6666666666666666,0.20000000000000004
2025-05-01,0.2727272727272727,-0.2545454545454546,0.3333333333333333,0.16363636363636366,0.3333333333333333,-0.045454545454545456,0.6666666666666666,-0.009090909090909092,0.3333333333333333,0.39090909090909093,0.6666666666666666,0.4090909090909091
2025-05-02,0.2727272727272727,-0.26363636363636367,0.3333333333333333,-0.4727272727272727,0.0,-0.30000000000000004,0.6666666666666666,-0.03636363636363637,0.0,0.10909090909090911,0.3333333333333333,-0.13636363636363638
2025-05-05,0.2727272727272727,-0.4909090909090909,0.3333333333333333,-0.5545454545454546,0.0,-0.3727272727272728,0.3333333333333333,0.0,0.3333333333333333,-0.27272727272727276,0.0,-0.5090909090909091
2025-05-06,0.2727272727272727,-0.44545454545454555,0.3333333333333333,-0.6818181818181819,0.3333333333333333,-0.39090909090909093,0.3333333333333333,-0.46363636363636374,0.3333333333333333,0.0,0.0,-0.4090909090909091
2025-05-07,0.2727272727272727,-0.33636363636363636,0.3333333333333333,-0.45454545454545453,0.3333333333333333,-0.3727272727272728,0.3333333333333333,-0.4272727272727273,0.0,-0.3181818181818182,0.0,-0.5454545454545455
2025-05-08,0.2727272727272727,-0.22727272727272727,0.3333333333333333,-0.16363636363636366,0.3333333333333333,-0.20909090909090913,0.3333333333333333,-0.18181818181818182,0.0,-0.19090909090909092,0.0,-0.27272727272727276
2025-05-09,0.2727272727272727,0.13636363636363638,0.6666666666666666,0.09090909090909091,0.3333333333333333,-0.3454545454545455,0.0,-0.28181818181818186,0.3333333333333333,-0.07272727272727274,0.3333333333333333,-0.08181818181818183
2025-05-12,0.2727272727272727,-0.45454545454545453,0.0,-0.41818181818181827,0.0,-0.5363636363636364,0.3333333333333333,0.33636363636363636,0.0,-0.43636363636363645,0.0,-0.28181818181818186
2025-05-13,0.2727272727272727,-0.6636363636363638,0.3333333333333333,-0.27272727272727276,0.3333333333333333,-0.5454545454545455,0.3333333333333333,-0.1272727272727273,0.3333333333333333,-0.29090909090909095,0.3333333333333333,-0.29090909090909095
2025-05-14,0.2727272727272727,-0.788156942310295,0.0,-0.5831450209001027,0.0,-0.7243754556493462,0.3333333333333333,-0.49202861138446163,0.0,-0.4145796632961667,0.0,-0.6195915847063591
2025-05-15,0.2727272727272727,-0.5454545454545455,0.3333333333333333,-0.6272727272727273,0.3333333333333333,-0.5545454545454546,0.3333333333333333,-0.5727272727272729,0.3333333333333333,-0.27272727272727276,0.3333333333333333,-0.44545454545454555
2025-05-16,0.2727272727272727,-0.8090909090909091,0.3333333333333333,-0.3853373177942262,0.0,-0.6636363636363638,0.0,-0.7272727272727273,0.0,-0.3545454545454546,0.0,-0.6363636363636364
2025-05-19,0.2727272727272727,-0.7545454545454545,0.0,-0.15596986672623442,0.0,-0.4727272727272727,0.0,-0.6545454545454547,0.0,-0.4909090909090909,0.0,-0.4909090909090909
2025-05-20,0.2727272727272727,-0.6000000000000001,0.3333333333333333,0.05454545454545456,0.3333333333333333,-0.4090909090909091,0.0,-0.6090909090909091,0.0,-0.5727272727272729,0.0,-0.6090909090909091
2025-05-21,0.2727272727272727,-0.7653778399313848,0.3333333333333333,0.5968124823274489,0.3333333333333333,-0.5512542775696284,0.0,-0.4236913042477309,0.0,-0.5011402523360257,0.0,-0.6423706870852695
2025-05-22,0.2727272727272727,-0.8090909090909091,0.6666666666666666,0.7545454545454545,0.3333333333333333,-0.6272727272727273,0.0,-0.38181818181818183,0.0,-0.6090909090909091,0.0,-0.5909090909090909
2025-05-23,0.2727272727272727,-0.5454545454545455,0.3333333333333333,-0.15454545454545454,0.0,-0.6090909090909091,0.3333333333333333,0.11818181818181818,0.0,-0.36363636363636365,0.0,-0.4909090909090909
2025-05-27,0.2727272727272727,-0.4272727272727273,0.0,-0.790909090909091,0.0,-0.6454545454545455,0.3333333333333333,0.14545454545454548,0.0,-0.26363636363636367,0.3333333333333333,-0.27272727272727276
2025-05-28,0.2727272727272727,-0.46363636363636374,0.0,-0.7152638146977822,0.3333333333333333,-0.6636363636363638,0.3333333333333333,-0.16363636363636366,0.3333333333333333,-0.3727272727272728,0.3333333333333333,-0.5090909090909091
2025-05-29,0.2727272727272727,-0.39090909090909093,0.0,-0.6818181818181819,0.0,-0.690909090909091,0.0,-0.3272727272727273,0.0,-0.4090909090909091,0.0,-0.8090909090909091
2025-05-30,0.2727272727272727,-0.5181818181818182,0.3333333333333333,-0.4909090909090909,0.3333333333333333,-0.6636363636363638,0.3333333333333333,-0.20909090909090913,0.0,-0.15454545454545454,0.0,-0.8363636363636365
2025-06-02,0.2727272727272727,-0.4272727272727273,0.3333333333333333,-0.054669845709384636,0.0,-0.48181818181818187,0.3333333333333333,-0.05454545454545456,0.3333333333333333,-0.36363636363636365,0.0,-0.38181818181818183
2025-06-03,0.2727272727272727,-0.30000000000000004,0.3333333333333333,0.2545454545454546,0.0,-0.28181818181818186,0.3333333333333333,-0.10000000000000002,0.3333333333333333,-0.28181818181818186,0.0,-0.4000000000000001
2025-06-04,0.2727272727272727,-0.36363636363636365,0.3333333333333333,0.4282471247235129,0.0,-0.05454545454545456,0.3333333333333333,-0.3545454545454546,0.6666666666666666,0.0,0.0,-0.5727272727272729
2025-06-05,0.2727272727272727,-0.6090909090909091,0.3333333333333333,-0.44545454545454555,0.3333333333333333,-0.13636363636363638,0.3333333333333333,0.14545454545454548,0.0,-0.7545454545454545,0.0,-0.4000000000000001
2025-06-06,0.2727272727272727,-0.28181818181818186,0.3333333333333333,-0.06363636363636364,0.3333333333333333,0.09090909090909091,0.3333333333333333,0.23636363636363636,0.3333333333333333,0.03636363636363637,0.3333333333333333,0.018181818181818184
2025-06-09,0.2727272727272727,-0.5545454545454546,0.0,0.06363636363636364,0.3333333333333333,-0.5272727272727273,0.3333333333333333,-0.11818181818181818,0.0,-0.4909090909090909,0.3333333333333333,-0.06363636363636364
2025-06-10,0.2727272727272727,-0.5272727272727273,0.3333333333333333,0.10000000000000002,0.0,-0.3454545454545455,0.3333333333333333,0.018181818181818184,0.0,-0.39090909090909093,0.3333333333333333,-0.16363636363636366
2025-06-11,0.2727272727272727,-0.36363636363636365,0.3333333333333333,0.03636363636363637,0.3333333333333333,-0.23636363636363636,0.6666666666666666,0.15454545454545454,0.3333333333333333,-0.10909090909090911,0.3333333333333333,-0.02727272727272728
2025-06-12,0.2727272727272727,-0.5545454545454546,0.3333333333333333,0.20909090909090913,0.0,-0.4965844318602437,0.3333333333333333,-0.16363636363636366,0.0,-0.44545454545454555,0.0,-0.15454545454545454
2025-06-13,0.2727272727272727,-0.6272727272727273,0.0,-0.28181818181818186,0.0,-0.8545454545454546,0.6666666666666666,0.09090909090909091,0.0,-0.6727272727272727,0.0,-0.48181818181818187
2025-06-16,0.2727272727272727,-0.5363636363636364,0.3333333333333333,-0.02727272727272728,0.0,-0.7363636363636363,0.3333333333333333,-0.2545454545454546,0.0,-0.23636363636363636,0.0,-0.4909090909090909
2025-06-17,0.2727272727272727,-0.6181818181818182,0.3333333333333333,-0.02727272727272728,0.0,-0.7272727272727273,0.3333333333333333,-0.28181818181818186,0.0,-0.39090909090909093,0.0,-0.6545454545454547
2025-06-18,0.2727272727272727,-0.6000000000000001,0.0,-0.19090909090909092,0.0,-0.8272727272727273,0.3333333333333333,0.05454545454545456,0.0,-0.2545454545454546,0.0,-0.7454545454545456
2025-06-20,0.2727272727272727,-0.5727272727272729,0.3333333333333333,0.3090909090909091,0.0,-0.7881569423102951,0.6666666666666666,-0.06363636363636364,0.0,0.15454545454545454,0.0,-0.6090909090909091
2025-06-23,0.2727272727272727,-0.43636363636363645,0.6666666666666666,0.33636363636363636,0.0,-0.21818181818181823,0.3333333333333333,-0.4090909090909091,0.0,-0.27272727272727276,0.0,-0.27272727272727276
2025-06-24,0.2727272727272727,-0.7636363636363637,0.6666666666666666,0.28181818181818186,0.0,-0.43636363636363645,0.3333333333333333,-0.07272727272727274,0.3333333333333333,0.10909090909090911,0.3333333333333333,0.05454545454545456
2025-06-25,0.2727272727272727,-0.6636363636363638,0.6666666666666666,0.045454545454545456,0.3333333333333333,-0.30000000000000004,0.3333333333333333,0.03636363636363637,0.3333333333333333,-0.18181818181818182,0.3333333333333333,0.19090909090909092
2025-06-26,0.2727272727272727,-0.6363636363636364,0.6666666666666666,0.018181818181818184,0.0,-0.4909090909090909,0.6666666666666666,-0.02727272727272728,0.3333333333333333,0.045454545454545456,0.3333333333333333,-0.018181818181818184
2025-06-27,0.2727272727272727,-0.7272727272727273,0.3333333333333333,0.06833730713673078,0.0,-0.5272727272727273,0.3333333333333333,0.17272727272727276,0.3333333333333333,0.06363636363636364,0.3333333333333333,-0.28181818181818186
2025-06-30,0.2727272727272727,-0.7545454545454545,0.3333333333333333,-0.07272727272727274,0.0,-0.4000000000000001,0.0,-0.5,0.0,-0.3545454545454546,0.0,-0.5181818181818182
2025-07-01,0.2727272727272727,-0.6818181818181819,0.3333333333333333,0.4090909090909091,0.0,-0.3272727272727273,0.0,-0.5363636363636364,0.0,-0.09090909090909091,0.0,-0.5818181818181819
2025-07-02,0.2727272727272727,-0.6000000000000001,0.0,0.018181818181818184,0.3333333333333333,-0.3181818181818182,0.0,-0.5090909090909091,0.0,-0.5181818181818182,0.3333333333333333,-0.20000000000000004
2025-07-03,0.2727272727272727,-0.8090909090909091,0.3333333333333333,-0.33636363636363636,0.3333333333333333,-0.26363636363636367,0.0,-0.5545454545454546,0.0,-0.6272727272727273,0.0,-0.5090909090909091
2025-07-07,0.2727272727272727,-0.8636363636363636,0.0,-0.3090909090909091,0.3333333333333333,-0.3454545454545455,0.0,-0.22727272727272727,0.0,-0.3181818181818182,0.0,-0.38181818181818183
2025-07-08,0.2727272727272727,-0.7727272727272727,0.0,-0.5102518932875899,0.0,-0.6272727272727273,0.0,-0.38181818181818183,0.0,-0.5090909090909091,0.0,-0.4909090909090909
2025-07-09,0.2727272727272727,-0.8181818181818182,0.0,-0.3090909090909091,0.0,-0.6181818181818182,0.3333333333333333,-0.10000000000000002,0.0,-0.4727272727272727,0.0,-0.5363636363636364
2025-07-10,0.2727272727272727,-0.6545454545454547,0.3333333333333333,-0.16363636363636366,0.0,-0.8181818181818182,0.0,-0.4909090909090909,0.0,-0.08181818181818183,0.0,-0.6454545454545455
2025-07-11,0.2727272727272727,-0.5,0.3333333333333333,-0.018181818181818184,0.3333333333333333,-0.3181818181818182,0.3333333333333333,-0.20909090909090913,0.3333333333333333,-0.1272727272727273,0.0,-0.690909090909091
2025-07-14,0.2727272727272727,-0.7363636363636363,0.3333333333333333,-0.27272727272727276,0.0,-0.690909090909091,0.3333333333333333,0.045454545454545456,0.0,-0.21818181818181823,0.0,-0.6272727272727273
2025-07-15,0.2727272727272727,-0.6727272727272727,0.6666666666666666,-0.018181818181818184,0.0,-0.790909090909091,0.0,0.02727272727272728,0.0,-0.41818181818181827,0.0,-0.6181818181818182
2025-07-16,0.2727272727272727,-0.6727272727272727,0.3333333333333333,-0.24771684715343115,0.0,-0.6272727272727273,0.3333333333333333,-0.16363636363636366,0.0,-0.2545454545454546,0.0,-0.4727272727272727
2025-07-17,0.2727272727272727,-0.5909090909090909,0.0,-0.2779050490227052,0.0,-0.5,0.3333333333333333,-0.14545454545454548,0.0,-0.4909090909090909,0.0,-0.3727272727272728
2025-07-18,0.2727272727272727,-0.6454545454545455,0.0,-0.690909090909091,0.0,-0.5909090909090909,0.0,-0.4272727272727273,0.0,-0.690909090909091,0.0,-0.24545454545454545
2025-07-21,0.2727272727272727,-0.5363636363636364,0.0,-0.4909090909090909,0.0,-0.15454545454545454,0.0,-0.3181818181818182,0.0,-0.28181818181818186,0.0,-0.009090909090909092
2025-07-22,0.2727272727272727,-0.48181818181818187,0.6666666666666666,0.3181818181818182,0.3333333333333333,0.08181818181818183,0.0,-0.41818181818181827,0.3333333333333333,0.045454545454545456,0.3333333333333333,0.03636363636363637
2025-07-23,0.2727272727272727,-0.26363636363636367,0.3333333333333333,0.15454545454545454,0.0,-0.07272727272727274,0.0,-0.29090909090909095,0.3333333333333333,-0.22727272727272727,0.3333333333333333,-0.10909090909090911
2025-07-24,0.2727272727272727,-0.24545454545454545,0.3333333333333333,-0.15454545454545454,0.0,-0.3545454545454546,0.0,-0.19090909090909092,0.0,0.0,0.3333333333333333,0.11818181818181818
2025-07-25,0.2727272727272727,0.03636363636363637,0.3333333333333333,0.24545454545454545,0.0,-0.5636363636363637,0.0,-0.009090909090909092,0.0,-0.18181818181818182,0.0,-0.15454545454545454
2025-07-28,0.2727272727272727,-0.3454545454545455,0.3333333333333333,-0.14545454545454548,0.0,-0.5090909090909091,0.3333333333333333,-0.02727272727272728,0.0,-0.7636363636363637,0.6666666666666666,-0.1272727272727273
2025-07-29,0.2727272727272727,-0.38181818181818183,0.3333333333333333,-0.22727272727272727,0.0,-0.46363636363636374,0.3333333333333333,0.28181818181818186,0.0,-0.7090909090909092,0.6666666666666666,-0.16363636363636366
2025-07-30,0.2727272727272727,-0.4000000000000001,0.3333333333333333,-0.5011402523360258,0.0,-0.6545454545454547,0.3333333333333333,0.20000000000000004,0.0,-0.6363636363636364,0.3333333333333333,-0.2545454545454546
2025-07-31,0.2727272727272727,-0.23636363636363636,0.6666666666666666,-0.10909090909090911,0.3333333333333333,-0.045454545454545456,0.3333333333333333,0.30000000000000004,0.0,-0.690909090909091,0.3333333333333333,-0.24545454545454545
2025-08-01,0.2727272727272727,-0.06833730713673078,0.0,-0.3727272727272728,0.3333333333333333,-0.13636363636363638,0.6666666666666666,0.29090909090909095,0.0,-0.11818181818181818,0.3333333333333333,-0.3545454545454546
2025-08-04,0.2727272727272727,0.02727272727272728,0.3333333333333333,-0.2545454545454546,0.3333333333333333,-0.23636363636363636,0.3333333333333333,-0.06363636363636364,0.0,-0.6545454545454547,0.6666666666666666,0.05454545454545456
2025-08-05,0.2727272727272727,0.4000000000000001,0.3333333333333333,-0.3454545454545455,0.6666666666666666,0.15454545454545454,0.3333333333333333,-0.03636363636363637,0.3333333333333333,-0.3545454545454546,0.3333333333333333,-0.20000000000000004
2025-08-06,0.2727272727272727,0.6000000000000001,0.3333333333333333,0.6454545454545455,0.0,0.045454545454545456,0.6666666666666666,-0.03636363636363637,0.0,-0.5,0.3333333333333333,-0.10000000000000002
2025-08-07,0.2727272727272727,0.4000000000000001,0.3333333333333333,0.7000000000000001,0.6666666666666666,0.16363636363636366,0.3333333333333333,-0.13636363636363638,0.3333333333333333,0.009090909090909092,0.6666666666666666,-0.08181818181818183
2025-08-08,0.2727272727272727,-0.041002384282038465,0.3333333333333333,0.5090909090909091,0.0,-0.3181818181818182,0.3333333333333333,-0.08181818181818183,0.0,-0.4272727272727273,0.0,-0.38181818181818183
2025-08-11,0.2727272727272727,0.05454545454545456,0.3333333333333333,0.4727272727272727,0.3333333333333333,-0.41818181818181827,0.6666666666666666,0.11818181818181818,0.0,-0.27272727272727276,0.3333333333333333,-0.22727272727272727
2025-08-12,0.2727272727272727,0.20000000000000004,0.3333333333333333,0.43636363636363645,0.0,-0.43636363636363645,0.3333333333333333,0.26363636363636367,0.0,-0.3727272727272728,0.0,-0.24545454545454545
2025-08-13,0.2727272727272727,0.3234632537805257,0.0,0.5603659185211924,0.3333333333333333,-0.10478387094298722,0.6666666666666666,0.173121178079718,0.3333333333333333,-0.24601430569223082,0.3333333333333333,0.07744894808829489
2025-08-14,0.2727272727272727,0.2004561009344103,0.3333333333333333,0.10478387094298722,0.3333333333333333,-0.15945371665237182,0.3333333333333333,0.12300715284611541,0.3333333333333333,0.054669845709384636,0.3333333333333333,0.06833730713673078
2025-08-15,0.2727272727272727,-0.28181818181818186,0.3333333333333333,-0.21818181818181823,0.3333333333333333,-0.23636363636363636,0.0,-0.14545454545454548,0.6666666666666666,-0.02277910237891026,0.3333333333333333,-0.13636363636363638
2025-08-18,0.2727272727272727,-0.3090909090909091,0.3333333333333333,-0.045454545454545456,0.0,-0.6272727272727273,0.3333333333333333,-0.19090909090909092,0.3333333333333333,-0.09090909090909091,0.0,-0.3272727272727273
2025-08-19,0.2727272727272727,-0.5727272727272729,0.0,-0.38181818181818183,0.0,-0.8363636363636365,0.3333333333333333,-0.11818181818181818,0.0,-0.27272727272727276,0.0,-0.6272727272727273
2025-08-20,0.2727272727272727,-0.7454545454545456,0.3333333333333333,-0.3735772790141283,0.0,-0.7636363636363637,0.3333333333333333,-0.20000000000000004,0.0,-0.4272727272727273,0.0,-0.7727272727272727
2025-08-21,0.2727272727272727,-0.4909090909090909,0.3333333333333333,-0.5090909090909091,0.0,-0.6090909090909091,0.3333333333333333,-0.09090909090909091,0.0,-0.3272727272727273,0.0,-0.7818181818181819
2025-08-22,0.2727272727272727,-0.3545454545454546,0.0,-0.3454545454545455,0.0,-0.5,0.3333333333333333,-0.08181818181818183,0.6666666666666666,-0.17272727272727276,0.0,-0.790909090909091
2025-08-25,0.2727272727272727,-0.14545454545454548,0.3333333333333333,-0.10909090909090911,0.3333333333333333,-0.44545454545454555,0.3333333333333333,0.07272727272727274,0.3333333333333333,0.03636363636363637,0.0,-0.8545454545454546
2025-08-26,0.2727272727272727,-0.1272727272727273,0.6666666666666666,0.6636363636363638,0.3333333333333333,-0.44545454545454555,0.3333333333333333,0.009090909090909092,0.3333333333333333,0.05454545454545456,0.0,-0.8090909090909091
2025-08-27,0.2727272727272727,0.02727272727272728,0.3333333333333333,0.05454545454545456,0.3333333333333333,-0.1272727272727273,0.3333333333333333,-0.14545454545454548,0.3333333333333333,0.39090909090909093,0.0,-0.8000000000000002
2025-08-28,0.2727272727272727,-0.20909090909090913,0.3333333333333333,0.39090909090909093,0.3333333333333333,-0.3454545454545455,0.0,-0.045454545454545456,0.6666666666666666,0.6272727272727273,0.0,-0.6636363636363638
2025-08-29,0.2727272727272727,0.02277910237891026,0.3333333333333333,0.21818181818181823,0.3333333333333333,-0.3545454545454546,0.3333333333333333,0.24545454545454545,0.6666666666666666,0.27272727272727276,0.0,-0.7090909090909092
2025-09-02,0.2727272727272727,0.14545454545454548,0.0,-0.48181818181818187,0.0,-0.41818181818181827,0.3333333333333333,0.22727272727272727,0.0,-0.30000000000000004,0.0,-0.4727272727272727
2025-09-03,0.2727272727272727,0.0,0.0,-0.7000000000000001,0.3333333333333333,-0.15454545454545454,0.3333333333333333,0.41818181818181827,0.0,-0.23636363636363636,0.3333333333333333,-0.22727272727272727
2025-09-04,0.2727272727272727,-0.3090909090909091,0.0,-0.9090909090909091,0.0,-0.5818181818181819,0.3333333333333333,0.2545454545454546,0.0,-0.22727272727272727,0.3333333333333333,-0.08181818181818183
2025-09-05,0.2727272727272727,-0.2545454545454546,0.0,-0.8181818181818182,0.3333333333333333,-0.5636363636363637,0.3333333333333333,0.02727272727272728,0.3333333333333333,-0.23636363636363636,0.3333333333333333,-0.11818181818181818
2025-09-08,0.2727272727272727,-0.18181818181818182,0.0,-0.881818181818182,0.0,-0.8454545454545455,0.0,-0.08181818181818183,0.3333333333333333,-0.19090909090909092,0.3333333333333333,0.03636363636363637
2025-09-09,0.2727272727272727,-0.33636363636363636,0.0,-0.690909090909091,0.0,-0.6636363636363638,0.0,0.009090909090909092,0.0,-0.39090909090909093,0.3333333333333333,-0.07272727272727274
2025-09-10,0.2727272727272727,-0.3545454545454546,0.0,-0.43636363636363645,0.0,-0.7272727272727273,0.0,-0.018181818181818184,0.0,-0.08181818181818183,0.0,-0.6000000000000001
2025-09-11,0.2727272727272727,-0.28181818181818186,0.3333333333333333,-0.20909090909090913,0.3333333333333333,-0.48747279090867957,0.0,-0.09090909090909091,0.3333333333333333,-0.06363636363636364,0.0,-0.46363636363636374
2025-09-12,0.2727272727272727,-0.5181818181818182,0.3333333333333333,-0.3963563813930386,0.0,-0.6879288918430899,0.0,-0.7272727272727273,0.3333333333333333,0.0,0.0,-0.6090909090909091
2025-09-15,0.2727272727272727,-0.30000000000000004,0.0,-0.5909090909090909,0.3333333333333333,-0.43636363636363645,0.0,-0.5909090909090909,0.3333333333333333,-0.24545454545454545,0.0,-0.7090909090909092
2025-09-16,0.2727272727272727,-0.4090909090909091,0.0,-0.5818181818181819,0.0,-0.4909090909090909,0.0,-0.5272727272727273,0.3333333333333333,-0.4272727272727273,0.0,-0.5454545454545455
2025-09-17,0.2727272727272727,-0.4909090909090909,0.0,-0.6272727272727273,0.0,-0.5545454545454546,0.0,-0.39090909090909093,0.0,-0.7090909090909092,0.0,-0.6363636363636364
2025-09-18,0.2727272727272727,-0.5181818181818182,0.0,-0.881818181818182,0.0,-0.5181818181818182,0.0,-0.4272727272727273,0.0,-0.4272727272727273,0.0,-0.5090909090909091
2025-09-19,0.2727272727272727,-0.48181818181818187,0.3333333333333333,-0.3234632537805257,0.0,-0.7272727272727273,0.0,-0.7090909090909092,0.0,-0.6545454545454547,0.0,-0.690909090909091
2025-09-22,0.2727272727272727,-0.3181818181818182,0.3333333333333333,0.009090909090909092,0.3333333333333333,-0.5818181818181819,0.0,-0.6545454545454547,0.3333333333333333,-0.23636363636363636,0.0,-0.6636363636363638
2025-09-23,0.2727272727272727,-0.6000000000000001,0.0,-0.44545454545454555,0.0,-0.7454545454545456,0.0,-0.7272727272727273,0.3333333333333333,-0.36363636363636365,0.0,-0.690909090909091
2025-09-24,0.2727272727272727,-0.6818181818181819,0.6666666666666666,0.30000000000000004,0.0,-0.790909090909091,0.0,-0.7272727272727273,0.3333333333333333,-0.36363636363636365,0.3333333333333333,-0.6272727272727273
2025-09-25,0.2727272727272727,-0.6272727272727273,0.3333333333333333,0.23636363636363636,0.0,-0.7727272727272727,0.0,-0.7636363636363637,0.3333333333333333,-0.3727272727272728,0.3333333333333333,-0.5636363636363637
2025-09-26,0.2727272727272727,-0.6181818181818182,0.3333333333333333,0.28181818181818186,0.0,-0.8272727272727273,0.0,-0.43636363636363645,0.0,-0.4272727272727273,0.0,-0.4909090909090909
2025-09-29,0.2727272727272727,-0.5,0.3333333333333333,0.27272727272727276,0.0,-0.6545454545454547,0.0,-0.48181818181818187,0.0,-0.29090909090909095,0.0,-0.45454545454545453
2025-09-30,0.2727272727272727,-0.4727272727272727,0.6666666666666666,0.3181818181818182,0.3333333333333333,-0.48181818181818187,0.0,-0.44545454545454555,0.6666666666666666,0.23636363636363636,0.3333333333333333,-0.23636363636363636
2025-10-01,0.2727272727272727,-0.24545454545454545,0.3333333333333333,0.009090909090909092,0.0,-0.45454545454545453,0.0,-0.20909090909090913,0.3333333333333333,0.36363636363636365,0.0,-0.08181818181818183
2025-10-02,0.2727272727272727,-0.3181818181818182,0.3333333333333333,0.16363636363636366,0.0,-0.26363636363636367,0.3333333333333333,-0.06363636363636364,0.3333333333333333,-0.018181818181818184,0.0,-0.3181818181818182
2025-10-03,0.2727272727272727,-0.045454545454545456,0.3333333333333333,0.21101805498255247,0.3333333333333333,0.14545454545454548,0.3333333333333333,-0.23636363636363636,0.3333333333333333,0.41818181818181827,0.0,-0.09090909090909091
2025-10-06,0.2727272727272727,-0.23636363636363636,0.3333333333333333,0.4000000000000001,0.3333333333333333,-0.4272727272727273,0.3333333333333333,-0.02727272727272728,0.3333333333333333,0.02727272727272728,0.3333333333333333,-0.33636363636363636
2025-10-07,0.2727272727272727,-0.38181818181818183,0.6666666666666666,0.7198196351735642,0.0,-0.39090909090909093,0.0,-0.10909090909090911,0.3333333333333333,0.3090909090909091,0.0,-0.24545454545454545
2025-10-08,0.2727272727272727,-0.07272727272727274,0.6666666666666666,0.06833730713673078,0.0,-0.41818181818181827,0.0,-0.28181818181818186,0.3333333333333333,0.03636363636363637,0.0,-0.36363636363636365
2025-10-09,0.2727272727272727,-0.21818181818181823,0.6666666666666666,0.5181818181818182,0.0,-0.3545454545454546,0.0,-0.48181818181818187,0.3333333333333333,-0.09090909090909091,0.0,-0.4000000000000001
2025-10-10,0.2727272727272727,-0.29090909090909095,0.3333333333333333,0.15945371665237182,0.0,-0.33636363636363636,0.0,-0.5636363636363637,0.3333333333333333,-0.45454545454545453,0.0,-0.7272727272727273
2025-10-13,0.2727272727272727,-0.5090909090909091,0.0,-0.22727272727272727,0.0,-0.7272727272727273,0.0,-0.43636363636363645,0.0,-0.8454545454545455,0.0,-0.8909090909090911
2025-10-14,0.2727272727272727,-0.36363636363636365,0.3333333333333333,0.02727272727272728,0.3333333333333333,-0.6090909090909091,0.0,-0.6090909090909091,0.3333333333333333,-0.6181818181818182,0.0,-0.7090909090909092
2025-10-15,0.2727272727272727,-0.4909090909090909,0.0,0.0,0.0,-0.5272727272727273,0.0,-0.5545454545454546,0.0,-0.7090909090909092,0.0,-0.7363636363636363
2025-10-16,0.2727272727272727,-0.5,0.0,-0.20000000000000004,0.3333333333333333,-0.5818181818181819,0.0,-0.5727272727272729,0.3333333333333333,-0.48181818181818187,0.3333333333333333,-0.5181818181818182
2025-10-17,0.2727272727272727,-0.43636363636363645,0.3333333333333333,0.26363636363636367,0.3333333333333333,-0.21818181818181823,0.0,-0.5,0.3333333333333333,-0.3181818181818182,0.3333333333333333,-0.38181818181818183
2025-10-20,0.2727272727272727,-0.4909090909090909,0.3333333333333333,0.11818181818181818,0.0,-0.6090909090909091,0.0,-0.48181818181818187,0.0,-0.5363636363636364,0.0,-0.6363636363636364
2025-10-21,0.2727272727272727,-0.5818181818181819,0.0,0.3545454545454546,0.0,-0.41818181818181827,0.0,-0.6181818181818182,0.0,-0.4272727272727273,0.0,-0.5818181818181819
2025-10-22,0.2727272727272727,-0.5727272727272729,0.0,-0.14545454545454548,0.0,-0.6818181818181819,0.0,-0.5909090909090909,0.0,-0.4909090909090909,0.0,-0.8181818181818182
2025-10-23,0.2727272727272727,-0.6363636363636364,0.3333333333333333,0.6181818181818182,0.0,-0.20909090909090913,0.0,-0.3181818181818182,0.3333333333333333,0.02727272727272728,0.0,-0.36363636363636365
2025-10-24,0.2727272727272727,-0.6000000000000001,0.3333333333333333,0.690909090909091,0.0,-0.11818181818181818,0.0,-0.045454545454545456,0.0,-0.19090909090909092,0.0,-0.018181818181818184
2025-10-27,0.2727272727272727,-0.06363636363636364,0.3333333333333333,0.33636363636363636,0.3333333333333333,-0.16363636363636366,0.0,0.06363636363636364,0.3333333333333333,-0.4090909090909091,0.3333333333333333,-0.15454545454545454
2025-10-28,0.2727272727272727,-0.21818181818181823,0.0,0.22727272727272727,0.3333333333333333,-0.1272727272727273,0.3333333333333333,0.018181818181818184,0.3333333333333333,-0.07272727272727274,0.3333333333333333,0.10000000000000002
2025-10-29,0.2727272727272727,-0.3181818181818182,0.0,-0.7272727272727273,0.3333333333333333,-0.3181818181818182,0.3333333333333333,-0.4090909090909091,0.3333333333333333,-0.3727272727272728,0.3333333333333333,-0.17272727272727276
2025-10-30,0.2727272727272727,-0.39090909090909093,0.3333333333333333,-0.18181818181818182,0.3333333333333333,-0.20909090909090913,0.0,-0.48181818181818187,0.3333333333333333,-0.5090909090909091,0.3333333333333333,-0.27272727272727276
2025-10-31,0.2727272727272727,-0.6000000000000001,0.0,-0.06378148666094874,0.0,-0.4090909090909091,0.0,-0.38181818181818183,0.0,-0.7272727272727273,0.0,-0.43636363636363645
2025-11-03,0.2727272727272727,-0.6000000000000001,0.0,-0.21818181818181823,0.3333333333333333,-0.15454545454545454,0.3333333333333333,0.18181818181818182,0.3333333333333333,-0.7272727272727273,0.3333333333333333,-0.36363636363636365
2025-11-04,0.2727272727272727,-0.5727272727272729,0.3333333333333333,0.18181818181818182,0.0,-0.22727272727272727,0.0,0.0,0.0,-0.20909090909090913,0.0,-0.2545454545454546
2025-11-05,0.2727272727272727,-0.3272727272727273,0.3333333333333333,0.27272727272727276,0.3333333333333333,0.009090909090909092,0.3333333333333333,0.15454545454545454,0.3333333333333333,-0.18181818181818182,0.3333333333333333,-0.26363636363636367
2025-11-06,0.2727272727272727,-0.4874727909086796,0.0,0.013667461427346159,0.3333333333333333,-0.04100238428203847,0.6666666666666666,0.24145848521644878,0.0,-0.5193635342391539,0.0,-0.5603659185211924
2025-11-07,0.2727272727272727,-0.28181818181818186,0.3333333333333333,0.02727272727272728,0.6666666666666666,-0.03636363636363637,0.6666666666666666,0.19090909090909092,0.0,-0.45454545454545453,0.0,-0.41818181818181827
2025-11-10,0.2727272727272727,-0.5363636363636364,0.3333333333333333,0.3454545454545455,0.3333333333333333,-0.20000000000000004,0.3333333333333333,-0.09090909090909091,0.0,-0.24545454545454545,0.0,-0.5454545454545455
2025-11-11,0.2727272727272727,-0.3181818181818182,0.6666666666666666,0.14545454545454548,0.3333333333333333,-0.20000000000000004,0.0,-0.30000000000000004,0.0,-0.22727272727272727,0.3333333333333333,-0.5
2025-11-12,0.2727272727272727,-0.3090909090909091,0.6666666666666666,-0.045454545454545456,0.3333333333333333,-0.4727272727272727,0.0,-0.5727272727272729,0.0,-0.28181818181818186,0.3333333333333333,-0.3272727272727273
2025-11-13,0.2727272727272727,-0.5636363636363637,0.3333333333333333,-0.09090909090909091,0.3333333333333333,-0.43636363636363645,0.0,-0.6818181818181819,0.0,-0.23636363636363636,0.3333333333333333,-0.5181818181818182
2025-11-14,0.2727272727272727,-0.6363636363636364,0.0,-0.5363636363636364,0.0,-0.6181818181818182,0.0,-0.8454545454545455,0.0,-0.48181818181818187,0.3333333333333333,-0.43636363636363645
2025-11-17,0.2727272727272727,-0.5818181818181819,0.0,-0.33636363636363636,0.0,-0.790909090909091,0.0,-0.7181818181818183,0.0,-0.3727272727272728,0.3333333333333333,-0.5090909090909091
2025-11-18,0.2727272727272727,-0.5363636363636364,0.3333333333333333,-0.39090909090909093,0.0,-0.5454545454545455,0.0,-0.7818181818181819,0.0,-0.6818181818181819,0.3333333333333333,-0.4727272727272727
2025-11-19,0.2727272727272727,-0.5363636363636364,0.0,-0.5727272727272729,0.0,-0.19090909090909092,0.0,-0.7090909090909092,0.3333333333333333,-0.43636363636363645,0.0,-0.5454545454545455
2025-11-20,0.2727272727272727,-0.5363636363636364,0.3333333333333333,-0.5148077137633719,0.0,-0.5090909090909091,0.0,-0.5727272727272729,0.0,-0.790909090909091,0.0,-0.5090909090909091
2025-11-21,0.2727272727272727,-0.4727272727272727,0.0,-0.30523997187739754,0.0,-0.8272727272727273,0.0,-0.6272727272727273,0.0,-0.8090909090909091,0.0,-0.7363636363636363
2025-11-24,0.2727272727272727,-0.29090909090909095,0.0,-0.33636363636363636,0.3333333333333333,-0.5,0.0,-0.5181818181818182,0.0,-0.39090909090909093,0.0,-0.5818181818181819
2025-11-25,0.2727272727272727,-0.009090909090909092,0.3333333333333333,-0.10000000000000002,0.0,-0.48181818181818187,0.0,-0.5363636363636364,0.3333333333333333,-0.10909090909090911,0.0,-0.6727272727272727
2025-11-26,0.2727272727272727,-0.16363636363636366,0.0,-0.20000000000000004,0.3333333333333333,-0.15454545454545454,0.3333333333333333,-0.3090909090909091,0.3333333333333333,-0.10000000000000002,0.0,-0.5727272727272729
2025-11-28,0.2727272727272727,-0.5,0.0,0.2369026647406667,0.0,-0.3454545454545455,0.3333333333333333,-0.05454545454545456,0.0,-0.46363636363636374,0.0,-0.4000000000000001
2025-12-01,0.2727272727272727,-0.6090909090909091,0.0,0.11818181818181818,0.0,-0.5818181818181819,0.3333333333333333,0.06363636363636364,0.0,-0.6000000000000001,0.0,-0.46363636363636374
2025-12-02,0.2727272727272727,-0.6332590461337052,0.0,0.26363636363636367,0.0,-0.5272727272727273,0.3333333333333333,0.09090909090909091,0.3333333333333333,-0.38181818181818183,0.0,-0.5090909090909091
2025-12-03,0.2727272727272727,-0.6000000000000001,0.0,0.26363636363636367,0.0,-0.7000000000000001,0.3333333333333333,0.27272727272727276,0.0,-0.5272727272727273,0.0,-0.5727272727272729
2025-12-04,0.2727272727272727,-0.7181818181818183,0.3333333333333333,0.10000000000000002,0.0,-0.5272727272727273,0.3333333333333333,-0.07272727272727274,0.3333333333333333,-0.16363636363636366,0.0,-0.20000000000000004
2025-12-05,0.2727272727272727,-0.05454545454545456,0.0,-0.06363636363636364,0.3333333333333333,-0.11845133237033335,0.3333333333333333,-0.3727272727272728,0.6666666666666666,0.6636363636363638,0.3333333333333333,0.09090909090909091
2025-12-08,0.2727272727272727,-0.18678863950706415,0.3333333333333333,-0.12756297332189748,0.3333333333333333,-0.10478387094298722,0.3333333333333333,-0.4510262271024232,0.6666666666666666,0.5056960728118078,0.3333333333333333,0.14578625522502567
2025-12-09,0.2727272727272727,-0.05454545454545456,0.3333333333333333,-0.02727272727272728,0.3333333333333333,-0.09090909090909091,0.0,-0.30000000000000004,0.3333333333333333,0.23636363636363636,0.3333333333333333,0.46363636363636374
2025-12-10,0.2727272727272727,-0.3454545454545455,0.0,-0.26363636363636367,0.3333333333333333,-0.018181818181818184,0.3333333333333333,0.05454545454545456,0.6666666666666666,0.36363636363636365,0.3333333333333333,0.05454545454545456
2025-12-11,0.2727272727272727,-0.41818181818181827,0.0,-0.30000000000000004,0.0,-0.3727272727272728,0.0,-0.16363636363636366,0.0,0.06363636363636364,0.0,-0.29090909090909095
2025-12-12,0.2727272727272727,-0.3545454545454546,0.0,-0.19090909090909092,0.3333333333333333,-0.28181818181818186,0.0,0.06363636363636364,0.3333333333333333,0.018181818181818184,0.3333333333333333,-0.15454545454545454
2025-12-15,0.2727272727272727,-0.26363636363636367,0.0,-0.27272727272727276,0.3333333333333333,-0.16363636363636366,0.0,0.11818181818181818,0.3333333333333333,-0.07272727272727274,0.3333333333333333,-0.15454545454545454
2025-12-16,0.2727272727272727,-0.36363636363636365,0.0,-0.4272727272727273,0.3333333333333333,-0.19090909090909092,0.0,0.09090909090909091,0.3333333333333333,-0.1272727272727273,0.3333333333333333,-0.20000000000000004
2025-12-17,0.2727272727272727,-0.6818181818181819,0.0,-0.28181818181818186,0.0,-0.4000000000000001,0.3333333333333333,-0.05454545454545456,0.0,-0.5454545454545455,0.0,-0.43636363636363645
2025-12-18,0.2727272727272727,-0.36363636363636365,0.0,-0.41818181818181827,0.3333333333333333,-0.20909090909090913,0.3333333333333333,0.05454545454545456,0.3333333333333333,-0.28181818181818186,0.3333333333333333,-0.4090909090909091
2025-12-19,0.2727272727272727,-0.4272727272727273,0.0,-0.23636363636363636,0.3333333333333333,-0.20909090909090913,0.0,-0.06363636363636364,0.3333333333333333,-0.38181818181818183,0.3333333333333333,-0.43636363636363645
2025-12-22,0.2727272727272727,-0.5090909090909091,0.6666666666666666,0.3727272727272728,0.3333333333333333,-0.4727272727272727,0.3333333333333333,0.16363636363636366,0.3333333333333333,-0.46363636363636374,0.3333333333333333,-0.6363636363636364
2025-12-23,0.2727272727272727,-0.6000000000000001,0.3333333333333333,0.14545454545454548,0.0,-0.5818181818181819,0.0,0.08181818181818183,0.0,-0.5909090909090909,0.0,-0.8181818181818182
2025-12-24,0.2727272727272727,-0.36363636363636365,0.3333333333333333,-0.10909090909090911,0.3333333333333333,-0.29090909090909095,0.0,-0.10909090909090911,0.3333333333333333,-0.20909090909090913,0.3333333333333333,-0.4000000000000001
2025-12-26,0.2727272727272727,-0.5727272727272729,0.0,-0.18181818181818182,0.0,-0.4272727272727273,0.3333333333333333,0.03636363636363637,0.3333333333333333,-0.5,0.3333333333333333,-0.45454545454545453
2025-12-29,0.2727272727272727,-0.39090909090909093,0.6666666666666666,0.11818181818181818,0.0,-0.6000000000000001,0.3333333333333333,0.20909090909090913,0.3333333333333333,-0.19090909090909092,0.3333333333333333,-0.02727272727272728
2025-12-30,0.2727272727272727,-0.3454545454545455,0.3333333333333333,-0.23636363636363636,0.0,-0.5,0.3333333333333333,0.1272727272727273,0.6666666666666666,0.06363636363636364,0.3333333333333333,-0.10000000000000002
2025-12-31,0.2727272727272727,-0.5,0.3333333333333333,0.02727272727272728,0.3333333333333333,-0.23636363636363636,0.3333333333333333,-0.10000000000000002,0.0,-0.5545454545454546,0.3333333333333333,-0.3454545454545455
2026-01-02,0.2727272727272727,-0.19090909090909092,0.3333333333333333,0.29090909090909095,0.0,-0.23636363636363636,0.6666666666666666,0.17272727272727276,0.6666666666666666,0.06363636363636364,0.3333333333333333,-0.05454545454545456
2026-01-05,0.2727272727272727,-0.07272727272727274,0.3333333333333333,0.06978631577988531,0.0,-0.7727272727272727,0.6666666666666666,0.3454545454545455,0.3333333333333333,-0.30000000000000004,0.3333333333333333,-0.46363636363636374
2026-01-06,0.2727272727272727,-0.16363636363636366,0.3333333333333333,0.18181818181818182,0.3333333333333333,-0.3181818181818182,0.6666666666666666,0.5454545454545455,0.3333333333333333,-0.41818181818181827,0.3333333333333333,-0.33636363636363636
2026-01-07,0.2727272727272727,-0.5454545454545455,0.3333333333333333,0.5545454545454546,0.6666666666666666,-0.027334922854692318,0.6666666666666666,0.41818181818181827,0.3333333333333333,-0.5727272727272729,0.3333333333333333,-0.21818181818181823
2026-01-08,0.2727272727272727,-0.10000000000000002,0.3333333333333333,0.36363636363636365,0.3333333333333333,-0.3272727272727273,0.3333333333333333,0.3181818181818182,0.0,-0.6454545454545455,0.0,-0.3545454545454546
2026-01-09,0.2727272727272727,-0.48181818181818187,0.3333333333333333,-0.004555820475782052,0.0,-0.19090909090909092,0.3333333333333333,0.14545454545454548,0.0,-0.5909090909090909,0.3333333333333333,-0.09090909090909091
2026-01-12,0.2727272727272727,0.018181818181818184,0.3333333333333333,-0.02727272727272728,0.3333333333333333,0.30000000000000004,0.3333333333333333,0.18181818181818182,0.0,-0.2545454545454546,0.3333333333333333,-0.045454545454545456
2026-01-13,0.2727272727272727,0.11818181818181818,0.6666666666666666,0.3181818181818182,0.6666666666666666,0.5363636363636364,0.6666666666666666,0.5,0.6666666666666666,0.3727272727272728,0.6666666666666666,0.4090909090909091
2026-01-14,0.2727272727272727,-0.3727272727272728,0.6666666666666666,0.5636363636363637,0.3333333333333333,0.18181818181818182,0.3333333333333333,0.30000000000000004,0.3333333333333333,0.16363636363636366,0.3333333333333333,0.24545454545454545
2026-01-15,0.2727272727272727,-0.27272727272727276,0.6666666666666666,0.43636363636363645,0.3333333333333333,0.1272727272727273,0.3333333333333333,0.10909090909090911,0.3333333333333333,0.07272727272727274,0.3333333333333333,0.19090909090909092
2026-01-16,0.2727272727272727,-0.3181818181818182,0.3333333333333333,0.15454545454545454,0.3333333333333333,0.05454545454545456,0.3333333333333333,0.03636363636363637,0.0,-0.26363636363636367,0.3333333333333333,-0.20000000000000004
2026-01-20,0.2727272727272727,-0.18181818181818182,0.0,-0.19090909090909092,0.3333333333333333,-0.30000000000000004,0.0,-0.3090909090909091,0.3333333333333333,-0.30000000000000004,0.3333333333333333,-0.30000000000000004
2026-01-21,0.2727272727272727,-0.27272727272727276,0.3333333333333333,0.48181818181818187,0.3333333333333333,-0.2545454545454546,0.3333333333333333,-0.10000000000000002,0.6666666666666666,0.0,0.3333333333333333,-0.28181818181818186
2026-01-22,0.2727272727272727,-0.20909090909090913,0.3333333333333333,0.5636363636363637,0.3333333333333333,-0.10000000000000002,0.0,-0.2545454545454546,0.3333333333333333,-0.08181818181818183,0.3333333333333333,-0.13636363636363638
2026-01-23,0.2727272727272727,0.045454545454545456,0.6666666666666666,0.29090909090909095,0.6666666666666666,0.23636363636363636,0.3333333333333333,0.10000000000000002,0.3333333333333333,0.29090909090909095,0.3333333333333333,0.03636363636363637
2026-01-26,0.2727272727272727,-0.38181818181818183,0.6666666666666666,0.36363636363636365,0.3333333333333333,-0.5,0.3333333333333333,-0.10909090909090911,0.3333333333333333,0.07272727272727274,0.3333333333333333,-0.13636363636363638
2026-01-27,0.2727272727272727,-0.3727272727272728,0.6666666666666666,0.5454545454545455,0.3333333333333333,0.03636363636363637,0.3333333333333333,-0.27272727272727276,0.3333333333333333,0.03636363636363637,0.3333333333333333,0.11818181818181818
2026-01-28,0.2727272727272727,-0.4054680223446026,0.6666666666666666,0.10000000000000002,0.3333333333333333,-0.20000000000000004,0.3333333333333333,-0.15454545454545454,0.3333333333333333,-0.11818181818181818,0.3333333333333333,0.08181818181818183
2026-01-29,0.2727272727272727,-0.48181818181818187,0.6666666666666666,0.5545454545454546,0.3333333333333333,-0.41818181818181827,0.3333333333333333,-0.3181818181818182,0.3333333333333333,0.10909090909090911,0.3333333333333333,-0.045454545454545456
2026-01-30,0.2727272727272727,0.027334922854692318,0.3333333333333333,0.10022805046720515,0.3333333333333333,-0.3143516128289616,0.6666666666666666,0.22323520331332058,0.3333333333333333,0.13667461427346156,0.3333333333333333,0.06833730713673078
2026-02-02,0.2727272727272727,-0.39090909090909093,0.3333333333333333,0.18181818181818182,0.3333333333333333,-0.2545454545454546,0.3333333333333333,-0.21818181818181823,0.3333333333333333,-0.02727272727272728,0.3333333333333333,0.10000000000000002
2026-02-03,0.2727272727272727,-0.41818181818181827,0.0,-0.2545454545454546,0.3333333333333333,-0.09090909090909091,0.3333333333333333,-0.06363636363636364,0.6666666666666666,-0.17272727272727276,0.6666666666666666,0.3090909090909091
2026-02-04,0.2727272727272727,-0.41818181818181827,0.0,-0.2687934080711411,0.3333333333333333,-0.17272727272727276,0.6666666666666666,0.10909090909090911,0.3333333333333333,-0.4727272727272727,0.6666666666666666,0.33636363636363636
2026-02-05,0.2727272727272727,-0.3727272727272728,0.0,-0.46363636363636374,0.3333333333333333,-0.07272727272727274,0.3333333333333333,-0.09090909090909091,0.6666666666666666,-0.08181818181818183,0.6666666666666666,0.018181818181818184
2026-02-06,0.2727272727272727,-0.7181818181818183,0.0,-0.39090909090909093,0.0,-0.06363636363636364,0.0,-0.36363636363636365,0.3333333333333333,-0.41818181818181827,0.3333333333333333,-0.18181818181818182
2026-02-09,0.2727272727272727,-0.43636363636363645,0.3333333333333333,-0.14545454545454548,0.3333333333333333,0.045454545454545456,0.0,-0.33636363636363636,0.3333333333333333,-0.41818181818181827,0.3333333333333333,-0.07272727272727274
2026-02-10,0.2727272727272727,-0.10909090909090911,0.0,-0.009090909090909092,0.6666666666666666,0.05454545454545456,0.0,0.18181818181818182,0.3333333333333333,-0.5454545454545455,0.3333333333333333,-0.15454545454545454
2026-02-11,0.2727272727272727,-0.3727272727272728,0.0,-0.13211879379767952,0.0,-0.6545454545454547,0.0,0.26363636363636367,0.0,-0.7454545454545456,0.0,-0.23636363636363636
2026-02-12,0.2727272727272727,-0.28181818181818186,0.0,-0.05454545454545456,0.0,-0.30000000000000004,0.0,-0.03636363636363637,0.0,-0.5818181818181819,0.0,-0.13636363636363638
2026-02-13,0.2727272727272727,-0.5727272727272729,0.3333333333333333,0.02727272727272728,0.0,-0.29090909090909095,0.0,-0.17272727272727276,0.0,-0.8000000000000002,0.3333333333333333,-0.1272727272727273
2026-02-17,0.2727272727272727,-0.41818181818181827,0.0,-0.3272727272727273,0.0,-0.39090909090909093,0.3333333333333333,-0.20909090909090913,0.0,-0.8363636363636365,0.0,-0.5
2026-02-18,0.2727272727272727,-0.2545454545454546,0.0,-0.14545454545454548,0.0,0.10909090909090911,0.0,-0.07272727272727274,0.0,-0.30000000000000004,0.0,-0.21818181818181823
2026-02-19,0.2727272727272727,-0.46363636363636374,0.0,0.10909090909090911,0.0,-0.17272727272727276,0.0,-0.41818181818181827,0.0,-0.6727272727272727,0.0,-0.1272727272727273
2026-02-20,0.2727272727272727,-0.15454545454545454,0.0,-0.21818181818181823,0.0,-0.22727272727272727,0.0,-0.5272727272727273,0.0,-0.48181818181818187,0.0,-0.06363636363636364
2026-02-23,0.2727272727272727,0.05454545454545456,0.0,-0.05454545454545456,0.6666666666666666,0.02727272727272728,0.3333333333333333,-0.43636363636363645,0.3333333333333333,-0.44545454545454555,0.6666666666666666,0.28181818181818186
2026-02-24,0.2727272727272727,-0.09090909090909091,0.0,0.009090909090909092,0.3333333333333333,-0.009090909090909092,0.6666666666666666,0.13636363636363638,0.3333333333333333,-0.4090909090909091,0.3333333333333333,0.3545454545454546
2026-02-25,0.2727272727272727,0.018181818181818184,0.3333333333333333,-0.18181818181818182,0.6666666666666666,0.5363636363636364,0.6666666666666666,-0.17272727272727276,0.3333333333333333,-0.27272727272727276,0.6666666666666666,0.5181818181818182
2026-02-26,0.2727272727272727,-0.10000000000000002,0.0,-0.29157251045005134,0.3333333333333333,0.13636363636363638,0.3333333333333333,0.17272727272727276,0.3333333333333333,-0.21818181818181823,0.3333333333333333,0.15454545454545454
2026-02-27,0.2727272727272727,-0.17272727272727276,0.0,-0.2545454545454546,0.3333333333333333,-0.18181818181818182,0.6666666666666666,0.36363636363636365,0.3333333333333333,0.06363636363636364,0.3333333333333333,-0.06363636363636364
2026-03-02,0.2727272727272727,-0.10000000000000002,0.3333333333333333,0.28181818181818186,0.3333333333333333,0.11845133237033335,0.6666666666666666,0.19090909090909092,0.3333333333333333,0.16363636363636366,0.3333333333333333,0.4909090909090909
2026-03-03,0.2727272727272727,-0.20909090909090913,0.0,-0.173121178079718,0.3333333333333333,0.06363636363636364,0.3333333333333333,0.08181818181818183,0.3333333333333333,-0.11818181818181818,0.3333333333333333,0.10000000000000002
2026-03-04,0.2727272727272727,-0.27272727272727276,0.3333333333333333,0.0,0.3333333333333333,-0.11818181818181818,0.3333333333333333,-0.09090909090909091,0.3333333333333333,-0.22727272727272727,0.3333333333333333,0.14545454545454548
2026-03-05,0.2727272727272727,-0.13636363636363638,0.3333333333333333,0.0,0.3333333333333333,-0.10909090909090911,0.3333333333333333,0.19090909090909092,0.3333333333333333,0.08181818181818183,0.3333333333333333,0.14545454545454548
2026-03-06,0.2727272727272727,-0.3454545454545455,0.3333333333333333,0.0,0.0,-0.690909090909091,0.0,-0.46363636363636374,0.0,-0.43636363636363645,0.0,-0.5818181818181819
2026-03-09,0.2727272727272727,-0.3545454545454546,0.3333333333333333,-0.06363636363636364,0.0,-0.7818181818181819,0.3333333333333333,-0.15454545454545454,0.3333333333333333,-0.44545454545454555,0.0,-0.7272727272727273
2026-03-10,0.2727272727272727,-0.33636363636363636,0.0,-0.16363636363636366,0.0,-0.8909090909090911,0.3333333333333333,-0.09090909090909091,0.0,-0.5909090909090909,0.0,-0.7181818181818183
2026-03-11,0.2727272727272727,-0.4272727272727273,0.0,-0.5102518932875899,0.0,-0.6000000000000001,0.6666666666666666,-0.07272727272727274,0.3333333333333333,-0.39090909090909093,0.0,-0.5636363636363637
2026-03-12,0.2727272727272727,-0.4419145861508591,0.0,-0.18181818181818182,0.0,-0.15454545454545454,0.3333333333333333,-0.21818181818181823,0.3333333333333333,-0.23636363636363636,0.0,-0.20000000000000004
2026-03-13,0.2727272727272727,-0.44545454545454555,0.3333333333333333,-0.3181818181818182,0.0,-0.4090909090909091,0.6666666666666666,-0.018181818181818184,0.3333333333333333,-0.4090909090909091,0.0,-0.45454545454545453
2026-03-16,0.2727272727272727,-0.38181818181818183,0.0,-0.5558100980454104,0.0,-0.38181818181818183,0.3333333333333333,-0.07272727272727274,0.3333333333333333,-0.39090909090909093,0.0,-0.5272727272727273
2026-03-17,0.2727272727272727,-0.26363636363636367,0.3333333333333333,-0.08181818181818183,0.6666666666666666,0.36363636363636365,0.0,-0.28181818181818186,0.0,-0.22727272727272727,0.0,0.045454545454545456
2026-03-18,0.2727272727272727,0.02727272727272728,0.0,-0.23636363636363636,0.6666666666666666,0.30000000000000004,0.0,-0.4090909090909091,0.3333333333333333,-0.20000000000000004,0.3333333333333333,0.22727272727272727
2026-03-19,0.2727272727272727,0.10909090909090911,0.3333333333333333,-0.11818181818181818,0.6666666666666666,0.26363636363636367,0.3333333333333333,-0.10000000000000002,0.3333333333333333,-0.17272727272727276,0.3333333333333333,0.06363636363636364
2026-03-20,0.2727272727272727,-0.08200476856407693,0.0,-0.09090909090909091,0.3333333333333333,-0.2545454545454546,0.6666666666666666,0.13636363636363638,0.3333333333333333,-0.13636363636363638,0.0,-0.2545454545454546
2026-03-23,0.2727272727272727,-0.24601430569223082,0.0,-0.37616261975150656,0.3333333333333333,-0.2545454545454546,0.6666666666666666,0.20000000000000004,0.3333333333333333,-0.44545454545454555,0.3333333333333333,-0.27272727272727276
2026-03-24,0.2727272727272727,-0.07289312761251283,0.3333333333333333,-0.26423758759535904,0.3333333333333333,-0.22727272727272727,0.3333333333333333,0.045454545454545456,0.3333333333333333,-0.2545454545454546,0.3333333333333333,-0.13636363636363638
2026-03-25,0.2727272727272727,-0.17272727272727276,0.6666666666666666,0.15489789617658978,0.0,-0.7090909090909092,0.6666666666666666,0.15454545454545454,0.6666666666666666,0.15454545454545454,0.3333333333333333,-0.20909090909090913
2026-03-26,0.2727272727272727,-0.20000000000000004,0.0,-0.05454545454545456,0.0,-0.44545454545454555,0.6666666666666666,0.1272727272727273,0.0,-0.45454545454545453,0.0,-0.39090909090909093
2026-03-27,0.2727272727272727,-0.4000000000000001,0.0,-0.6181818181818182,0.3333333333333333,-0.3090909090909091,0.0,-0.5,0.0,-0.5272727272727273,0.0,-0.22727272727272727
2026-03-30,0.2727272727272727,-0.4090909090909091,0.0,-0.6605939689883975,0.0,-0.38181818181818183,0.6666666666666666,-0.14545454545454548,0.0,-0.7181818181818183,0.0,-0.33636363636363636
2026-03-31,0.2727272727272727,-0.44545454545454555,0.0,-0.4236913042477308,0.0,-0.6727272727272727,0.6666666666666666,0.045454545454545456,0.0,-0.6090909090909091,0.0,-0.4909090909090909
2026-04-01,0.2727272727272727,-0.4727272727272727,0.0,-0.3454545454545455,0.0,-0.8181818181818182,0.3333333333333333,-0.16363636363636366,0.3333333333333333,-0.26363636363636367,0.0,-0.5909090909090909
2026-04-02,0.2727272727272727,-0.5727272727272729,0.0,-0.08181818181818183,0.0,-0.6272727272727273,0.0,-0.38181818181818183,0.3333333333333333,-0.06363636363636364,0.0,-0.4000000000000001
2026-04-06,0.2727272727272727,-0.44545454545454555,0.6666666666666666,0.5272727272727273,0.3333333333333333,0.02727272727272728,0.3333333333333333,-0.26363636363636367,0.3333333333333333,-0.16400953712815386,0.3333333333333333,-0.45454545454545453
2026-04-07,0.2727272727272727,-0.41818181818181827,0.3333333333333333,0.7744894808829488,0.3333333333333333,0.03636363636363637,0.0,-0.44545454545454555,0.6666666666666666,0.10909090909090911,0.0,-0.7090909090909092
2026-04-08,0.2727272727272727,-0.39090909090909093,0.6666666666666666,0.8000000000000002,0.3333333333333333,0.43636363636363645,0.0,-0.1272727272727273,0.6666666666666666,0.33636363636363636,0.3333333333333333,-0.07272727272727274
2026-04-09,0.2727272727272727,-0.19090909090909092,0.6666666666666666,0.46363636363636374,0.3333333333333333,0.6272727272727273,0.3333333333333333,0.03636363636363637,0.6666666666666666,0.5090909090909091,0.3333333333333333,0.3454545454545455
2026-04-10,0.2727272727272727,-0.3727272727272728,0.3333333333333333,0.5363636363636364,0.3333333333333333,0.5090909090909091,0.3333333333333333,-0.10909090909090911,0.3333333333333333,0.19090909090909092,0.3333333333333333,0.20909090909090913
2026-04-13,0.2727272727272727,-0.3545454545454546,0.6666666666666666,0.690909090909091,0.3333333333333333,0.11818181818181818,0.3333333333333333,0.06363636363636364,0.0,-0.08181818181818183,0.3333333333333333,-0.05454545454545456
2026-04-14,0.2727272727272727,-0.24545454545454545,0.3333333333333333,0.3727272727272728,0.3333333333333333,0.009090909090909092,0.3333333333333333,-0.08181818181818183,0.0,-0.2545454545454546,0.3333333333333333,-0.19090909090909092
2026-04-15,0.2727272727272727,-0.20909090909090913,0.3333333333333333,-0.15454545454545454,0.3333333333333333,0.03636363636363637,0.3333333333333333,-0.03636363636363637,0.0,-0.4090909090909091,0.3333333333333333,0.045454545454545456
2026-04-16,0.2727272727272727,-0.3090909090909091,0.3333333333333333,-0.009090909090909092,0.3333333333333333,-0.15454545454545454,0.3333333333333333,0.22727272727272727,0.0,-0.6090909090909091,0.3333333333333333,-0.29090909090909095
2026-04-17,0.2727272727272727,-0.3272727272727273,0.3333333333333333,-0.3280190742563077,0.3333333333333333,-0.29090909090909095,0.3333333333333333,0.1272727272727273,0.0,-0.45454545454545453,0.3333333333333333,-0.19090909090909092
2026-04-20,0.2727272727272727,-0.4909090909090909,0.0,-0.3872447404414744,0.0,-0.7000000000000001,0.0,-0.15454545454545454,0.0,-0.5,0.0,-0.3727272727272728
2026-04-21,0.2727272727272727,-0.6727272727272727,0.0,-0.5181818181818182,0.0,-0.48181818181818187,0.0,-0.21818181818181823,0.0,-0.5,0.0,-0.690909090909091
2026-04-22,0.2727272727272727,-0.4000000000000001,0.0,-0.13667461427346156,0.3333333333333333,-0.15454545454545454,0.3333333333333333,0.17272727272727276,0.0,-0.46363636363636374,0.0,-0.5181818181818182
2026-04-23,0.2727272727272727,-0.46363636363636374,0.0,-0.21818181818181823,0.0,-0.39090909090909093,0.3333333333333333,0.10000000000000002,0.0,-0.4727272727272727,0.0,-0.5454545454545455
2026-04-24,0.2727272727272727,-0.08181818181818183,0.3333333333333333,0.38181818181818183,0.3333333333333333,-0.23636363636363636,0.3333333333333333,0.10000000000000002,0.3333333333333333,-0.3272727272727273,0.3333333333333333,-0.27272727272727276
2026-04-27,0.2727272727272727,-0.15454545454545454,0.0,0.16363636363636366,0.3333333333333333,-0.009090909090909092,0.6666666666666666,0.46363636363636374,0.3333333333333333,-0.13636363636363638,0.3333333333333333,-0.29090909090909095
2026-04-28,0.2727272727272727,0.11818181818181818,0.3333333333333333,0.13636363636363638,0.6666666666666666,0.3454545454545455,0.6666666666666666,0.5818181818181819,0.0,-0.05454545454545456,0.3333333333333333,-0.07272727272727274
2026-04-29,0.2727272727272727,0.08181818181818183,0.0,-0.03636363636363637,0.6666666666666666,0.3181818181818182,1.0,0.5363636363636364,0.3333333333333333,0.39090909090909093,0.3333333333333333,-0.16363636363636366
2026-04-30,0.2727272727272727,0.02727272727272728,0.0,-0.20000000000000004,0.3333333333333333,0.17272727272727276,0.3333333333333333,0.3181818181818182,0.3333333333333333,0.10909090909090911,0.3333333333333333,0.10000000000000002
2026-05-01,0.2727272727272727,0.08181818181818183,0.3333333333333333,-0.13636363636363638,0.3333333333333333,0.16363636363636366,0.6666666666666666,0.5818181818181819,0.3333333333333333,0.03636363636363637,0.3333333333333333,0.24545454545454545
2026-05-04,0.2727272727272727,-0.02727272727272728,0.6666666666666666,0.2545454545454546,0.3333333333333333,0.4272727272727273,0.3333333333333333,0.6727272727272727,0.3333333333333333,0.23636363636363636,0.3333333333333333,0.5090909090909091
2026-05-05,0.2727272727272727,-0.06363636363636364,0.3333333333333333,0.10909090909090911,0.3333333333333333,0.23636363636363636,0.3333333333333333,0.6454545454545455,0.3333333333333333,0.09090909090909091,0.3333333333333333,0.38181818181818183
2026-05-06,0.2727272727272727,-0.13636363636363638,0.0,-0.2545454545454546,0.0,-0.18181818181818182,0.6666666666666666,0.4272727272727273,0.3333333333333333,0.10909090909090911,0.3333333333333333,-0.08181818181818183
2026-05-07,0.2727272727272727,-0.24545454545454545,0.6666666666666666,0.38181818181818183,0.3333333333333333,0.018181818181818184,0.6666666666666666,0.5181818181818182,0.6666666666666666,0.43280294519929496,0.0,0.06363636363636364
2026-05-08,0.2727272727272727,-0.02727272727272728,0.0,0.09111640951564104,0.0,-0.6272727272727273,0.3333333333333333,-0.018181818181818184,0.3333333333333333,0.07272727272727274,0.0,-0.6454545454545455
2026-05-11,0.2727272727272727,-0.4090909090909091,0.3333333333333333,-0.06363636363636364,0.0,-0.5,0.3333333333333333,-0.15454545454545454,0.0,-0.19090909090909092,0.0,-0.5818181818181819
2026-05-12,0.2727272727272727,-0.5454545454545455,0.0,-0.009090909090909092,0.0,-0.5545454545454546,0.0,-0.4000000000000001,0.0,-0.11818181818181818,0.0,-0.5818181818181819
2026-05-13,0.2727272727272727,-0.38181818181818183,0.3333333333333333,0.26363636363636367,0.0,-0.6545454545454547,0.0,-0.14545454545454548,0.0,-0.29090909090909095,0.0,-0.5363636363636364
2026-05-14,0.2727272727272727,-0.38181818181818183,1.0,0.6454545454545455,0.0,-0.5545454545454546,0.0,-0.2545454545454546,0.0,-0.4000000000000001,0.0,-0.5636363636363637
2026-05-15,0.2727272727272727,-0.29090909090909095,0.3333333333333333,0.21818181818181823,0.0,-0.6363636363636364,0.3333333333333333,-0.07272727272727274,0.0,-0.3181818181818182,0.3333333333333333,-0.22727272727272727
2026-05-18,0.2727272727272727,-0.4090909090909091,0.3333333333333333,-0.18678863950706415,0.3333333333333333,-0.6181818181818182,0.0,-0.02727272727272728,0.0,-0.5818181818181819,0.3333333333333333,-0.43636363636363645
2026-05-19,0.2727272727272727,-0.3181818181818182,0.3333333333333333,-0.4000000000000001,0.3333333333333333,-0.4090909090909091,0.0,-0.045454545454545456,0.0,-0.6363636363636364,0.3333333333333333,-0.4909090909090909
2026-05-20,0.2727272727272727,-0.7517103785040387,0.3333333333333333,0.20000000000000004,0.0,-0.7272727272727273,0.0,-0.33636363636363636,0.0,-0.5727272727272729,0.0,-0.6454545454545455
2026-05-21,0.2727272727272727,-0.43636363636363645,0.6666666666666666,0.5181818181818182,0.0,-0.6454545454545455,0.0,-0.5454545454545455,0.0,-0.5818181818181819,0.0,-0.44545454545454555
2026-05-22,0.2727272727272727,-0.22727272727272727,0.3333333333333333,0.5090909090909091,0.3333333333333333,-0.38181818181818183,0.3333333333333333,-0.43636363636363645,0.0,-0.46363636363636374,0.6666666666666666,0.10909090909090911
2026-05-26,0.2727272727272727,-0.14545454545454548,0.3333333333333333,0.13636363636363638,0.6666666666666666,-0.3181818181818182,0.3333333333333333,-0.30000000000000004,0.0,-0.3181818181818182,0.6666666666666666,0.03636363636363637
2026-05-27,0.2727272727272727,-0.17767699855550007,0.3333333333333333,0.045454545454545456,0.3333333333333333,-0.06363636363636364,0.3333333333333333,-0.24545454545454545,0.0,-0.4090909090909091,0.6666666666666666,0.2545454545454546
2026-05-28,0.2727272727272727,-0.44545454545454555,0.6666666666666666,0.21412356236175645,0.3333333333333333,-0.17272727272727276,0.3333333333333333,-0.3727272727272728,0.3333333333333333,0.045454545454545456,0.3333333333333333,0.39090909090909093
2026-05-29,0.2727272727272727,-0.20909090909090913,0.6666666666666666,0.4727272727272727,0.3333333333333333,0.02727272727272728,0.0,-0.3181818181818182,0.3333333333333333,0.07272727272727274,0.6666666666666666,0.4272727272727273
2026-06-01,0.2727272727272727,-0.4000000000000001,0.3333333333333333,-0.045454545454545456,0.3333333333333333,0.2545454545454546,0.0,-0.48181818181818187,0.3333333333333333,-0.15454545454545454,0.3333333333333333,0.009090909090909092
2026-06-02,0.2727272727272727,-0.36363636363636365,0.6666666666666666,0.3690214585383462,0.3333333333333333,-0.02727272727272728,0.0,-0.5181818181818182,0.3333333333333333,-0.3545454545454546,0.3333333333333333,0.03636363636363637
2026-06-03,0.2727272727272727,-0.3272727272727273,1.0,0.615035764230577,0.3333333333333333,0.018181818181818184,0.0,-0.5363636363636364,0.3333333333333333,-0.27272727272727276,0.3333333333333333,0.02727272727272728
2026-06-04,0.2727272727272727,-0.24601430569223082,0.6666666666666666,0.6090909090909091,0.6666666666666666,0.27272727272727276,0.0,-0.46363636363636374,0.3333333333333333,-0.02727272727272728,0.3333333333333333,-0.15454545454545454
2026-06-05,0.2727272727272727,-0.27272727272727276,0.6666666666666666,0.43636363636363645,0.3333333333333333,-0.09090909090909091,0.0,-0.5363636363636364,0.0,-0.20909090909090913,0.3333333333333333,-0.41818181818181827
2026-06-08,0.2727272727272727,-0.5,0.3333333333333333,0.7272727272727273,0.3333333333333333,-0.08181818181818183,0.0,-0.3454545454545455,0.6666666666666666,0.4727272727272727,0.3333333333333333,-0.2545454545454546
2026-06-09,0.2727272727272727,-0.44545454545454555,0.3333333333333333,0.5727272727272729,0.3333333333333333,-0.10909090909090911,0.0,-0.23636363636363636,0.3333333333333333,0.28181818181818186,0.0,-0.5454545454545455
2026-06-10,0.2727272727272727,-0.44545454545454555,0.6666666666666666,0.36363636363636365,0.0,-0.045454545454545456,0.0,-0.4272727272727273,0.6666666666666666,0.3545454545454546,0.0,-0.41818181818181827
2026-06-11,0.2727272727272727,-0.5181818181818182,0.3333333333333333,0.20000000000000004,0.0,-0.30000000000000004,0.0,0.0,0.3333333333333333,0.03636363636363637,0.3333333333333333,-0.3727272727272728
2026-06-12,0.2727272727272727,-0.6000000000000001,0.0,-0.08181818181818183,0.0,-0.5,0.0,-0.13636363636363638,0.3333333333333333,-0.045454545454545456,0.3333333333333333,-0.46363636363636374
2026-06-15,0.2727272727272727,-0.5603659185211924,0.0,-0.07272727272727274,0.3333333333333333,-0.05454545454545456,0.0,-0.1272727272727273,0.3333333333333333,-0.15454545454545454,0.3333333333333333,-0.3727272727272728
2026-06-16,0.2727272727272727,-0.3006841514016155,0.0,-0.29090909090909095,0.3333333333333333,-0.45454545454545453,0.0,-0.26363636363636367,0.3333333333333333,-0.29090909090909095,0.3333333333333333,-0.33636363636363636
2026-06-17,0.2727272727272727,-0.2870166899742693,0.0,-0.5818181818181819,0.3333333333333333,-0.41818181818181827,0.3333333333333333,-0.11818181818181818,0.3333333333333333,-0.07744894808829489,0.3333333333333333,-0.26363636363636367
2026-06-18,0.2727272727272727,-0.3454545454545455,0.0,-0.5090909090909091,0.0,-0.5090909090909091,0.0,-0.15454545454545454,0.0,-0.36363636363636365,0.3333333333333333,-0.28181818181818186
2026-06-22,0.2727272727272727,-0.41818181818181827,0.3333333333333333,0.10000000000000002,0.0,-0.4000000000000001,0.0,-0.5,0.0,-0.09090909090909091,0.3333333333333333,-0.17272727272727276
2026-06-23,0.2727272727272727,-0.46363636363636374,0.3333333333333333,0.08181818181818183,0.3333333333333333,-0.11818181818181818,0.0,-0.30000000000000004,0.0,0.07272727272727274,0.0,-0.48181818181818187
2026-06-24,0.2727272727272727,-0.5272727272727273,0.3333333333333333,0.018181818181818184,0.3333333333333333,-0.11818181818181818,0.3333333333333333,-0.08181818181818183,0.6666666666666666,0.07272727272727274,0.3333333333333333,-0.36363636363636365
2026-06-25,0.2727272727272727,-0.6636363636363638,0.3333333333333333,-0.3272727272727273,0.0,-0.6363636363636364,0.0,-0.17272727272727276,0.3333333333333333,-0.3454545454545455,0.0,-0.6818181818181819
2026-06-26,0.2727272727272727,-0.6970405327946539,0.0,-0.5545454545454546,0.0,-0.7272727272727273,0.3333333333333333,-0.22727272727272727,0.0,-0.5,0.0,-0.7272727272727273
2026-06-29,0.2727272727272727,-0.4909090909090909,0.0,-0.45454545454545453,0.0,-0.7545454545454545,0.3333333333333333,-0.29090909090909095,0.0,-0.6363636363636364,0.0,-0.7272727272727273
2026-06-30,0.2727272727272727,-0.4236913042477309,0.0,-0.6050228310502284,0.0,-0.7107079942220002,0.3333333333333333,-0.4236913042477309,0.0,-0.7061521737462181,0.0,-0.5831450209001027
2026-07-01,0.2727272727272727,-0.6423706870852693,0.0,-0.5,0.0,-0.7818181818181819,0.3333333333333333,-0.3181818181818182,0.0,-0.7000000000000001,0.0,-0.690909090909091
2026-07-02,0.2727272727272727,-0.7968036529680365,0.0,-0.2733492285469231,0.0,-0.7699336604071668,0.3333333333333333,-0.25968176711957697,0.0,-0.779045301358731,0.0,-0.6195915847063591
2026-07-06,0.2727272727272727,-0.4236913042477308,0.0,-0.2414584852164488,0.0,-0.6090909090909091,0.3333333333333333,-0.17272727272727276,0.0,-0.7000000000000001,0.0,-0.5818181818181819
2026-07-07,0.2727272727272727,-0.25968176711957697,0.0,-0.5375868161422822,0.0,-0.33636363636363636,0.0,-0.6181818181818182,0.0,-0.6818181818181819,0.0,-0.6000000000000001
2026-07-08,0.2727272727272727,-0.018181818181818184,0.3333333333333333,-0.2505701261680129,0.0,-0.7000000000000001,0.0,-0.7636363636363637,0.0,-0.6363636363636364,0.0,-0.7545454545454545
2026-07-09,0.2727272727272727,-0.30979579235317956,0.3333333333333333,0.009090909090909092,0.0,-0.6090909090909091,0.0,-0.6727272727272727,0.0,-0.6727272727272727,0.0,-0.6090909090909091
2026-07-10,0.2727272727272727,-0.1272727272727273,0.0,-0.02727272727272728,0.3333333333333333,-0.5181818181818182,0.0,-0.5818181818181819,0.0,-0.790909090909091,0.0,-0.7363636363636363
2026-07-13,0.2727272727272727,-0.4090909090909091,0.3333333333333333,0.3272727272727273,0.0,-0.5,0.0,-0.5818181818181819,0.0,-0.5818181818181819,0.3333333333333333,-0.48181818181818187
2026-07-14,0.2727272727272727,-0.20909090909090913,0.6666666666666666,0.3272727272727273,0.3333333333333333,-0.6090909090909091,0.0,-0.5181818181818182,0.3333333333333333,-0.6272727272727273,0.3333333333333333,-0.5545454545454546
2026-07-15,0.2727272727272727,-0.29090909090909095,0.3333333333333333,0.004555820475782052,0.0,-0.5818181818181819,0.0,-0.6454545454545455,0.0,-0.7454545454545456,0.0,-0.48181818181818187
2026-07-16,0.2727272727272727,-0.5056960728118078,0.0,-0.03644656380625642,0.0,-0.3416865356836539,0.0,-0.3143516128289616,0.0,-0.610479943754795,0.0,-0.39180056091725646
2026-07-17,0.2727272727272727,-0.6818181818181819,0.0,-0.3545454545454546,0.0,-0.7727272727272727,0.3333333333333333,-0.22727272727272727,0.0,-0.9090909090909091,0.0,-0.690909090909091
2026-07-20,0.2727272727272727,-0.5,0.0,-0.18181818181818182,0.0,-0.6181818181818182,0.3333333333333333,-0.20909090909090913,0.0,-0.6545454545454547,0.0,-0.7181818181818183
2026-07-21,0.2727272727272727,-0.6363636363636364,0.0,-0.33636363636363636,0.0,-0.8636363636363636,0.3333333333333333,-0.22727272727272727,0.0,-0.7818181818181819,0.0,-0.6636363636363638
2026-07-22,0.2727272727272727,-0.8363636363636365,0.3333333333333333,-0.02727272727272728,0.0,-0.5272727272727273,0.6666666666666666,-0.045454545454545456,0.3333333333333333,0.09090909090909091,0.0,-0.6363636363636364
2026-07-23,0.2727272727272727,-0.48181818181818187,0.3333333333333333,0.22727272727272727,0.0,-0.36363636363636365,0.3333333333333333,-0.21818181818181823,0.0,-0.23636363636363636,0.3333333333333333,-0.45454545454545453
2026-07-24,0.2727272727272727,-0.39090909090909093,0.3333333333333333,-0.17272727272727276,0.0,-0.38181818181818183,0.0,-0.5818181818181819,0.0,-0.3545454545454546,0.3333333333333333,-0.29090909090909095
2026-07-27,0.2727272727272727,-0.6181818181818182,0.3333333333333333,0.3545454545454546,0.0,-0.6818181818181819,0.0,-0.5454545454545455,0.0,-0.44545454545454555,0.0,-0.4727272727272727
2026-07-28,0.2727272727272727,-0.7363636363636363,0.3333333333333333,0.08181818181818183,0.0,-0.6727272727272727,0.3333333333333333,-0.2545454545454546,0.3333333333333333,0.045454545454545456,0.0,-0.690909090909091
2026-07-29,0.2727272727272727,-0.7442922374429224,0.3333333333333333,-0.350798176635218,0.0,-0.5593607305936074,0.3333333333333333,0.09111640951564104,0.3333333333333333,-0.13211879379767952,0.0,-0.6378148666094873
2026-07-30,0.2727272727272727,-0.24545454545454545,0.3333333333333333,-0.13636363636363638,0.6666666666666666,-0.13636363636363638,0.3333333333333333,0.0,0.0,-0.6454545454545455,0.3333333333333333,-0.4272727272727273
2026-07-31,0.2727272727272727,-0.37616261975150656,0.0,-0.3303218946914572,0.6666666666666666,-0.10933969141876927,0.3333333333333333,0.20909090909090913,0.0,-0.7545454545454545,0.3333333333333333,-0.46363636363636374
2026-08-03,0.2727272727272727,-0.5545454545454546,0.3333333333333333,-0.045454545454545456,0.6666666666666666,-0.22727272727272727,0.3333333333333333,-0.018181818181818184,0.0,-0.6727272727272727,0.3333333333333333,-0.45454545454545453
2026-08-04,0.2727272727272727,-0.7534246575342466,0.3333333333333333,0.10730593607305937,0.3333333333333333,-0.48291697043289755,0.0,-0.009111640951564104,0.3333333333333333,-0.3781330994899103,0.0,-0.5421426366180642
2026-08-05,0.2727272727272727,-0.3607305936073059,0.3333333333333333,0.10022805046720515,0.6666666666666666,-0.3234632537805257,0.3333333333333333,-0.013667461427346159,0.3333333333333333,-0.2687934080711411,0.6666666666666666,-0.21412356236175648
2026-08-06,0.2727272727272727,-0.497716894977169,0.3333333333333333,0.07990867579908675,0.3333333333333333,-0.30979579235317956,0.3333333333333333,-0.027334922854692318,0.6666666666666666,-0.03189074333047437,0.3333333333333333,-0.4145796632961667
2026-08-07,0.2727272727272727,-0.22374429223744294,0.3333333333333333,-0.01822328190312821,0.3333333333333333,-0.4236913042477309,0.3333333333333333,0.2779050490227052,0.3333333333333333,-0.19590028045862823,0.6666666666666666,-0.13211879379767952
2026-08-10,0.2727272727272727,-0.5421426366180643,0.0,-0.11818181818181818,0.3333333333333333,-0.36363636363636365,0.0,0.03636363636363637,0.3333333333333333,-0.15454545454545454,0.3333333333333333,-0.44545454545454555
2026-08-11,0.2727272727272727,-0.4680365296803653,0.3333333333333333,0.4646936885297694,0.3333333333333333,-0.4054680223446026,0.0,-0.15034207570080774,0.3333333333333333,-0.2870166899742693,0.0,-0.6742614304157437
2026-08-12,0.2727272727272727,-0.4829169704328976,0.3333333333333333,0.17272727272727276,0.0,-0.4000000000000001,0.0,-0.7090909090909092,0.3333333333333333,-0.08181818181818183,0.0,-0.6000000000000001
2026-08-13,0.2727272727272727,-0.4100238428203847,0.3333333333333333,0.17272727272727276,0.0,-0.4373587656750771,0.0,-0.46363636363636374,0.3333333333333333,0.18181818181818182,0.0,-0.6090909090909091
2026-08-14,0.2727272727272727,-0.6195915847063591,0.3333333333333333,0.28181818181818186,0.0,-0.7636363636363637,0.3333333333333333,-0.29090909090909095,0.3333333333333333,0.06363636363636364,0.0,-0.8545454545454546
2026-08-17,0.2727272727272727,-0.5284751751907181,0.3333333333333333,0.13636363636363638,0.0,-0.8000000000000002,0.0,-0.3727272727272728,0.3333333333333333,0.009090909090909092,0.0,-0.8636363636363636
