session,chance,level rho,Shape differential,Shape differential rho,Temporal delta,Temporal delta rho,Turnover share,Turnover share rho,Participation,Participation rho,Rotation momentum,Rotation momentum rho
2019-01-02,0.2727272727272727,-0.07655590023509527,0.3333333333333333,-0.17566201313073596,0.6666666666666666,0.7559435278405064,0.3333333333333333,-0.20005410523567124,0.3333333333333333,0.01909313313651758,0.6666666666666666,0.7350825262147921
2019-01-03,0.2727272727272727,-0.2720771471953755,0.6666666666666666,0.3513240262614719,1.0,0.6965187918958173,0.3333333333333333,-0.40941305257532723,0.3333333333333333,-0.29310252627551836,0.6666666666666666,0.24192589470360243
2019-01-04,0.2727272727272727,-0.24003256025808464,1.0,0.2817180849095055,0.6666666666666666,0.4037133836325358,0.6666666666666666,-0.11927107455535572,0.3333333333333333,-0.22989052461176887,0.3333333333333333,0.07339758434175737
2019-01-07,0.2727272727272727,-0.21169509870286277,0.3333333333333333,0.27777777777777773,0.3333333333333333,-0.004695301415158426,0.3333333333333333,-0.1651445647689541,0.0,0.11600959299785511,0.6666666666666666,0.05504818825631804
2019-01-08,0.2727272727272727,-0.36108302699095723,0.3333333333333333,-0.5493502655735357,0.3333333333333333,-0.34506428807539524,0.3333333333333333,-0.14887747366375534,0.0,0.19395911888601391,0.3333333333333333,-0.2512307368075871
2019-01-09,0.18181818181818182,-0.6928890517934586,0.3333333333333333,-0.32696990496286354,0.0,-0.6714281023676548,0.3333333333333333,-0.46989452625122785,0.0,-0.3129628355477828,0.3333333333333333,-0.6141195788629908
2019-01-10,0.2727272727272727,0.06666666666666667,0.6666666666666666,0.05238095238095238,0.3333333333333333,0.014085904245475277,0.6666666666666666,0.18609684207969418,0.3333333333333333,-0.120008305360428,0.6666666666666666,0.1767919999757095
2019-01-11,0.18181818181818182,-0.6303152364470475,0.0,-0.14253212525929668,0.3333333333333333,-0.4351851851851851,0.3333333333333333,-0.3302891295379082,0.0,-0.5965952781626133,0.3333333333333333,-0.22019275302527216
2019-01-14,0.2727272727272727,-0.5891915582948718,0.0,-0.02389092412837483,0.0,-0.5799086757990868,0.3333333333333333,-0.02277910237891026,0.0,-0.5579081205183204,0.0,-0.4601378680539873
2019-01-15,0.2727272727272727,-0.563825809429646,0.0,0.0,0.0,-0.7448452997421311,0.6666666666666666,0.2961283309258334,0.0,-0.5305186563997394,0.3333333333333333,-0.6970405327946539
2019-01-16,0.2727272727272727,-0.8020413182292969,0.0,-0.4173412673344307,0.0,-0.680365296803653,0.3333333333333333,0.08200476856407694,0.0,-0.49817822815176155,0.0,-0.788156942310295
2019-01-17,0.2727272727272727,-0.733213220022839,0.3333333333333333,0.10584754935143138,0.3333333333333333,-0.6150844853857538,0.6666666666666666,0.24771684715343112,0.0,-0.23061951867933625,0.3333333333333333,-0.6238794669049377
2019-01-18,0.18181818181818182,-0.7803902927439635,0.3333333333333333,0.10329663113348535,0.0,-0.6103891839705952,0.3333333333333333,-0.3211144314951885,0.0,-0.2918042889412009,0.3333333333333333,-0.1926686588971131
2019-01-21,0.18181818181818182,-0.8954478359049325,0.0,-0.5117878542522684,0.0,-0.7499999999999999,0.3333333333333333,-0.1651445647689541,0.0,-0.7302404569432813,0.3333333333333333,-0.7890240316738917
2019-01-22,0.09090909090909091,-0.7703852889908357,0.0,-0.2501851166488378,0.0,-0.5540455669886941,0.0,-0.2844156393243098,0.0,-0.6353803065655181,0.0,-0.4770842982214229
2019-01-23,0.09090909090909091,-0.9365242258322932,0.0,0.05517372590682453,0.0,-0.6947916070707283,0.0,-0.25968176711957697,0.0,-0.5935730624763803,0.0,-0.35990981758678214
2019-01-24,0.09090909090909091,-0.933382935189895,0.0,-0.1487678997147789,0.3333333333333333,-0.7777777777777777,0.0,0.42203610996510493,0.3333333333333333,-0.4239676354338205,0.0,-0.27524094128159016
2019-01-25,0.18181818181818182,-0.7559459712534432,0.0,-0.23845275603296529,0.0,-0.8028965419920907,0.0,0.5024614736151742,0.0,-0.5608456449716065,0.0,-0.7443873683187767
2019-01-28,0.2727272727272727,-0.6037420844238909,0.0,-0.38060102844992794,0.3333333333333333,-0.6385609924615459,0.3333333333333333,0.24192589470360243,0.3333333333333333,-0.2354830614568576,0.0,-0.8700027367225702
2019-01-29,0.18181818181818182,-0.7508725083591248,0.3333333333333333,-0.06904761904761905,0.0,-0.8380952380952381,0.0,-0.051176631571915904,0.3333333333333333,0.08921072688801009,0.0,-0.6746010525388914
2019-01-30,0.18181818181818182,-0.7053527645955054,0.0,-0.5292377467571568,0.3333333333333333,-0.7136858151040807,0.0,-0.2018433569398328,0.0,-0.03248268603939943,0.0,-0.7614999375457328
2019-01-31,0.18181818181818182,-0.6342477987902444,0.0,-0.25399250997214706,0.0,-0.4196370313678692,0.3333333333333333,-0.14301938838683884,0.0,-0.29624745919184786,0.0,-0.629285308902091
2019-02-01,0.09090909090909091,-0.6831300510639732,0.0,-0.5292540094129373,0.0,-0.59630327972512,0.0,0.3489315788994266,0.3333333333333333,-0.0116842842702418,0.0,-0.6513389472789296
2019-02-04,0.09090909090909091,-0.5775220740644863,0.0,-0.3464101615137754,0.0,-0.7777777777777777,0.0,0.2844156393243098,0.0,0.04176345347922784,0.0,-0.5596565806059
2019-02-06,0.18181818181818182,-0.5136332305034274,0.3333333333333333,-0.24885097500339656,0.3333333333333333,-0.44047619047619047,0.0,0.5536381051870901,0.3333333333333333,0.06528243287912883,0.0,-0.7909115788387002
2019-02-07,0.18181818181818182,-0.5304330701054387,0.0,-0.23057716527385935,0.3333333333333333,-0.1761028218868894,0.0,-0.028675656655163848,0.0,0.02395087635345007,0.0,-0.4874861631377854
2019-02-08,0.09090909090909091,-0.6867761576257796,0.0,0.15964024811538646,0.3333333333333333,-0.3214285714285714,0.3333333333333333,-0.08374357893586239,0.0,-0.020983639139719977,0.0,-0.5210711578231437
2019-02-11,0.09090909090909091,-0.25926635993934033,0.0,-0.11043152607484653,0.0,-0.13814162116372328,0.3333333333333333,-0.10529232878566532,0.0,0.23217138655346284,0.0,-0.010529232878566533
2019-02-12,0.09090909090909091,-0.317925392228937,0.0,0.031192514694602186,0.0,-0.5064875915215464,0.3333333333333333,-0.15255401427929477,0.0,0.20022714374157438,0.0,-0.3241772803435014
2019-02-13,0.09090909090909091,-0.31784911759257306,0.0,0.09357754408380654,0.0,-0.4272583211133891,0.3333333333333333,0.05452497568062708,0.0,0.3005712607832563,0.0,-0.4163725415611522
2019-02-14,0.09090909090909091,-0.4686787557113347,0.0,-0.013921151159742615,0.0,-0.5195525856225977,0.3333333333333333,-0.09174698042719671,0.0,0.3041506949851321,0.0,-0.5688312786486196
2019-02-15,0.09090909090909091,-0.3821137325980782,0.0,-0.5411038131009522,0.0,-0.4847716413055435,0.3333333333333333,-0.05129891760425771,0.0,-0.14489936870829884,0.3333333333333333,-0.018654151856093714
2019-02-18,0.09090909090909091,-0.31190476190476196,0.0,-0.5952380952380952,0.0,-0.46953014151584255,0.3333333333333333,0.06048147367590061,0.0,-0.19817881409735535,0.0,0.13026778945578593
2019-02-19,0.09090909090909091,-0.2927700218845599,0.0,-0.07380952380952381,0.0,-0.10799193254864378,0.3333333333333333,0.2279686315476254,0.0,-0.2372734736516101,0.0,0.08839599998785475
2019-02-20,0.09090909090909091,-0.1268670094833093,0.3333333333333333,0.02439750182371333,0.0,0.253546276418555,0.3333333333333333,0.1767919999757095,0.0,-0.08393455655887991,0.0,0.18609684207969418
2019-02-21,0.09090909090909091,-0.30049929057013924,0.0,-0.4695301415158425,0.0,0.08276058886023678,0.3333333333333333,-0.05504818825631804,0.0,-0.3302891295379082,0.0,0.2660662432388705
2019-02-22,0.09090909090909091,-0.45544423727036726,0.3333333333333333,-0.17508756567973538,0.0,-0.27777777777777773,0.0,0.03669879217087869,0.0,-0.14679516868351475,0.0,-0.1284457725980754
2019-02-25,0.18181818181818182,-0.5225666781147963,0.3333333333333333,0.07102848052045775,0.3333333333333333,-0.16904761904761903,0.0,0.16748715787172477,0.0,0.006994546379906661,0.3333333333333333,0.037219368415938835
2019-02-26,0.18181818181818182,-0.560404698631755,0.3333333333333333,0.3779729856267216,0.3333333333333333,-0.5261904761904762,0.0,-0.05582905262390826,0.0,0.5152649166531239,0.0,-0.46989452625122785
2019-02-27,0.18181818181818182,-0.3233104030567817,0.0,0.3551424026022887,0.6666666666666666,-0.17380952380952383,0.0,-0.02791452631195413,0.0,0.16553759765779097,0.3333333333333333,-0.1628347368197324
2019-02-28,0.09090909090909091,-0.3399220139193335,0.0,0.17857142857142858,0.3333333333333333,-0.042257712736425826,0.3333333333333333,0.3768461052113807,0.0,0.19817881409735535,0.0,-0.26984042101555655
2019-03-01,0.2727272727272727,-0.7882407813680821,0.3333333333333333,-0.7221660539819145,0.3333333333333333,-0.33,0.6666666666666666,-0.3432465321284133,0.3333333333333333,-0.27650415088122177,0.3333333333333333,-0.30510802855858954
2019-03-04,0.18181818181818182,-0.5632007829817174,0.0,-0.8197560612767679,0.0,-0.32204702407301594,0.3333333333333333,-0.45766204283788436,0.0,-0.33447293779724757,0.3333333333333333,-0.41952353926806063
2019-03-05,0.2727272727272727,-0.5521576303742326,0.3333333333333333,-0.5406702547064378,0.3333333333333333,-0.404145188432738,0.6666666666666666,-0.5244044240850757,0.6666666666666666,-0.2309401076758503,0.6666666666666666,-0.41952353926806063
2019-03-06,0.2727272727272727,-0.366418456797686,0.3333333333333333,-0.38811991141535845,0.3333333333333333,0.009523809523809525,0.3333333333333333,-0.27914526311954124,0.6666666666666666,-0.3396267367954419,0.3333333333333333,-0.3489315788994266
2019-03-08,0.18181818181818182,-0.2357142857142857,0.0,-0.48831134717647623,0.3333333333333333,-0.32040930093309045,0.0,-0.18609684207969418,0.0,-0.5396808420311131,0.0,-0.5815526314990442
2019-03-11,0.18181818181818182,-0.413802944301184,0.0,-0.6436934689129528,0.0,-0.2121679068571687,0.3333333333333333,-0.3553539971110001,0.3333333333333333,-0.4863013698630137,0.3333333333333333,-0.4510262271024232
2019-03-12,0.2727272727272727,-0.5852927195579727,0.0,-0.45370370370370366,0.3333333333333333,-0.7863446127781171,0.6666666666666666,0.018349396085439344,0.6666666666666666,-0.14679516868351475,0.3333333333333333,-0.2660662432388705
2019-03-13,0.2727272727272727,-0.7167277238512448,0.0,-0.391694597274773,0.0,-0.8122914203647441,0.0,-0.2733492285469231,0.0,-0.350798176635218,0.0,-0.14578625522502567
2019-03-14,0.2727272727272727,-0.7029635024401367,0.3333333333333333,0.10697674418604654,0.3333333333333333,-0.7145124000535579,0.3333333333333333,-0.3770364016947964,0.3333333333333333,-0.13825472011112006,0.3333333333333333,-0.32645834780890903
2019-03-15,0.18181818181818182,-0.8197398021361535,0.0,0.1515485048979776,0.3333333333333333,-0.754040920726602,0.3333333333333333,-0.49202861138446163,0.6666666666666666,0.1894977168949772,0.3333333333333333,-0.6514823280368335
2019-03-18,0.18181818181818182,-0.2546425136485325,0.0,0.5775672773796569,0.6666666666666666,-0.44258373205741625,0.0,-0.18654151856093712,0.6666666666666666,0.39640072694199135,0.3333333333333333,-0.5363068658626943
2019-03-19,0.2727272727272727,0.23558971234503018,0.0,-0.2309401076758503,0.6666666666666666,0.15126451130702265,0.0,-0.2574348990963099,0.6666666666666666,0.20546194750402352,0.3333333333333333,-0.19069251784911845
2019-03-20,0.18181818181818182,-0.12056229499429481,0.0,-0.5802902176814088,0.3333333333333333,-0.05327136039034332,0.0,-0.07930905553545756,0.3333333333333333,0.12392039927415242,0.3333333333333333,-0.2974089582579658
2019-03-21,0.18181818181818182,-0.6184165460191405,0.0,-0.08295150620062533,0.3333333333333333,-0.42451653173261195,0.3333333333333333,-0.15255401427929477,0.6666666666666666,-0.22131760318935653,0.3333333333333333,-0.48626592051525214
2019-03-22,0.2727272727272727,-0.41070144347892873,0.3333333333333333,-0.0962250448649376,0.3333333333333333,-0.5003702332976756,0.3333333333333333,0.019069251784911846,0.3333333333333333,-0.13471506281091267,0.0,-0.40998891337560467
2019-03-25,0.2727272727272727,-0.4719465521541585,0.3333333333333333,0.1165543034828717,0.3333333333333333,-0.5233873438192412,0.3333333333333333,-0.3333905039594862,0.3333333333333333,-0.4130475198328211,0.0,-0.17595609931195108
2019-03-26,0.2727272727272727,-0.6184165460191405,0.3333333333333333,0.11222850838908131,0.3333333333333333,-0.5318655397569505,0.0,-0.4767312946227961,0.3333333333333333,-0.3256609369751915,0.0,-0.3813850356982369
2019-03-27,0.2727272727272727,-0.26382007050455736,0.3333333333333333,0.19526969068659975,0.6666666666666666,-0.6023809523809524,0.3333333333333333,0.06513389472789297,0.3333333333333333,0.030590352346775762,0.3333333333333333,-0.21866378944364068
2019-03-28,0.2727272727272727,-0.2993343107647862,0.3333333333333333,-0.033067000181981984,0.6666666666666666,-0.1261904761904762,0.6666666666666666,-0.15818231576774006,0.3333333333333333,-0.027978185519626643,0.3333333333333333,-0.13026778945578593
2019-03-29,0.2727272727272727,-0.8190530210771804,0.3333333333333333,0.05634361698190111,0.3333333333333333,-0.6476190476190476,0.6666666666666666,-0.4001082104713425,0.3333333333333333,-0.4826237002135596,0.0,-0.2837976841715336
2019-04-01,0.09090909090909091,-0.8190530210771804,0.0,-0.11242800372864833,0.0,-0.6001785448633479,0.0,-0.30240736837950305,0.0,-0.48840308249610737,0.0,-0.30240736837950305
2019-04-02,0.09090909090909091,-0.7509343773089564,0.0,0.42,0.0,-0.6,0.0,-0.20976176963403032,0.0,-0.16245828407294885,0.0,-0.5339390499775317
2019-04-04,0.18181818181818182,-0.6588292701654495,0.3333333333333333,-0.05251050315105037,0.0,-0.6831978185410571,0.0,-0.41286141192238524,0.0,0.09195620984470754,0.0,-0.7248011453748541
2019-04-05,0.18181818181818182,-0.5499999999999999,0.3333333333333333,0.18195633571851272,0.0,-0.7368045550761426,0.3333333333333333,0.019069251784911846,0.0,-0.17679283854997374,0.0,-0.5625429276548994
2019-04-08,0.09090909090909091,-0.7368045550761425,0.0,0.11710800875382399,0.0,-0.8404761904761905,0.0,-0.3396267367954419,0.0,-0.26984042101555655,0.0,-0.6094671578109985
2019-04-09,0.18181818181818182,-0.4499999999999999,0.3333333333333333,0.3379189091915236,0.0,-0.5781603639066709,0.3333333333333333,0.11441551070947109,0.3333333333333333,0.10488088481701516,0.0,-0.7246315678266503
2019-04-10,0.09090909090909091,-0.5562630415806639,0.0,0.24606295037444292,0.0,-0.9296696802013682,0.0,0.2279686315476254,0.0,-0.14455395851807096,0.0,-0.7909115788387002
2019-04-11,0.2727272727272727,-0.7601778544330072,0.6666666666666666,0.35266916271347953,0.0,-0.9471489614004878,0.3333333333333333,0.07339758434175737,0.3333333333333333,0.02758686295341227,0.0,-0.7614999375457328
2019-04-12,0.09090909090909091,-0.6097459662658193,0.0,0.3419963494057966,0.0,-0.9469049444148029,0.0,-0.17351779069134482,0.0,-0.11415644124430577,0.0,-0.8630226958069518
2019-04-15,0.09090909090909091,-0.769940934623587,0.0,0.3233104030567817,0.0,-0.48728673113349735,0.0,-0.08839599998785475,0.0,-0.16786911311775982,0.0,-0.432675157835289
2019-04-16,0.09090909090909091,-0.9019618999366207,0.3333333333333333,0.43196773019457513,0.0,-0.5365433699886598,0.0,-0.1926686588971131,0.0,-0.022989052461176884,0.0,-0.532132486477741
2019-04-18,0.18181818181818182,-0.8548128323104768,0.6666666666666666,0.4989443084333418,0.3333333333333333,-0.6593895059431453,0.3333333333333333,-0.21412356236175648,0.3333333333333333,-0.004566210045662101,0.0,-0.07289312761251283
2019-04-22,0.2727272727272727,-0.6753377533361222,0.3333333333333333,0.8216777476527244,0.3333333333333333,-0.7403702777314526,0.3333333333333333,-0.42203610996510493,0.3333333333333333,0.04597810492235377,0.3333333333333333,-0.1651445647689541
2019-04-23,0.18181818181818182,-0.8539125638299665,0.3333333333333333,0.8452380952380952,0.0,-0.2878905215198173,0.3333333333333333,-0.20005410523567124,0.0,0.009304842103984709,0.0,-0.4605896841472431
2019-04-24,0.2727272727272727,-0.5302727498082371,0.6666666666666666,0.8421978967542588,0.3333333333333333,-0.25473887000591783,0.3333333333333333,-0.27758169437410146,0.3333333333333333,-0.21809990272250832,0.6666666666666666,-0.23297035063540658
2019-04-25,0.2727272727272727,-0.4353132293596214,0.6666666666666666,0.75,0.6666666666666666,-0.1165543034828717,0.3333333333333333,-0.15255401427929477,0.0,-0.16723646889862379,0.6666666666666666,-0.5339390499775317
2019-04-26,0.2727272727272727,-0.6466185721810402,0.3333333333333333,0.47,0.3333333333333333,-0.21,0.3333333333333333,0.20976176963403032,0.3333333333333333,-0.019112739302699865,0.6666666666666666,-0.629285308902091
2019-04-29,0.2727272727272727,-0.7323472729384293,0.3333333333333333,-0.00962250448649376,0.3333333333333333,-0.59630327972512,0.0,0.4679096001787033,0.0,0.009216687726822183,0.6666666666666666,-0.3578132236660672
2019-04-30,0.2727272727272727,-0.7226265904249506,0.3333333333333333,-0.09759000729485331,0.3333333333333333,-0.41475753100312657,0.3333333333333333,0.3241772803435014,0.0,0.14949527487282774,0.6666666666666666,-0.3241772803435014
2019-05-02,0.09090909090909091,-0.52,0.0,-0.6394465512393448,0.3333333333333333,-0.19030051422496397,0.3333333333333333,0.07627700713964738,0.0,-0.25802198058644815,0.3333333333333333,-0.15255401427929477
2019-05-03,0.2727272727272727,-0.42691530223210683,0.0,-0.13333650427482596,0.3333333333333333,-0.42257712736425823,0.3333333333333333,-0.2018433569398328,0.0,-0.21101805498255247,0.3333333333333333,-0.07339758434175737
2019-05-06,0.2727272727272727,-0.7262840935025948,0.6666666666666666,-0.3264121643956441,0.6666666666666666,-0.6020512880350457,0.3333333333333333,-0.4054680223446026,0.3333333333333333,-0.06378148666094874,0.6666666666666666,-0.35990981758678214
2019-05-07,0.2727272727272727,-0.5598433390957904,0.3333333333333333,-0.2921370169924512,0.6666666666666666,-0.3963175722533539,0.3333333333333333,-0.059361349447039004,0.3333333333333333,0.11670511105274635,0.6666666666666666,-0.14155398714293918
2019-05-08,0.2727272727272727,-0.4904761904761905,0.0,-0.38258397695052504,0.0,-0.6294555470518038,0.0,0.1535298947157477,0.0,-0.08839599998785475,0.0,-0.3070597894314954
2019-05-09,0.2727272727272727,-0.5160439611728963,0.3333333333333333,0.07452180019419577,0.3333333333333333,-0.22382548415701314,0.3333333333333333,0.33257489473208984,0.0,-0.5091324200913242,0.3333333333333333,-0.2961283309258334
2019-05-10,0.2727272727272727,-0.8098035621102607,0.3333333333333333,-0.5593219766969787,0.0,-0.8027350507133942,0.3333333333333333,0.18678863950706415,0.0,-0.5547945205479452,0.3333333333333333,-0.7243754556493462
2019-05-13,0.2727272727272727,-0.08624886920341299,0.0,-0.025705425394531967,0.0,-0.6071428571428571,0.3333333333333333,0.037219368415938835,0.0,-0.014021141124290164,0.3333333333333333,-0.4652421051992354
2019-05-14,0.2727272727272727,-0.7403702777314526,0.0,-0.4883113471764762,0.0,-0.8240740740740741,0.3333333333333333,0.018349396085439344,0.0,-0.29425987150306415,0.0,-0.7248011453748541
2019-05-15,0.2727272727272727,-0.5927357389374331,0.0,0.09271050693011065,0.3333333333333333,-0.628614493739009,0.0,-0.3396267367954419,0.0,-0.07857142857142857,0.3333333333333333,-0.6839058946428761
2019-05-16,0.18181818181818182,-0.8390470785361213,0.3333333333333333,0.30534775347842946,0.0,-0.37219368415938836,0.0,-0.29090909090909095,0.0,-0.07909115788387004,0.0,-0.7636363636363637
2019-05-17,0.2727272727272727,-0.41480600745748336,0.3333333333333333,-0.13471506281091267,0.0,-0.4351851851851851,0.0,-0.532132486477741,0.3333333333333333,-0.19250735802149546,0.0,-0.8991204081865279
2019-05-20,0.18181818181818182,-0.8520310662170969,0.0,-0.6968993594828916,0.0,-0.8067043491492348,0.0,-0.48385178940720486,0.0,-0.619047619047619,0.0,-0.6001623157070137
2019-05-21,0.18181818181818182,-0.8783100656536798,0.0,-0.6671603706028709,0.0,-0.6949046094434469,0.0,-0.2977549473275107,0.0,-0.6995999108586053,0.0,-0.6234244209669755
2019-05-22,0.18181818181818182,-0.6946277974427303,0.0,-0.44258907935883585,0.0,-0.39285714285714285,0.0,-0.14887747366375534,0.0,-0.2880952380952381,0.0,-0.8141736840986621
2019-05-23,0.18181818181818182,-0.7698003589195009,0.0,-0.6453227420767391,0.0,-0.610305228940792,0.0,-0.11009637651263608,0.0,-0.3302891295379082,0.0,-0.7890240316738917
2019-05-24,0.18181818181818182,-0.9027075674773931,0.3333333333333333,0.10246950765959598,0.0,-0.6489735485107746,0.0,-0.20935894733965596,0.0,-0.6048147367590061,0.0,-0.6187719999149832
2019-05-27,0.18181818181818182,-0.819367296279277,0.6666666666666666,0.11666666666666667,0.0,-0.6928890517934586,0.0,-0.20470652628766361,0.3333333333333333,-0.20935894733965596,0.0,-0.4466324209912661
2019-05-28,0.2727272727272727,-0.829515062006253,0.3333333333333333,-0.06573421981221796,0.0,-0.44605363444005036,0.3333333333333333,-0.06978631577988531,0.3333333333333333,-0.21866378944364068,0.0,-0.3861509473153654
2019-05-29,0.2727272727272727,-0.52,0.3333333333333333,0.24000000000000002,0.0,-0.33,0.0,0.08581163303210332,0.3333333333333333,-0.06674238124719147,0.0,-0.07627700713964738
2019-05-31,0.18181818181818182,-0.3890225876565456,0.3333333333333333,0.46428571428571425,0.3333333333333333,-0.1707825127659933,0.0,-0.3210170525874725,0.3333333333333333,0.06978631577988531,0.0,-0.09770084209183945
2019-06-10,0.18181818181818182,-0.6639528095680696,0.3333333333333333,0.07022508096669869,0.0,-0.3518518518518518,0.0,-0.3486385256233476,0.3333333333333333,-0.2776847265730783,0.0,-0.5504818825631803
2019-06-11,0.2727272727272727,-0.6538530488755171,0.6666666666666666,-0.387972483668138,0.3333333333333333,-0.31708610255576863,0.3333333333333333,-0.37219368415938836,0.3333333333333333,-0.05412139261352635,0.3333333333333333,-0.48385178940720486
2019-06-12,0.09090909090909091,-0.7698003589195009,0.3333333333333333,0.13616374103959436,0.0,-0.7465517058725968,0.0,-0.22019275302527216,0.3333333333333333,-0.2962962962962963,0.0,-0.5413071845204607
2019-06-13,0.09090909090909091,-0.8883073902481459,0.3333333333333333,-0.03974496010357108,0.3333333333333333,-0.783389194549546,0.3333333333333333,-0.4874727909086796,0.3333333333333333,-0.6659269018685615,0.0,-0.5466984570938462
2019-06-14,0.18181818181818182,-0.6637325921476914,0.3333333333333333,0.04719714012299066,0.3333333333333333,-0.5251141552511416,0.3333333333333333,-0.6378148666094873,0.3333333333333333,-0.516150955081515,0.6666666666666666,-0.10022805046720515
2019-06-17,0.18181818181818182,-0.7841153363314569,0.3333333333333333,0.4426352063787131,0.3333333333333333,-0.6253022269440114,0.0,0.2660662432388705,0.3333333333333333,-0.6697477445307126,0.3333333333333333,-0.5963553727767786
2019-06-18,0.09090909090909091,-0.8151420379106361,0.3333333333333333,-0.4184007547934193,0.3333333333333333,-0.5352643613280605,0.3333333333333333,0.018349396085439344,0.3333333333333333,-0.27251804777456584,0.3333333333333333,-0.018349396085439344
2019-06-19,0.2727272727272727,-0.6265683838963568,0.3333333333333333,-0.3757215280851853,0.3333333333333333,-0.6158402871356008,0.6666666666666666,0.057207755354735546,0.6666666666666666,-0.1911273930269986,0.3333333333333333,-0.5244044240850757
2019-06-20,0.2727272727272727,-0.4938814826645345,0.6666666666666666,0.30999999999999994,0.3333333333333333,-0.3025290226140453,0.3333333333333333,-0.14301938838683884,0.0,-0.29764952224930263,0.3333333333333333,-0.495800546407708
2019-06-21,0.18181818181818182,-0.6077390341818943,0.0,0.12540646737086708,0.0,-0.49543369430686224,0.0,-0.1284457725980754,0.0,-0.6203703703703703,0.0,-0.6330541649476574
2019-06-24,0.2727272727272727,-0.3662806174004158,0.6666666666666666,0.49282953683900926,0.3333333333333333,-0.23476507075792127,0.3333333333333333,-0.34427915784743424,0.0,-0.34825939594790867,0.3333333333333333,-0.33497431574344955
2019-06-25,0.2727272727272727,-0.5292377467571568,0.6666666666666666,0.5965952781626133,0.3333333333333333,-0.7794200349162986,0.3333333333333333,-0.42203610996510493,0.0,-0.537037037037037,0.3333333333333333,-0.7431505414602932
2019-06-26,0.2727272727272727,-0.5773502691896257,0.3333333333333333,0.3945226839462443,0.3333333333333333,-0.3098898934004561,0.3333333333333333,-0.11927107455535572,0.0,-0.3055555555555555,0.3333333333333333,-0.6238794669049377
2019-06-27,0.2727272727272727,-0.5652827120517172,0.3333333333333333,0.1250625469140967,0.3333333333333333,-0.7982012405769322,0.0,-0.3302891295379082,0.0,-0.45370370370370366,0.3333333333333333,-0.6605782590758164
2019-06-28,0.18181818181818182,-0.6158402871356007,0.0,-0.04695301415158425,0.0,-0.5740740740740741,0.0,-0.08257228238447704,0.0,-0.30345549248753495,0.0,-0.6697529571185361
2019-07-01,0.2727272727272727,-0.5517372590682452,0.0,-0.45697703015390184,0.3333333333333333,-0.4266673291743063,0.0,-0.24145848521644878,0.3333333333333333,-0.07762557077625572,0.3333333333333333,-0.5102518932875899
2019-07-02,0.18181818181818182,-0.4976190476190477,0.3333333333333333,0.19030051422496397,0.0,-0.6904761904761905,0.3333333333333333,-0.2372734736516101,0.0,-0.41318652453394145,0.0,-0.48385178940720486
2019-07-03,0.2727272727272727,-0.14523809523809525,0.3333333333333333,0.3286710990610897,0.6666666666666666,-0.1380952380952381,0.3333333333333333,-0.21401136839164833,0.0,-0.13289638121822656,0.6666666666666666,-0.14887747366375534
2019-07-04,0.2727272727272727,-0.5432431021727506,0.6666666666666666,0.07203774018772259,0.6666666666666666,-0.15768009924727389,0.3333333333333333,-0.33713071520787186,0.0,-0.12756297332189748,0.3333333333333333,-0.5421426366180642
2019-07-05,0.2727272727272727,-0.5245909784929995,0.3333333333333333,0.15621153581791541,0.3333333333333333,-0.2961024634160486,0.3333333333333333,-0.3416865356836539,0.0,-0.28767123287671237,0.0,-0.6514823280368335
2019-07-08,0.18181818181818182,-0.5493502655735357,0.6666666666666666,0.43639871743591335,0.0,-0.5,0.3333333333333333,-0.2018433569398328,0.0,-0.15172774624376748,0.3333333333333333,-0.5688312786486196
2019-07-09,0.18181818181818182,-0.21,0.0,0.4304220694791763,0.3333333333333333,-0.248854518601876,0.3333333333333333,0.019069251784911846,0.0,0.18634920820132367,0.3333333333333333,-0.20022714374157438
2019-07-10,0.2727272727272727,0.037562411321267405,0.6666666666666666,0.298821799384039,0.3333333333333333,-0.2394603721730797,0.3333333333333333,0.03256694736394648,0.0,0.0,0.0,-0.3070597894314954
2019-07-11,0.2727272727272727,-0.2309401076758503,0.3333333333333333,0.15076382102391056,0.3333333333333333,-0.35836386192562236,0.3333333333333333,-0.23836564731139806,0.0,-0.5651175082804794,0.3333333333333333,-0.19069251784911845
2019-07-12,0.2727272727272727,-0.015220388682955234,0.3333333333333333,-0.11482123332789983,0.3333333333333333,-0.15401172040133793,0.3333333333333333,0.13383403121608464,0.0,-0.4033396414345993,0.3333333333333333,-0.05948179165159318
2019-07-15,0.2727272727272727,-0.17999999999999997,0.0,-0.8099999999999998,0.3333333333333333,-0.14433756729740643,0.3333333333333333,-0.17162326606420664,0.0,-0.420480264659397,0.3333333333333333,-0.3813850356982369
2019-07-16,0.2727272727272727,-0.29523809523809524,0.6666666666666666,-0.16590301240125066,0.3333333333333333,0.08451542547285165,0.3333333333333333,0.3768461052113807,0.0,-0.3543903499152708,0.3333333333333333,0.08374357893586239
2019-07-17,0.2727272727272727,-0.2755338798023193,0.6666666666666666,0.3587139189879251,0.6666666666666666,-0.030000000000000002,0.3333333333333333,0.247900273203854,0.0,-0.10080322575483704,0.3333333333333333,-0.45766204283788436
2019-07-18,0.2727272727272727,-0.20545329220137093,0.6666666666666666,0.24352621892728374,0.6666666666666666,-0.20493901531919195,0.3333333333333333,0.22331621049563305,0.3333333333333333,-0.10700568419582417,0.6666666666666666,-0.42802273678329666
2019-07-19,0.2727272727272727,-0.5426702122786525,0.3333333333333333,-0.18433375453644366,0.6666666666666666,-0.3041506949851321,0.3333333333333333,0.5205533720740344,0.3333333333333333,-0.027397545898633392,0.6666666666666666,-0.059361349447039004
2019-07-22,0.2727272727272727,-0.37011308495130774,0.6666666666666666,-0.36565517048676294,0.6666666666666666,-0.4391550328268399,0.3333333333333333,0.36231578391332514,0.3333333333333333,-0.057207755354735546,0.6666666666666666,-0.057207755354735546
2019-07-23,0.2727272727272727,-0.21161018354245092,0.3333333333333333,-0.23064961685939414,0.6666666666666666,-0.29514761071726825,0.3333333333333333,0.07930905553545756,0.3333333333333333,-0.1734885589838134,0.6666666666666666,-0.2676680624321693
2019-07-24,0.2727272727272727,-0.6519399819199159,0.3333333333333333,-0.32935654660492825,0.6666666666666666,-0.7324670207647144,0.3333333333333333,-0.06513389472789297,0.3333333333333333,-0.12590183483831988,0.6666666666666666,-0.7304301051627997
2019-07-25,0.2727272727272727,-0.6343350474165466,0.3333333333333333,-0.21112007808496192,0.6666666666666666,-0.6197797868009122,1.0,-0.27914526311954124,0.0,-0.5258737584977436,1.0,-0.36754126310739604
2019-07-26,0.2727272727272727,-0.7305786567818511,0.3333333333333333,-0.6496462054254443,0.3333333333333333,-0.4930066485916346,0.6666666666666666,-0.26984042101555655,0.0,-0.4510133728313336,0.3333333333333333,-0.3256694736394648
2019-07-29,0.2727272727272727,-0.5783747699522988,0.3333333333333333,-0.35684290755204034,0.3333333333333333,-0.5642267413124706,0.3333333333333333,-0.20470652628766361,0.0,-0.5199279475730617,0.3333333333333333,-0.21866378944364068
2019-07-30,0.2727272727272727,-0.3864016305551696,0.3333333333333333,-0.6399999999999999,0.3333333333333333,-0.32204702407301594,0.3333333333333333,-0.5339390499775317,0.0,-0.20593265132254754,0.3333333333333333,-0.19069251784911845
2019-07-31,0.2727272727272727,-0.5283084656606681,0.3333333333333333,0.03903600291794132,0.3333333333333333,-0.3547619047619048,0.3333333333333333,-0.6048147367590061,0.0,-0.32408064893567523,0.3333333333333333,-0.3814985262633731
2019-08-01,0.18181818181818182,-0.5261904761904762,0.3333333333333333,-0.20293851577273642,0.0,-0.6365037205715061,0.0,-0.4001082104713425,0.0,-0.42802273678329666,0.0,-0.3303218946914572
2019-08-02,0.09090909090909091,-0.7142857142857143,0.0,0.39910062028846616,0.0,-0.6691449370110706,0.0,-0.4745469473032202,0.0,-0.6327292630709602,0.0,-0.7629970525267462
2019-08-05,0.09090909090909091,-0.6481612978713506,0.0,-0.11451724301139748,0.3333333333333333,-0.38161827085553635,0.0,-0.5877008413758847,0.0,-0.3287671232876712,0.0,-0.4965844318602437
2019-08-06,0.09090909090909091,-0.30792014356780034,0.0,0.26013009758132116,0.3333333333333333,-0.24056261216234404,0.3333333333333333,-0.22936745106799178,0.0,-0.4942276459640431,0.0,-0.41286141192238524
2019-08-07,0.09090909090909091,-0.44244014979161184,0.3333333333333333,0.47742039394870806,0.3333333333333333,-0.41179320466813524,0.3333333333333333,0.33565435760634316,0.0,-0.5150825929104768,0.0,-0.34944837230249426
2019-08-08,0.18181818181818182,-0.4173015049170884,0.3333333333333333,-0.03259179368665352,0.3333333333333333,-0.4484858246184833,0.3333333333333333,0.156332166556379,0.0,-0.5299764270926268,0.3333333333333333,-0.27128228902430473
2019-08-09,0.18181818181818182,-0.7090288732122101,0.3333333333333333,0.03858660534488218,0.3333333333333333,-0.7803902927439635,0.3333333333333333,-0.1926686588971131,0.0,-0.680475952850836,0.3333333333333333,-0.36698792170878686
2019-08-12,0.2727272727272727,-0.7052113423102591,0.3333333333333333,0.08235864093362703,0.3333333333333333,-0.8002380598177973,0.3333333333333333,-0.5350284209791207,0.0,-0.5374770764311229,0.3333333333333333,-0.24192589470360243
2019-08-13,0.18181818181818182,-0.8086319608559903,0.3333333333333333,0.431330360094244,0.3333333333333333,-0.594536442292066,0.3333333333333333,-0.6514823280368335,0.0,-0.792712762786077,0.3333333333333333,-0.4738053294813334
2019-08-14,0.18181818181818182,-0.6318556625224457,0.3333333333333333,-0.22011008256881023,0.3333333333333333,-0.202072594216369,0.3333333333333333,-0.3211144314951885,0.0,-0.43219418627012546,0.3333333333333333,-0.1926686588971131
2019-08-15,0.2727272727272727,-0.7255051938875328,0.3333333333333333,-0.37180696351529896,0.3333333333333333,-0.4571428571428572,0.3333333333333333,-0.2837976841715336,0.3333333333333333,-0.5670980704286891,0.3333333333333333,-0.5489856841350979
2019-08-16,0.2727272727272727,-0.6897355705397689,0.3333333333333333,0.07834184567798856,0.3333333333333333,-0.44700935475087594,0.3333333333333333,0.1284457725980754,0.3333333333333333,-0.4827701016847146,0.3333333333333333,-0.22019275302527216
2019-08-19,0.18181818181818182,-0.8054953865744154,0.0,-0.3611111111111111,0.0,-0.35603266600026917,0.0,-0.6789276551612556,0.0,-0.1379343147670613,0.0,-0.37616261975150656
2019-08-20,0.18181818181818182,-0.8371578903249574,0.3333333333333333,0.20189796085181225,0.0,-0.010005003753127737,0.0,-0.642228862990377,0.0,-0.524150396114833,0.0,-0.2935903373670295
2019-08-21,0.18181818181818182,-0.7888106377466155,0.3333333333333333,-0.2212064771005878,0.3333333333333333,0.21128856368212912,0.0,-0.7981987297166114,0.0,-0.6129097338336753,0.0,-0.2935903373670295
2019-08-22,0.09090909090909091,-0.474225442931001,0.3333333333333333,0.7403702777314526,0.0,-0.08921072688801009,0.0,-0.532132486477741,0.0,-0.5197229766303909,0.0,-0.5963553727767786
2019-08-23,0.2727272727272727,-0.6897852389793621,0.6666666666666666,0.04635520172936798,0.3333333333333333,-0.28910791703614197,0.6666666666666666,-0.21867938283753854,0.3333333333333333,-0.3179858562555762,0.3333333333333333,-0.514807713763372
2019-08-26,0.2727272727272727,-0.8607285626355066,0.3333333333333333,-0.14085904245475275,0.3333333333333333,-0.7559435278405064,0.6666666666666666,0.2660662432388705,0.0,-0.0553001263609331,0.3333333333333333,-0.7156264473321344
2019-08-27,0.18181818181818182,-0.5077585786931416,0.3333333333333333,0.42398114167410156,0.0,-0.5924949183836957,0.3333333333333333,0.15945371665237182,0.0,0.3401826484018265,0.0,-0.6195915847063591
2019-08-28,0.18181818181818182,-0.6069453426407531,0.3333333333333333,0.5555555555555555,0.0,-0.530569059912902,0.0,0.08257228238447704,0.0,0.05057591541458915,0.0,-0.7064517492894147
2019-08-29,0.2727272727272727,-0.6403202402001752,0.3333333333333333,0.14433756729740643,0.3333333333333333,-0.45544423727036726,0.3333333333333333,-0.1284457725980754,0.3333333333333333,0.05555555555555556,0.3333333333333333,-0.7156264473321344
2019-08-30,0.18181818181818182,-0.6307203969890955,0.3333333333333333,0.4779606692936218,0.0,-0.04429879373940885,0.0,-0.4145796632961667,0.3333333333333333,-0.31506849315068497,0.0,-0.5968124823274489
2019-09-02,0.2727272727272727,-0.6403202402001752,0.3333333333333333,-0.08504253190158577,0.0,-0.6115087954673052,0.0,-0.22936745106799178,0.0,-0.12037037037037036,0.0,-0.5229577884350213
2019-09-03,0.2727272727272727,-0.2645360014558559,0.3333333333333333,0.11161618367500503,0.0,-0.3897100174581493,0.0,-0.4001082104713425,0.0,-0.4001082104713425,0.0,-0.3954557894193501
2019-09-04,0.2727272727272727,-0.4113183313763781,0.3333333333333333,-0.19250735802149546,0.3333333333333333,-0.6032498835888466,0.3333333333333333,-0.1651445647689541,0.0,0.07356496787576604,0.0,-0.5688312786486196
2019-09-05,0.18181818181818182,-0.6069453426407531,0.0,-0.4252126595079288,0.0,-0.751742162626101,0.0,-0.3578132236660672,0.0,0.1009216784699164,0.0,-0.5229577884350213
2019-09-06,0.2727272727272727,-0.6011425215665126,0.3333333333333333,-0.19310804067388584,0.3333333333333333,-0.4689766702080085,0.0,-0.009111640951564104,0.0,0.16666666666666669,0.0,-0.7471545580282566
2019-09-09,0.2727272727272727,-0.8548128323104768,0.0,-0.7979568658877191,0.0,-0.473297638373684,0.0,-0.4783611499571155,0.3333333333333333,0.1327234596286135,0.3333333333333333,-0.4783611499571155
2019-09-10,0.2727272727272727,-0.7103552664720694,0.3333333333333333,-0.6995999108586054,0.3333333333333333,-0.49196572266918537,0.3333333333333333,-0.44038550605054433,0.0,-0.08735839935247218,0.3333333333333333,-0.642228862990377
2019-09-11,0.18181818181818182,-0.688920481071088,0.3333333333333333,-0.4677755375052998,0.3333333333333333,-0.23665956971562443,0.0,-0.6069366466306478,0.3333333333333333,-0.011521226675926671,0.0,-0.478192509466571
2019-09-12,0.18181818181818182,-0.9024773509953898,0.3333333333333333,0.06390577294910335,0.0,-0.240016610720856,0.0,-0.482790514365288,0.3333333333333333,-0.014051869061921686,0.0,-0.28967430861917287
2019-09-13,0.09090909090909091,-0.7910254095700847,0.0,-0.5209191721559094,0.3333333333333333,-0.24074074074074073,0.0,-0.36698792170878686,0.0,0.22222222222222224,0.3333333333333333,-0.36698792170878686
2019-09-17,0.09090909090909091,-0.7455306228701183,0.3333333333333333,-0.14712993575153208,0.0,-0.450585428239067,0.0,-0.4646936885297694,0.3333333333333333,0.062116402733774556,0.0,-0.615035764230577
2019-09-18,0.09090909090909091,-0.5506629323567824,0.3333333333333333,-0.010005003753127737,0.0,-0.3981481481481481,0.0,-0.4679096001787033,0.0,-0.11034745181364908,0.0,-0.4770842982214229
2019-09-19,0.18181818181818182,-0.37470273780415747,0.0,-0.21054871011421405,0.0,-0.5117878542522684,0.0,-0.3908033683673578,0.0,0.05129334011931551,0.0,-0.642034105174945
2019-09-20,0.09090909090909091,-0.9583987367104251,0.0,-0.1620886401717507,0.0,-0.7608220194556026,0.0,0.26363636363636367,0.0,-0.40462443108709856,0.0,-0.6090909090909091
2019-09-23,0.18181818181818182,-0.7071713541998949,0.0,-0.42474920927967696,0.0,-0.6436934689129528,0.0,0.02277910237891026,0.3333333333333333,0.10115183082917831,0.0,-0.6605939689883975
2019-09-24,0.18181818181818182,-0.7218867690985736,0.0,-0.34976534730175707,0.0,-0.701596353270436,0.0,0.02727272727272728,0.0,-0.03189074333047437,0.0,-0.7636363636363637
2019-09-25,0.2727272727272727,-0.8653503156705781,0.0,0.12561536840379356,0.0,-0.6881023532039754,0.3333333333333333,0.02727272727272728,0.0,-0.050114025233602574,0.0,-0.46363636363636374
2019-09-26,0.2727272727272727,-0.7087806998305416,0.0,-0.10025516477866211,0.0,-0.7356496787576603,0.3333333333333333,0.10478387094298722,0.3333333333333333,0.2168949771689498,0.0,-0.2323468442648847
2019-09-27,0.18181818181818182,-0.6735753140545634,0.0,0.33016512385321534,0.0,-0.6069109849750699,0.0,-0.0642228862990377,0.0,0.3126511134720057,0.0,0.05504818825631804
2019-09-30,0.2727272727272727,-0.8935205624012185,0.3333333333333333,0.14334554477024897,0.0,-0.7678343522033079,0.3333333333333333,-0.24601430569223082,0.3333333333333333,-0.27231192578974145,0.0,-0.12300715284611541
2019-10-01,0.2727272727272727,-0.8867251641719991,0.3333333333333333,0.5652406819414217,0.0,-0.9046279984679281,0.3333333333333333,0.10933969141876927,0.3333333333333333,0.17351598173515984,0.0,0.01822328190312821
2019-10-02,0.09090909090909091,-0.9343933374606804,0.0,-0.15793849317849798,0.0,-0.8440722199302099,0.0,-0.13636363636363638,0.0,-0.20091533658997818,0.0,-0.30000000000000004
2019-10-03,0.2727272727272727,-0.7523809523809524,0.0,-0.580952380952381,0.3333333333333333,-0.7371623221798728,0.3333333333333333,-0.3070597894314954,0.0,-0.2558831578595795,0.3333333333333333,-0.8141736840986621
2019-10-04,0.2727272727272727,-0.8404589533133582,0.0,-0.5083042452524146,0.3333333333333333,-0.8735839935247217,0.3333333333333333,-0.3211144314951885,0.0,-0.1379343147670613,0.3333333333333333,-0.7614999375457328
2019-10-07,0.2727272727272727,-0.7685185185185185,0.0,-0.6714281023676548,0.3333333333333333,-0.4873679121769501,0.0,-0.6697529571185361,0.0,-0.340237976425418,0.3333333333333333,-0.39451201583694584
2019-10-08,0.2727272727272727,-0.5751806357375921,0.0,-0.5269885340183917,0.3333333333333333,-0.33336640047624816,0.0,-0.6373816841229526,0.3333333333333333,-0.013989092759813321,0.3333333333333333,-0.5164187367711514
2019-10-09,0.2727272727272727,-0.5003702332976756,0.3333333333333333,-0.11111111111111112,0.0,-0.41763453479227836,0.0,-0.42203610996510493,0.0,-0.1284457725980754,0.3333333333333333,-0.2018433569398328
2019-10-10,0.2727272727272727,-0.7799948420325825,0.0,0.11034745181364906,0.0,-0.5944952964778162,0.0,-0.4419145861508591,0.0,-0.18036529680365296,0.0,-0.41913548377194887
2019-10-11,0.2727272727272727,-0.9280440548406622,0.0,-0.07289312761251283,0.0,-0.7523252395030131,0.0,-0.33636363636363636,0.0,-0.4692495090055514,0.0,-0.10000000000000002
2019-10-14,0.2727272727272727,-0.7696179419519016,0.3333333333333333,0.03196347031963471,0.0,-0.6210045662100457,0.0,-0.4236913042477309,0.0,-0.37242264987106555,0.0,-0.10933969141876927
2019-10-15,0.2727272727272727,-0.6866651098852297,0.3333333333333333,-0.2811179308926108,0.0,-0.632420091324201,0.0,-0.39180056091725646,0.3333333333333333,0.3515981735159817,0.0,-0.33713071520787186
2019-10-16,0.2727272727272727,-0.4340993101299245,0.3333333333333333,0.057735026918962574,0.3333333333333333,-0.37962962962962965,0.0,-0.6697529571185361,0.3333333333333333,0.36782483937883015,0.0,-0.41286141192238524
2019-10-17,0.2727272727272727,-0.2736123023541795,0.3333333333333333,-0.22172031397666267,0.3333333333333333,-0.07059312080025175,0.0,-0.6207306613267989,0.3333333333333333,0.17742689080927074,0.0,-0.2390962547332855
2019-10-18,0.2727272727272727,-0.39443261619270736,0.3333333333333333,0.10584754935143138,0.0,-0.5137830903923016,0.3333333333333333,-0.3394638275806278,0.0,-0.3172489239642411,0.0,-0.6605782590758164
2019-10-21,0.2727272727272727,-0.17999999999999997,0.3333333333333333,-0.14433756729740643,0.0,-0.31536019849454777,0.0,-0.3146426544510455,0.3333333333333333,-0.22935287163239837,0.0,-0.5625429276548994
2019-10-22,0.2727272727272727,-0.21815890445569164,0.3333333333333333,-0.08624886920341299,0.0,-0.09913631941932195,0.3333333333333333,-0.06443860762255926,0.3333333333333333,0.027387259603583906,0.0,-0.2874953263160337
2019-10-23,0.2727272727272727,0.1871550881676131,0.3333333333333333,0.04471308011651746,0.3333333333333333,0.05452497568062708,0.6666666666666666,0.18835900689671173,0.3333333333333333,-0.0572642700802209,0.3333333333333333,0.22801353466444052
2019-10-24,0.2727272727272727,0.09141399391224997,0.0,-0.5330848198877318,0.6666666666666666,0.39691641480771334,0.6666666666666666,0.05781216125786004,0.6666666666666666,-0.3360752125379179,0.3333333333333333,0.6590586383396044
2019-10-25,0.18181818181818182,-0.23060419461415577,0.3333333333333333,0.1395202295937563,0.3333333333333333,-0.10799193254864378,0.3333333333333333,0.10235326314383181,0.3333333333333333,-0.06513389472789297,0.6666666666666666,0.2837976841715336
2019-10-28,0.18181818181818182,-0.41788182594909984,0.3333333333333333,-0.1250625469140967,0.3333333333333333,-0.27127081904188727,0.3333333333333333,-0.009174698042719672,0.0,-0.24885056862419896,0.6666666666666666,-0.1009216784699164
2019-10-29,0.2727272727272727,-0.3662335103823572,0.3333333333333333,-0.01951800145897066,0.6666666666666666,-0.2121679068571687,0.6666666666666666,-0.21401136839164833,0.3333333333333333,0.2664016813615131,0.6666666666666666,-0.4001082104713425
2019-10-30,0.18181818181818182,-0.21296296296296297,0.0,-0.13888888888888887,0.6666666666666666,-0.3578132236660672,0.0,0.09174698042719671,0.3333333333333333,0.1885102301816505,0.3333333333333333,0.0642228862990377
2019-10-31,0.2727272727272727,-0.74417814780474,0.6666666666666666,0.11972828565264391,0.3333333333333333,-0.4884030824961074,0.3333333333333333,0.46575828027676763,0.3333333333333333,-0.17351779069134482,0.6666666666666666,-0.018265030599088926
2019-11-01,0.2727272727272727,-0.6521566989472137,0.3333333333333333,0.15256757644443508,0.6666666666666666,-0.1082499781556068,0.0,0.09327075928046856,0.6666666666666666,-0.17761858099726957,0.3333333333333333,0.06062599353230456
2019-11-04,0.2727272727272727,-0.8027350507133942,0.3333333333333333,0.2136291605566945,0.3333333333333333,-0.6850737633430711,0.0,-0.054669845709384636,0.3333333333333333,-0.42824712472351295,0.3333333333333333,-0.4874727909086796
2019-11-05,0.2727272727272727,-0.4930066485916347,0.3333333333333333,-0.27628324232744655,0.3333333333333333,-0.24885097500339656,0.3333333333333333,0.37616261975150656,0.3333333333333333,-0.1009216784699164,0.3333333333333333,-0.4036867138796656
2019-11-06,0.18181818181818182,-0.8929485667479078,0.3333333333333333,-0.1,0.0,-0.8780213646346255,0.0,-0.03256694736394648,0.0,-0.7118204209548302,0.0,-0.8374357893586238
2019-11-07,0.18181818181818182,-0.8604303227689852,0.6666666666666666,0.16358257627039396,0.0,-0.6207044164517759,0.0,0.2844156393243098,0.0,-0.560932880052716,0.0,-0.7064517492894147
2019-11-08,0.09090909090909091,-0.8734305652889373,0.0,0.17619047619047618,0.0,-0.8281309472546391,0.0,0.2744928420675489,0.0,-0.4546455146939329,0.0,-0.7350825262147921
2019-11-11,0.09090909090909091,-0.8244377203267417,0.3333333333333333,0.017757120130114438,0.0,-0.6015309886719727,0.0,0.1954016841836789,0.0,-0.4652421051992354,0.0,-0.6094671578109985
2019-11-12,0.09090909090909091,-0.8548784976926522,0.3333333333333333,-0.014638501094227999,0.0,-0.638835236031475,0.0,0.12561536840379356,0.0,-0.6606437893829143,0.0,-0.6048147367590061
2019-11-13,0.09090909090909091,-0.8179128813519697,0.3333333333333333,0.4137676929192317,0.0,-0.8518518518518519,0.0,-0.03669879217087869,0.0,-0.7890240316738917,0.0,-0.5688312786486196
2019-11-14,0.2727272727272727,-0.9531461872771603,1.0,0.5752877158048448,0.0,-0.8770325230637847,0.0,-0.2660662432388705,0.0,-0.7189016426921303,0.3333333333333333,-0.42203610996510493
2019-11-15,0.2727272727272727,-0.7503752814845802,0.3333333333333333,0.28703703703703703,0.0,-0.5740740740740741,0.0,0.22936745106799178,0.0,-0.6789276551612556,0.3333333333333333,-0.39451201583694584
2019-11-18,0.2727272727272727,-0.7758405579940839,0.6666666666666666,0.32014938900462536,0.0,-0.3415650255319866,0.0,0.36288884205540367,0.0,-0.5082703702732173,0.3333333333333333,-0.09304842103984709
2019-11-19,0.2727272727272727,-0.8510618191974623,0.6666666666666666,0.3765216631499366,0.0,-0.39667569875553127,0.0,0.3497653473017571,0.0,-0.4197184167621085,0.3333333333333333,-0.28913935376945255
2019-11-20,0.2727272727272727,-0.8874996126981034,0.3333333333333333,0.41476416033336017,0.0,-0.6969629726838215,0.0,0.2988703184166069,0.0,-0.35404637720121124,0.3333333333333333,-0.46899649966913703
2019-11-21,0.2727272727272727,-0.87768193635015,0.0,0.08471174496030211,0.3333333333333333,-0.6900702793368779,0.0,-0.07356807837947246,0.0,-0.5241725584537413,0.6666666666666666,-0.23449824983456852
2019-11-22,0.2727272727272727,-0.9133460577994497,0.3333333333333333,0.3325973881475761,0.0,-0.5972699575889571,0.0,-0.1601868410541915,0.0,-0.7591822993255307,0.0,-0.178493908603242
2019-11-25,0.2727272727272727,-0.821847790016094,0.0,0.6574873597112261,0.6666666666666666,-0.42299856528565477,0.0,-0.17767699855550004,0.0,-0.7608220194556027,0.3333333333333333,-0.33257489473208984
2019-11-26,0.18181818181818182,-0.7126606262964834,0.0,0.7061521737462181,0.6666666666666666,-0.03264121643956441,0.0,-0.4510262271024232,0.0,-0.8100707708367099,0.3333333333333333,-0.350798176635218
2019-11-27,0.2727272727272727,-0.5530188804444802,0.3333333333333333,0.5022831050228311,0.3333333333333333,-0.15632555673600285,0.6666666666666666,0.33257489473208984,0.0,-0.5537771936228357,0.3333333333333333,-0.21412356236175648
2019-11-28,0.2727272727272727,-0.6403617262269982,0.6666666666666666,0.2634612469764842,0.3333333333333333,-0.377575359288297,0.3333333333333333,0.1913444599828462,0.3333333333333333,-0.0737358507259307,0.3333333333333333,-0.5330309956665001
2019-11-29,0.2727272727272727,-0.7089459400621221,0.3333333333333333,0.07167277238512448,0.0,-0.6263392066745821,0.6666666666666666,0.14578625522502567,0.0,-0.5885197430061283,0.0,-0.5694775594727565
2019-12-02,0.2727272727272727,-0.723533035248195,0.0,0.2121679068571687,0.0,-0.32420091324200917,0.3333333333333333,0.514807713763372,0.0,-0.49543378995433796,0.0,-0.5831450209001027
2019-12-03,0.2727272727272727,-0.7614999375457329,0.0,0.21004785188952266,0.0,-0.4495602040932639,0.3333333333333333,0.14545454545454548,0.0,-0.748866254562646,0.0,-0.5545454545454546
2019-12-04,0.2727272727272727,-0.5649217389969744,0.3333333333333333,0.6454545454545455,0.3333333333333333,0.10700568419582415,0.0,-0.02727272727272728,0.3333333333333333,-0.009174698042719672,0.0,-0.44545454545454555
2019-12-05,0.2727272727272727,-0.6774481285444883,0.3333333333333333,0.10984010452023187,0.0,-0.413802944301184,0.3333333333333333,-0.10478387094298722,0.6666666666666666,0.5825749366425523,0.0,-0.7699336604071668
2019-12-06,0.2727272727272727,-0.7505740475549179,0.6666666666666666,0.723533035248195,0.0,-0.2751188242763286,0.3333333333333333,-0.07289312761251283,0.0,0.5159817351598174,0.3333333333333333,-0.5785892004243206
2019-12-09,0.2727272727272727,-0.5885197430061283,0.6666666666666666,0.5241366613658436,0.3333333333333333,-0.06061940195919105,0.3333333333333333,-0.009111640951564104,0.0,0.2004561009344103,0.3333333333333333,-0.36446563806256416
2019-12-10,0.2727272727272727,-0.7816277836800142,0.3333333333333333,0.08735839935247217,0.3333333333333333,-0.1958472986373865,0.0,-0.4419145861508591,0.6666666666666666,0.09817351598173515,0.0,-0.6195915847063591
2019-12-11,0.2727272727272727,-0.5976190476190476,0.3333333333333333,0.37142857142857144,0.3333333333333333,-0.23476507075792127,0.0,-0.3582364210034113,0.3333333333333333,-0.1892854051779172,0.0,-0.6373816841229526
2019-12-12,0.18181818181818182,-0.5709015426748919,0.3333333333333333,-0.3404761904761905,0.0,-0.5681314712341695,0.0,-0.14887747366375534,0.6666666666666666,-0.03972656651882213,0.0,-0.7350825262147921
2019-12-13,0.18181818181818182,-0.927708349577419,0.0,-0.1655211777204736,0.0,-0.48736791217695,0.0,-0.7653778399313848,0.3333333333333333,0.08009174287933572,0.0,-0.6697056099399616
2019-12-16,0.2727272727272727,-0.7783592803680364,0.0,-0.02784230231948523,0.0,-0.5223890939218631,0.0,-0.49658452906143913,0.3333333333333333,0.3140952986351541,0.0,-0.5149765486563073
2019-12-17,0.2727272727272727,-0.5106520833593401,0.0,-0.3014545341722385,0.0,-0.47785791286837337,0.3333333333333333,-0.42922821907858977,0.3333333333333333,0.21100917431192664,0.0,-0.5022883414749454
2019-12-18,0.2727272727272727,-0.7076180233297744,0.3333333333333333,0.0,0.0,-0.3488372093023256,0.3333333333333333,-0.317262338011475,0.3333333333333333,0.15277941508309478,0.0,-0.21150822534098337
2019-12-19,0.2727272727272727,-0.17846304972008006,0.3333333333333333,-0.1082499781556068,0.3333333333333333,-0.1902557325164824,0.3333333333333333,0.05504818825631804,0.3333333333333333,-0.050808449585088546,0.3333333333333333,0.27524094128159016
2019-12-20,0.2727272727272727,-0.5222329678670935,0.0,-0.27777777777777773,0.0,-0.6374150947947472,0.0,-0.3394638275806278,0.3333333333333333,0.2765006318046655,0.3333333333333333,-0.08257228238447704
2019-12-23,0.2727272727272727,-0.46843203501529596,0.0,0.06573421981221796,0.0,-0.3660479272151152,0.0,-0.3489315788994266,0.3333333333333333,0.27232748207918867,0.3333333333333333,-0.08839599998785475
2019-12-26,0.2727272727272727,-0.7230764179343975,0.0,-0.04629629629629629,0.0,-0.6482912794051882,0.3333333333333333,0.2568915451961508,0.6666666666666666,0.21198381771691024,0.0,-0.14679516868351475
2019-12-27,0.18181818181818182,-0.5933154930271645,0.0,-0.18355431078559414,0.0,-0.4767656647821446,0.0,0.041971841676210854,0.3333333333333333,-0.10306739297160994,0.0,-0.33111119544566336
2019-12-30,0.2727272727272727,-0.830669948182833,0.3333333333333333,-0.16842697134066098,0.0,-0.7807985691224724,0.6666666666666666,0.35366643208035403,0.3333333333333333,0.10802586016520421,0.3333333333333333,-0.5974095136492467
2020-01-02,0.18181818181818182,-0.4172673868616956,0.0,-0.7805869217511582,0.3333333333333333,-0.327192122889707,0.0,-0.5829422455029284,0.3333333333333333,-0.1155776104771965,0.3333333333333333,-0.4290454926901554
2020-01-03,0.18181818181818182,-0.5904195441338627,0.3333333333333333,-0.3171675237082733,0.3333333333333333,-0.4523139992339641,0.0,-0.46989452625122785,0.3333333333333333,-0.2284885150769509,0.3333333333333333,-0.3256694736394648
2020-01-06,0.18181818181818182,-0.7106758646838593,0.3333333333333333,-0.3140952986351541,0.3333333333333333,-0.6988967446049885,0.3333333333333333,-0.6161326564280818,0.0,-0.40835376735245,0.3333333333333333,-0.5793486172383457
2020-01-07,0.18181818181818182,-0.6603855820758352,0.3333333333333333,-0.6434982669514128,0.3333333333333333,-0.6280768420189679,0.0,-0.8374357893586238,0.0,-0.5795404998039935,0.3333333333333333,-0.432675157835289
2020-01-08,0.18181818181818182,-0.2309401076758503,0.0,0.32204702407301594,0.6666666666666666,-0.06689458755944952,0.0,-0.48626592051525214,0.0,-0.21700926997668546,0.3333333333333333,-0.28603877677367767
2020-01-09,0.18181818181818182,-0.6642857142857143,0.3333333333333333,0.17566201313073596,0.3333333333333333,-0.38236853543489746,0.0,-0.7164728420068226,0.0,-0.05634361698190111,0.3333333333333333,-0.046524210519923545
2020-01-10,0.2727272727272727,-0.5071428571428571,0.0,-0.22619047619047616,0.3333333333333333,-0.6668134215511016,0.0,-0.642034105174945,0.0,-0.37179043621465924,0.3333333333333333,-0.46989452625122785
2020-01-13,0.09090909090909091,-0.41045042487741595,0.0,-0.3662335103823572,0.3333333333333333,-0.2758686295341226,0.0,-0.27524094128159016,0.0,-0.4351851851851851,0.3333333333333333,-0.3211144314951885
2020-01-15,0.09090909090909091,-0.3011973154144075,0.0,0.4243358137143374,0.3333333333333333,0.07857142857142857,0.0,-0.34427915784743424,0.0,-0.320022147627808,0.3333333333333333,0.08839599998785475
2020-01-17,0.09090909090909091,-0.5926497567843614,0.0,-0.17973113614445607,0.0,-0.05991037871481869,0.0,-0.03189074333047437,0.3333333333333333,-0.3133773655852055,0.0,-0.3006841514016155
2020-01-20,0.2727272727272727,-0.5278004034514974,0.3333333333333333,-0.1751170668096215,0.3333333333333333,-0.3050458715596331,0.0,0.022831288248861156,0.3333333333333333,-0.3002381531071326,0.0,-0.5251196297238067
2020-01-21,0.2727272727272727,-0.5668443524555922,0.3333333333333333,-0.2821133706562353,0.3333333333333333,-0.35946227228891214,0.0,-0.44647040662664117,0.0,-0.6405802031815229,0.0,-0.3234632537805257
2020-01-22,0.18181818181818182,-0.4941846828842919,0.0,0.06286137576177976,0.0,-0.537037037037037,0.3333333333333333,-0.1009216784699164,0.0,-0.3239757976459313,0.0,-0.4679096001787033
2020-01-23,0.18181818181818182,-0.7042952122737638,0.3333333333333333,0.15507755817347993,0.3333333333333333,-0.38888888888888884,0.6666666666666666,0.5963553727767786,0.0,-0.5092592592592592,0.3333333333333333,0.0
2020-01-24,0.2727272727272727,-0.564744966402014,0.6666666666666666,0.29834026528552066,0.0,-0.7953491610161699,0.3333333333333333,0.33565435760634316,0.6666666666666666,-0.11136920927794092,0.3333333333333333,-0.17472418615124713
2020-01-27,0.09090909090909091,-0.49999999999999994,0.0,-0.15999999999999998,0.0,-0.6639528095680697,0.0,-0.28603877677367767,0.0,-0.0971285862357264,0.0,-0.6006814312247232
2020-01-28,0.09090909090909091,-0.21479774778582275,0.0,0.1761028218868894,0.0,-0.8496444245750322,0.0,-0.1767919999757095,0.0,-0.15513170673420532,0.0,-0.8374357893586238
2020-01-29,0.09090909090909091,-0.6766938546080654,0.0,0.42,0.3333333333333333,-0.4611543305477187,0.0,-0.18115789195666257,0.0,-0.4870652503921163,0.0,-0.5339390499775317
2020-01-30,0.2727272727272727,-0.3472794481039396,0.3333333333333333,0.6350852961085883,0.3333333333333333,-0.6118477026186471,0.0,0.0,0.3333333333333333,0.45182599577992405,0.0,-0.5137830903923016
2020-01-31,0.2727272727272727,-0.08114581583019972,0.3333333333333333,0.1690308509457033,0.3333333333333333,-0.41190476190476194,0.0,-0.20935894733965596,0.3333333333333333,-0.09639579499204981,0.0,-0.6280768420189679
2020-02-03,0.2727272727272727,-0.1707825127659933,0.0,0.2761904761904762,0.3333333333333333,-0.7718181207494192,0.0,-0.27914526311954124,0.6666666666666666,0.07376484655980596,0.0,-0.7769543156827232
2020-02-04,0.2727272727272727,-0.438840968175075,0.3333333333333333,0.3435531878945586,0.3333333333333333,-0.5882760066687646,0.0,-0.34025236250506014,0.3333333333333333,-0.072517945375904,0.0,-0.7080927544024225
2020-02-05,0.2727272727272727,-0.4426352063787131,0.3333333333333333,-0.20510257693911862,0.0,-0.4137676929192317,0.0,-0.1284457725980754,0.3333333333333333,0.13543408472149032,0.0,-0.6147047688622179
2020-02-06,0.18181818181818182,-0.6260684646969836,0.3333333333333333,0.22911759763821096,0.0,-0.7374722673979915,0.0,-0.29380289173347596,0.0,-0.2547424883987188,0.0,-0.6808765427474206
2020-02-07,0.2727272727272727,-0.8361085787875481,0.0,-0.059908470224344194,0.0,-0.6730147739659278,0.0,-0.5570834332722122,0.0,0.08238007839017389,0.0,-0.47032453792653983
2020-02-10,0.09090909090909091,-0.7742702621353206,0.0,-0.26106460335325443,0.0,-0.6078902673087608,0.0,-0.5471625829473264,0.0,-0.35938727423232886,0.0,-0.7172887641998565
2020-02-11,0.2727272727272727,-0.8973264763701142,0.0,-0.4829348371182434,0.0,-0.57121827927741,0.0,-0.38902518541732223,0.0,-0.3171330282785452,0.0,-0.59497969534414
2020-02-12,0.18181818181818182,-0.8978149267063638,0.0,-0.5692131020932094,0.0,-0.6940464856523632,0.0,-0.15525276009225586,0.0,-0.2032381344109821,0.0,-0.6118785250694789
2020-02-13,0.09090909090909091,-0.7798128673650545,0.0,-0.30863540618906377,0.0,-0.7601778544330072,0.0,-0.123950136601927,0.3333333333333333,-0.515999819722341,0.0,-0.8676509562134889
2020-02-14,0.09090909090909091,-0.6659631533018191,0.3333333333333333,-0.345945945945946,0.0,-0.6905686817995474,0.3333333333333333,0.01982726388386439,0.0,-0.5752877158048448,0.0,-0.7732632914707113
2020-02-17,0.18181818181818182,-0.8574002187631722,0.0,-0.5048095579846819,0.0,-0.8365562933458357,0.3333333333333333,0.14374766315801685,0.0,-0.5866522863597634,0.0,-0.8030041872965077
2020-02-18,0.18181818181818182,-0.620034659970659,0.0,-0.37633335522960654,0.0,-0.5713338014888342,0.0,0.09913631941932195,0.0,-0.5353361248643386,0.0,-0.7831769234126434
2020-02-19,0.09090909090909091,-0.7610194341477615,0.3333333333333333,-0.19331797300724046,0.3333333333333333,-0.3803194146278324,0.0,-0.17213957892371712,0.0,-0.6001623157070137,0.0,-0.4466324209912661
2020-02-21,0.09090909090909091,-0.85779415410156,0.3333333333333333,-0.42999999999999994,0.0,-0.5931586712696069,0.3333333333333333,0.09534625892455922,0.0,-0.08600732686214937,0.0,-0.15255401427929477
2020-02-26,0.09090909090909091,-0.5354715022573374,0.0,0.42,0.0,-0.33,0.0,-0.20976176963403032,0.0,0.01002509414234171,0.0,-0.247900273203854
2020-02-27,0.18181818181818182,-0.4571428571428572,0.0,0.06666666666666667,0.0,-0.4648348401006841,0.0,-0.11165810524781652,0.0,-0.3094812365534231,0.0,-0.5675953683430672
2020-02-28,0.09090909090909091,-0.20493901531919198,0.0,0.07807200583588265,0.3333333333333333,-0.09271050693011065,0.0,-0.009534625892455923,0.0,-0.2495401175568175,0.0,-0.21929639552648625
2020-03-02,0.09090909090909091,-0.6466185721810402,0.0,0.15126451130702265,0.0,-0.30740852297878796,0.3333333333333333,0.27650415088122177,0.3333333333333333,0.38805700005813276,0.3333333333333333,-0.29557340266613363
2020-03-03,0.09090909090909091,-0.58646800732699,0.0,0.2825587541402397,0.0,-0.5256446761657493,0.3333333333333333,0.7913739490738416,0.0,-0.19,0.0,-0.41952353926806063
2020-03-04,0.09090909090909091,-0.7559459712534432,0.0,0.35684290755204034,0.0,-0.7230764179343975,0.0,0.6001623157070137,0.0,-0.5859229026420896,0.0,-0.6048147367590061
2020-03-05,0.2727272727272727,-0.4977090372037519,0.6666666666666666,0.14186060651999424,0.3333333333333333,-0.5895004855899802,0.3333333333333333,0.4512848420432584,0.6666666666666666,-0.06761394833909772,0.3333333333333333,-0.5675953683430672
2020-03-06,0.2727272727272727,-0.7863867486193536,0.3333333333333333,-0.08530901495354998,0.3333333333333333,-0.7641521912738138,0.3333333333333333,0.6280768420189679,0.0,-0.31766904360113296,0.3333333333333333,-0.14887747366375534
2020-03-09,0.09090909090909091,-0.7457990454648065,0.3333333333333333,0.43291943713860304,0.0,-0.41179320466813524,0.3333333333333333,0.34427915784743424,0.0,0.041403933560541256,0.0,-0.05582905262390826
2020-03-10,0.09090909090909091,-0.9055385138137416,0.0,-0.3743101763352262,0.3333333333333333,-0.8016256524313231,0.0,0.5911468053322673,0.3333333333333333,-0.7033533126053656,0.3333333333333333,-0.3813850356982369
2020-03-11,0.18181818181818182,-0.6585365853658536,0.3333333333333333,0.1435609838973005,0.3333333333333333,-0.48656140460123576,0.0,0.17899695893563106,0.6666666666666666,-0.16070147520167405,0.6666666666666666,-0.11582156166423187
2020-03-12,0.18181818181818182,-0.2940858488375231,0.0,-0.4002258523385507,0.3333333333333333,-0.05198752449100364,0.3333333333333333,-0.13879084718705073,0.3333333333333333,-0.5452497568062706,0.3333333333333333,-0.17844537495477952
2020-03-13,0.18181818181818182,-0.7352146220938078,0.0,-0.1837139733246397,0.0,-0.4918918918918919,0.3333333333333333,0.25775443049023705,0.0,-0.5452497568062706,0.3333333333333333,-0.3816748297643895
2020-03-16,0.18181818181818182,-0.7071067811865475,0.0,-0.4850712500726659,0.0,-0.4210989483771294,0.3333333333333333,0.14301938838683884,0.0,-0.5244044240850757,0.0,-0.40998891337560467
2020-03-17,0.2727272727272727,-0.7205103296519316,0.3333333333333333,-0.09141399391224997,0.3333333333333333,-0.5189189189189191,0.3333333333333333,-0.2428839825773388,0.3333333333333333,,0.3333333333333333,-0.60968836442883
2020-03-18,0.18181818181818182,-0.6790997501017323,0.0,-0.13999999999999999,0.3333333333333333,-0.47331153538003856,0.0,-0.42905816516051654,0.3333333333333333,-0.5244044240850757,0.3333333333333333,-0.5816121794398114
2020-03-19,0.2727272727272727,-0.4790078594467576,0.0,-0.08834522085987723,0.3333333333333333,-0.48621706590357294,0.0,-0.619750683009635,0.3333333333333333,-0.7071067811865475,0.3333333333333333,-0.5530083017624435
2020-03-20,0.2727272727272727,-0.4287001093815861,0.3333333333333333,-0.011482123332789982,0.3333333333333333,-0.6082540365447425,0.0,-0.3420203019966607,0.3333333333333333,-0.43619980544501663,0.3333333333333333,-0.46594070127081316
2020-03-23,0.18181818181818182,-0.3456132656767745,0.3333333333333333,-0.26,0.0,-0.39999999999999997,0.0,-0.19069251784911845,0.3333333333333333,-0.41952353926806063,0.3333333333333333,-0.20022714374157438
2020-03-24,0.18181818181818182,0.3975534938694475,0.3333333333333333,0.42999999999999994,0.3333333333333333,0.36108302699095723,0.0,0.0,0.3333333333333333,-0.09899494936611665,0.3333333333333333,0.39091966159069286
2020-03-26,0.2727272727272727,-0.44185755084426837,0.6666666666666666,-0.2993343107647862,0.3333333333333333,-0.5416245404864359,0.3333333333333333,0.3489315788994266,0.6666666666666666,-0.3233104030567817,0.3333333333333333,0.288450105223526
2020-03-27,0.2727272727272727,-0.7021797248357133,0.3333333333333333,-0.15421646743833312,0.0,-0.7064459260511504,0.0,0.3497653473017571,0.0,-0.6051847198962591,0.0,-0.24250397412921823
2020-03-30,0.2727272727272727,-0.6518358737330703,0.3333333333333333,-0.031952886474551676,0.3333333333333333,-0.4918876786138204,0.3333333333333333,0.5011825339601562,0.3333333333333333,-0.5615816758315684,0.3333333333333333,-0.1425381518602279
2020-03-31,0.2727272727272727,-0.6853668747072307,0.3333333333333333,0.6604722604200378,0.3333333333333333,-0.4398651025157769,0.3333333333333333,0.35026388886619525,0.0,-0.02790727860929738,0.3333333333333333,-0.5207870979194745
2020-04-01,0.2727272727272727,-0.6119264019182997,0.0,0.22800967294019128,0.3333333333333333,-0.24944915390270442,0.0,-0.013990613892070286,0.0,-0.33732057416267947,0.3333333333333333,-0.48967148622245993
2020-04-02,0.18181818181818182,-0.7758405579940839,0.0,-0.34761904761904766,0.0,-0.7071428571428572,0.0,0.11165810524781652,0.0,-0.6682815435757167,0.0,-0.5303759999271284
2020-04-03,0.18181818181818182,-0.8785891638979615,0.0,-0.01956463952178074,0.0,-0.6880095514287159,0.3333333333333333,-0.08581163303210332,0.0,-0.23040737315391327,0.0,-0.5720775535473553
2020-04-06,0.18181818181818182,-0.7553777833611441,0.0,-0.060030022518766435,0.3333333333333333,-0.3850147160429909,0.3333333333333333,0.07339758434175737,0.0,-0.5860528507952449,0.3333333333333333,-0.49543369430686224
2020-04-07,0.18181818181818182,-0.21816034332300968,0.3333333333333333,0.2209287754221342,0.3333333333333333,-0.3125333896215557,0.3333333333333333,0.2948185205998629,0.3333333333333333,-0.24686565165498459,0.3333333333333333,-0.42116931514266126
2020-04-08,0.2727272727272727,-0.3340874164920078,0.6666666666666666,0.6479515952918627,0.3333333333333333,-0.07319250547113998,0.3333333333333333,0.12096294735180121,0.0,-0.2935569219739578,0.3333333333333333,-0.09770084209183945
2020-04-09,0.2727272727272727,-0.4790078594467576,0.6666666666666666,0.5099927377841694,0.3333333333333333,-0.022086305214969307,0.3333333333333333,0.6769584383643705,0.0,-0.41000000000000003,0.3333333333333333,0.07627700713964738
2020-04-13,0.2727272727272727,-0.1837703605807725,0.0,-0.020293851577273644,0.3333333333333333,-0.17503446985398516,0.3333333333333333,-0.03256694736394648,0.0,-0.8658388742772061,0.3333333333333333,-0.19074926313168655
2020-04-14,0.2727272727272727,-0.6573978195487895,0.0,-0.5367450401216932,0.0,-0.6417930561312789,0.3333333333333333,-0.17213957892371712,0.3333333333333333,-0.21893874410315728,0.0,-0.5862050525510367
2020-04-15,0.2727272727272727,-0.7420900716345724,0.3333333333333333,-0.40473389258811004,0.3333333333333333,-0.7715885154726594,0.3333333333333333,-0.5425645780486095,0.0,-0.6220932405998316,0.3333333333333333,-0.4184184457832496
2020-04-16,0.2727272727272727,-0.5190281725517787,0.3333333333333333,0.0,0.3333333333333333,-0.22354635531131561,0.0,-0.6102160571171791,0.0,-0.4725979657270039,0.3333333333333333,-0.45766204283788436
2020-04-17,0.2727272727272727,-0.7280419253346919,0.3333333333333333,-0.04879500364742666,0.0,-0.4586730342858106,0.3333333333333333,-0.4001082104713425,0.0,-0.7288700128096254,0.3333333333333333,-0.4512848420432584
2020-04-20,0.2727272727272727,-0.3975534938694475,0.0,-0.3269265244377586,0.3333333333333333,-0.24000000000000002,0.0,-0.247900273203854,0.0,-0.21031987485914294,0.3333333333333333,-0.5244044240850757
2020-04-21,0.2727272727272727,-0.4754085308049524,0.3333333333333333,0.08834522085987723,0.6666666666666666,-0.2698298983205646,0.3333333333333333,-0.6949293699853911,0.3333333333333333,-0.19568230402441003,0.0,-0.18952619181419758
2020-04-22,0.2727272727272727,-0.287121967794601,0.0,-0.17,0.3333333333333333,-0.26999999999999996,0.3333333333333333,-0.41952353926806063,0.0,-0.05760184328847832,0.3333333333333333,-0.15255401427929477
2020-04-23,0.2727272727272727,-0.5250739973591368,0.0,-0.05256003308242462,0.0,-0.49999999999999994,0.3333333333333333,-0.11441551070947109,0.0,0.07662610281769211,0.3333333333333333,-0.11441551070947109
2020-04-24,0.18181818181818182,-0.29574027719908047,0.0,0.4635525346505532,0.0,-0.3513240262614719,0.0,-0.27650415088122177,0.0,-0.05800418934273981,0.0,-0.5434736758699876
2020-04-27,0.18181818181818182,-0.7393752593472347,0.3333333333333333,0.3341076278338227,0.0,-0.8283476589298607,0.0,-0.36698792170878686,0.0,-0.30875903884854317,0.0,-0.6697529571185361
2020-04-28,0.2727272727272727,-0.6423246040598829,0.0,-0.18475799849123106,0.0,-0.712970603721109,0.3333333333333333,-0.01830706754905046,0.0,-0.10648262263367213,0.0,-0.6361705973295034
2020-04-29,0.2727272727272727,-0.7454240584324493,0.0,-0.23744292237442924,0.0,-0.7760332645605595,0.3333333333333333,-0.13667461427346156,0.0,-0.6238597746723394,0.0,-0.6970405327946539
2020-04-30,0.2727272727272727,-0.6768353656888922,0.0,0.29493400725830987,0.0,-0.5741955363036535,0.3333333333333333,-0.09174698042719671,0.0,-0.428293391833053,0.0,-0.44038550605054433
2020-05-04,0.2727272727272727,-0.48496560458517257,0.3333333333333333,0.2664016813615131,0.0,-0.7166666666666667,0.3333333333333333,0.353583999951419,0.0,0.0771162761835959,0.0,-0.14887747366375534
2020-05-05,0.2727272727272727,-0.4310805374090423,0.0,-0.48361604576131784,0.0,-0.8978280671126506,0.3333333333333333,0.09770084209183945,0.0,-0.028042282248580328,0.0,-0.3163646315354801
2020-05-06,0.2727272727272727,-0.6125623598500046,0.3333333333333333,-0.48477164130554345,0.3333333333333333,-0.7777777777777777,0.3333333333333333,0.11009637651263608,0.0,0.0597715363990599,0.0,-0.3853373177942262
2020-05-08,0.2727272727272727,-0.8191199712879925,0.3333333333333333,-0.2827874776403897,0.0,-0.5804284663836571,0.0,-0.054669845709384636,0.3333333333333333,0.23548306145685757,0.3333333333333333,0.15945371665237182
2020-05-11,0.2727272727272727,-0.7154092818642793,0.3333333333333333,-0.6248461432716617,0.3333333333333333,-0.699454637990666,0.3333333333333333,-0.7152638146977822,0.0,-0.29425987150306415,0.3333333333333333,0.14578625522502567
2020-05-12,0.2727272727272727,-0.6736323090565639,0.3333333333333333,-0.3081430724680467,0.6666666666666666,-0.4499999999999999,0.3333333333333333,-0.33371190623595726,0.0,-0.004778184825674966,0.3333333333333333,0.019069251784911846
2020-05-13,0.2727272727272727,-0.8104053040033465,0.3333333333333333,-0.5484827557301444,0.3333333333333333,-0.6714281023676548,0.3333333333333333,-0.14679516868351475,0.0,-0.2023036616583566,0.3333333333333333,-0.2935903373670295
2020-05-14,0.2727272727272727,-0.6853427570892501,0.3333333333333333,-0.45022516889074815,0.0,-0.5587408684038526,0.3333333333333333,0.15596986672623442,0.0,-0.3364091020290097,0.6666666666666666,-0.2935903373670295
2020-05-15,0.2727272727272727,-0.6934385643305959,0.0,-0.5012791300586129,0.0,-0.6958820912259709,0.3333333333333333,0.03644656380625642,0.0,-0.1917808219178082,0.3333333333333333,-0.3280190742563078
2020-05-18,0.2727272727272727,-0.8371578903249574,0.0,-0.7216878364870322,0.3333333333333333,-0.5003702332976756,0.3333333333333333,-0.05504818825631804,0.3333333333333333,0.1889420983998548,0.0,-0.4312108080078246
2020-05-19,0.2727272727272727,-0.7514430561703704,0.3333333333333333,-0.28559085603349055,0.3333333333333333,-0.40952380952380946,0.3333333333333333,0.13492021050777828,0.0,-0.06103891839705953,0.3333333333333333,-0.16748715787172477
2020-05-20,0.18181818181818182,-0.8296760421620462,0.3333333333333333,-0.21501831715537342,0.3333333333333333,-0.43003663431074685,0.3333333333333333,0.14123043474924363,0.3333333333333333,0.26940639269406397,0.3333333333333333,-0.33257489473208984
2020-05-26,0.2727272727272727,-0.873378896971079,0.3333333333333333,-0.5939691161490182,0.6666666666666666,-0.095858659423655,1.0,-0.17012618125253007,0.3333333333333333,0.35566673521921865,0.6666666666666666,-0.15173416165766196
2020-05-27,0.09090909090909091,-0.9201791834907643,0.0,-0.15999999999999998,0.3333333333333333,-0.7,0.3333333333333333,-0.6674238124719145,0.3333333333333333,0.5208221459985712,0.3333333333333333,-0.21929639552648625
2020-05-28,0.18181818181818182,-0.8513840613828586,0.0,0.0,0.3333333333333333,-0.8197560612767678,0.3333333333333333,-0.02791452631195413,0.3333333333333333,0.2079802600103041,0.3333333333333333,-0.3582364210034113
2020-05-29,0.2727272727272727,-0.6928890517934586,0.0,-0.7563225565351132,0.3333333333333333,-0.6538530488755171,0.6666666666666666,-0.1535298947157477,0.0,-0.1831167551911786,0.3333333333333333,-0.6792534735908838
2020-06-02,0.2727272727272727,-0.8467803948114511,0.0,-0.5869126768948031,0.3333333333333333,-0.27777777777777773,0.3333333333333333,0.02752409412815902,0.0,-0.30121733051994937,0.3333333333333333,-0.6238794669049377
2020-06-03,0.2727272727272727,-0.8296120149149667,0.0,-0.1314684396244359,0.3333333333333333,-0.7713646437008896,0.3333333333333333,0.0,0.0,-0.23511758819850181,0.3333333333333333,-0.45873490213598356
2020-06-04,0.18181818181818182,-0.7700294320859818,0.3333333333333333,0.15494494670022804,0.0,-0.3862160813477717,0.0,-0.15596986672623442,0.0,-0.11547005383792515,0.3333333333333333,-0.2568915451961508
2020-06-05,0.18181818181818182,-0.8645018195496759,0.3333333333333333,-0.08878560065057217,0.0,-0.7753877908673996,0.0,-0.5502065727772368,0.0,0.06756756756756757,0.3333333333333333,-0.6443860762255926
2020-06-08,0.18181818181818182,-0.4858987147293247,0.0,-0.37719547023291194,0.6666666666666666,-0.37719547023291194,0.0,-0.1368800274213649,0.0,0.39024390243902435,0.0,-0.5791078083211593
2020-06-09,0.2727272727272727,-0.66,0.6666666666666666,-0.3513240262614719,0.3333333333333333,-0.40987803063838396,0.0,0.08581163303210332,0.0,-0.4661668776188895,0.3333333333333333,-0.7341661937191061
2020-06-10,0.2727272727272727,-0.7853927946205275,0.6666666666666666,-0.21252557102111275,0.3333333333333333,-0.5277777777777778,0.0,-0.1284457725980754,0.0,0.2965108097305752,0.0,-0.6147047688622179
2020-06-11,0.2727272727272727,-0.7040745203688017,0.6666666666666666,0.5079850199442941,0.0,-0.7597313872823196,0.0,0.10488088481701516,0.0,0.0049029033784546,0.0,-0.5244044240850757
2020-06-12,0.2727272727272727,-0.6880095514287159,0.0,-0.5952990444986053,0.0,-0.549491254952621,0.0,-0.495800546407708,0.0,-0.22718307492573092,0.0,-0.41952353926806063
2020-06-15,0.2727272727272727,-0.760122361980797,0.3333333333333333,0.0695536801812494,0.0,-0.43481481913642184,0.3333333333333333,0.054669845709384636,0.0,-0.4738053294813334,0.3333333333333333,-0.5603659185211924
2020-06-16,0.2727272727272727,-0.8696296382728437,0.0,-0.0047781848256749655,0.0,-0.7034650053120127,0.3333333333333333,-0.20501192141019234,0.0,-0.7949646406389403,0.0,-0.692484712318872
2020-06-17,0.2727272727272727,-0.8696296382728437,0.3333333333333333,0.019112739302699862,0.0,-0.841399320079074,0.3333333333333333,-0.26423758759535904,0.3333333333333333,-0.5828788649922216,0.0,-0.692484712318872
2020-06-18,0.2727272727272727,-0.7409328454600196,0.0,-0.6447078005950819,0.0,-0.8919752354936633,0.3333333333333333,0.02752409412815902,0.0,-0.25,0.0,-0.5137830903923016
2020-06-19,0.2727272727272727,-0.6639528095680696,0.3333333333333333,0.08333333333333333,0.3333333333333333,-0.611111111111111,0.3333333333333333,0.02752409412815902,0.0,-0.787037037037037,0.0,-0.45873490213598356
2020-06-22,0.2727272727272727,-0.6158402871356007,0.0,-0.18518518518518515,0.3333333333333333,-0.8169824462375661,0.3333333333333333,-0.02752409412815902,0.0,-0.37242264987106555,0.0,-0.45873490213598356
2020-06-23,0.2727272727272727,-0.861787755359315,0.3333333333333333,-0.2054794520547945,0.0,-0.8538812785388127,0.3333333333333333,-0.10022805046720515,0.0,-0.4645321087001472,0.0,-0.4510262271024232
2020-06-24,0.2727272727272727,-0.8802217180407977,0.3333333333333333,-0.33333333333333337,0.0,-0.4838915203889202,0.3333333333333333,-0.12300715284611541,0.0,-0.8466841390101206,0.0,-0.5330309956665001
2020-06-25,0.2727272727272727,-0.7319250547113999,0.6666666666666666,-0.4733115353800386,0.0,0.21469801604867728,0.3333333333333333,0.09770084209183945,0.3333333333333333,-0.7490397893707691,0.0,-0.12561536840379356
2020-06-26,0.2727272727272727,-0.8404589533133582,0.3333333333333333,-0.49074074074074076,0.0,-0.2958039891549808,0.3333333333333333,-0.2018433569398328,0.3333333333333333,-0.5057591541458916,0.0,-0.3486385256233476
2020-06-29,0.2727272727272727,-0.43999999999999995,0.3333333333333333,-0.33925112262292256,0.3333333333333333,-0.2683725200608466,0.3333333333333333,-0.18115789195666257,0.3333333333333333,-0.46348392809047173,0.0,-0.33371190623595726
2020-06-30,0.2727272727272727,-0.800607877161456,0.3333333333333333,-0.39091966159069286,0.3333333333333333,-0.7890453678924886,0.3333333333333333,0.1620886401717507,0.3333333333333333,-0.6561110053764887,0.0,-0.5434736758699876
2020-07-01,0.2727272727272727,-0.9045154217304137,0.3333333333333333,-0.3981481481481481,0.3333333333333333,-0.5092592592592592,0.3333333333333333,-0.11927107455535572,0.3333333333333333,-0.3218467344564764,0.3333333333333333,-0.4312108080078246
2020-07-02,0.18181818181818182,-0.8498050347983338,0.0,-0.13616374103959433,0.3333333333333333,-0.50709255283711,0.3333333333333333,0.1954016841836789,0.3333333333333333,-0.0885975874788177,0.3333333333333333,-0.11165810524781652
2020-07-03,0.2727272727272727,-0.6184165460191405,0.3333333333333333,-0.3708420277204426,0.3333333333333333,0.14036631612570982,0.3333333333333333,-0.40045428748314876,0.3333333333333333,-0.36231578391332514,0.6666666666666666,-0.19069251784911845
2020-07-06,0.2727272727272727,-0.61,0.6666666666666666,0.15126451130702265,0.3333333333333333,-0.08834522085987723,0.3333333333333333,0.009534625892455923,0.3333333333333333,0.10536089137432665,0.6666666666666666,-0.10488088481701516
2020-07-07,0.2727272727272727,-0.68,0.6666666666666666,-0.02439750182371333,0.3333333333333333,0.0,0.3333333333333333,-0.3241772803435014,0.3333333333333333,-0.2873478855663454,0.3333333333333333,-0.5625429276548994
2020-07-08,0.2727272727272727,-0.7453968328052946,0.6666666666666666,-0.1612589748527842,0.3333333333333333,-0.38161827085553635,0.3333333333333333,-0.06833730713673078,0.3333333333333333,-0.01830668408670531,0.3333333333333333,-0.5056960728118078
2020-07-09,0.2727272727272727,-0.731310340973526,0.6666666666666666,-0.02777777777777778,0.3333333333333333,0.057735026918962574,0.3333333333333333,0.1926686588971131,0.0,-0.1152085965852773,0.3333333333333333,-0.642228862990377
2020-07-10,0.2727272727272727,-0.8660254037844385,0.3333333333333333,-0.6761234037828132,0.3333333333333333,-0.3367876570272817,0.0,-0.018349396085439344,0.3333333333333333,-0.5475652789498762,0.0,-0.7339758434175737
2020-07-13,0.2727272727272727,-0.24047619047619048,0.6666666666666666,-0.10246950765959598,0.3333333333333333,0.016320608219782207,0.6666666666666666,0.6234244209669755,0.3333333333333333,-0.2326210525996177,0.3333333333333333,-0.48850421045919723
2020-07-14,0.2727272727272727,-0.26,0.3333333333333333,0.2098198995422084,0.6666666666666666,0.0955636965134993,0.3333333333333333,0.07627700713964738,0.0,-0.30510802855858954,0.3333333333333333,-0.1620886401717507
2020-07-15,0.18181818181818182,-0.8101679412462924,0.6666666666666666,-0.3279251190758803,0.3333333333333333,-0.37098349896483884,0.0,-0.21150822534098337,0.0,-0.5092382190759589,0.0,-0.3080663282140409
2020-07-16,0.2727272727272727,-0.7619436590292512,0.6666666666666666,-0.21413246642743033,0.3333333333333333,-0.3248268603939943,0.6666666666666666,-0.25748827432815363,0.3333333333333333,-0.5184552004167002,0.3333333333333333,-0.317262338011475
2020-07-17,0.18181818181818182,-0.7699999999999999,0.0,-0.3122880233435306,0.3333333333333333,-0.35603266600026917,0.3333333333333333,-0.629285308902091,0.3333333333333333,-0.5924949183836957,0.3333333333333333,-0.4481274169454284
2020-07-20,0.2727272727272727,-0.7300000000000001,0.6666666666666666,-0.17675758326941238,0.3333333333333333,-0.567727764703132,0.6666666666666666,-0.6006814312247232,0.6666666666666666,-0.20976176963403032,0.3333333333333333,-0.4481274169454284
2020-07-21,0.2727272727272727,-0.7505553499465134,0.3333333333333333,0.19509757318599089,0.3333333333333333,-0.6620847108818942,0.0,-0.5780059766913394,0.3333333333333333,-0.502309481111809,0.3333333333333333,-0.6605782590758164
2020-07-22,0.2727272727272727,-0.8002380598177973,0.3333333333333333,-0.2085764626863479,0.3333333333333333,-0.7507479781099815,0.3333333333333333,-0.4001082104713425,0.3333333333333333,-0.41318652453394145,0.0,-0.6885583156948685
2020-07-23,0.2727272727272727,-0.7305786567818511,0.3333333333333333,-0.3125333896215557,0.0,-0.38095238095238093,0.3333333333333333,-0.36288884205540367,0.0,-0.39532147648140986,0.0,-0.46989452625122785
2020-07-24,0.18181818181818182,-0.7709610576293412,0.0,-0.3611933866031879,0.0,-0.6291703896312291,0.0,-0.6327292630709602,0.0,-0.6621503906311639,0.0,-0.6094671578109985
2020-07-27,0.2727272727272727,-0.7508725083591248,0.3333333333333333,-0.5276401410091147,0.3333333333333333,-0.6440940481460319,0.3333333333333333,-0.48385178940720486,0.3333333333333333,-0.4150097518744618,0.0,-0.5582905262390825
2020-07-28,0.18181818181818182,-0.8440085965087369,0.0,-0.5961744015535662,0.0,-0.3583638619256224,0.0,-0.4145796632961667,0.0,-0.22883355108381637,0.0,-0.5011402523360257
2020-07-29,0.2727272727272727,-0.7134437307504793,0.3333333333333333,0.036936356951687274,0.3333333333333333,-0.18391241968941507,0.0,-0.5558100980454104,0.0,-0.5011402523360257,0.3333333333333333,-0.36446563806256416
2020-07-30,0.18181818181818182,-0.6056938825554369,0.3333333333333333,0.404145188432738,0.3333333333333333,-0.22067916651244598,0.0,-0.45873490213598356,0.0,-0.23854214911071145,0.3333333333333333,-0.1651445647689541
2020-08-03,0.2727272727272727,-0.7385193630939103,0.3333333333333333,0.17931460919717973,0.6666666666666666,-0.028669108954049796,0.0,-0.30979579235317956,0.0,-0.5330309956665001,0.3333333333333333,-0.15945371665237182
2020-08-04,0.2727272727272727,-0.7414219162701059,0.3333333333333333,0.1529019144215989,0.3333333333333333,-0.38225478605399726,0.0,-0.2004561009344103,0.0,-0.44292237442922383,0.3333333333333333,-0.1913444599828462
2020-08-05,0.18181818181818182,-0.8919752354936633,0.0,-0.14407548037544518,0.3333333333333333,0.009556369651349931,0.3333333333333333,-0.2004561009344103,0.0,-0.35990981758678214,0.0,-0.2369026647406667
2020-08-06,0.09090909090909091,-0.8148765609120251,0.0,-0.2628001654121231,0.0,-0.7262840935025948,0.0,-0.4385927910529725,0.0,-0.06689458755944952,0.0,-0.27650415088122177
2020-08-07,0.2727272727272727,-0.8020413182292969,0.3333333333333333,-0.12903773877037875,0.3333333333333333,-0.21149928264282739,0.3333333333333333,-0.24145848521644878,0.0,-0.3789954337899544,0.3333333333333333,-0.12300715284611541
2020-08-10,0.18181818181818182,-0.7880522254694838,0.3333333333333333,0.2538792893465708,0.0,-0.19310804067388584,0.0,-0.3781330994899103,0.0,-0.4419145861508591,0.3333333333333333,-0.027334922854692318
2020-08-11,0.2727272727272727,-0.7041176689106038,0.3333333333333333,-0.059617440155356624,0.0,-0.31708610255576863,0.3333333333333333,-0.4646936885297694,0.3333333333333333,-0.12300715284611541,0.3333333333333333,-0.2004561009344103
2020-08-12,0.18181818181818182,-0.840960529318794,0.3333333333333333,0.30345549248753495,0.0,-0.5064875915215464,0.3333333333333333,0.08200476856407694,0.6666666666666666,0.3127853881278539,0.0,-0.35990981758678214
2020-08-13,0.2727272727272727,-0.6420751415114152,0.3333333333333333,0.5655749552807794,0.0,-0.3640707629592828,0.6666666666666666,0.086560589039859,0.6666666666666666,0.4236913042477309,0.3333333333333333,-0.10022805046720515
2020-08-14,0.18181818181818182,-0.8001384891707516,0.3333333333333333,0.8160304109891103,0.0,0.10138679474815471,0.3333333333333333,-0.01822328190312821,0.3333333333333333,0.36613368173410615,0.0,0.0
2020-08-18,0.09090909090909091,-0.8020413182292969,0.3333333333333333,0.5885197430061283,0.3333333333333333,-0.21979650198104844,0.0,-0.2687934080711411,0.3333333333333333,0.07798247183404243,0.0,-0.3416865356836539
2020-08-19,0.2727272727272727,-0.7747247335011401,0.3333333333333333,0.3055555555555555,0.3333333333333333,-0.28867513459481287,0.3333333333333333,-0.18349396085439343,0.3333333333333333,0.27127081904188727,0.0,-0.5963553727767786
2020-08-24,0.2727272727272727,-0.8467803948114511,0.3333333333333333,-0.3333333333333333,0.3333333333333333,-0.42592592592592593,0.3333333333333333,-0.2660662432388705,0.3333333333333333,-0.206901472150592,0.0,-0.3027650354097492
2020-08-25,0.18181818181818182,-0.862727934812895,0.0,0.10588968120037763,0.0,-0.5388608221085884,0.3333333333333333,-0.5839466221370627,0.0,0.12442924810000805,0.0,-0.4414084702768349
2020-08-26,0.18181818181818182,-0.862727934812895,0.3333333333333333,-0.16396255953794014,0.0,-0.7035781039758426,0.0,-0.317262338011475,0.0,-0.12414613226535978,0.0,-0.7080927544024225
2020-08-27,0.18181818181818182,-0.8853192750585626,0.0,0.03333333333333333,0.3333333333333333,-0.2285714285714286,0.0,-0.14887747366375534,0.0,-0.18144442102770184,0.3333333333333333,-0.3908033683673578
2020-08-28,0.2727272727272727,-0.7438394985738945,0.0,-0.06436934689129528,0.3333333333333333,-0.5023972514219516,0.0,0.018349396085439344,0.3333333333333333,0.05069178249752201,0.0,-0.8165481258020507
2020-08-31,0.18181818181818182,-0.7172995424091477,0.0,-0.35296560400125876,0.0,-0.7740631327096704,0.0,-0.17213957892371712,0.0,-0.38826216440138467,0.0,-0.786259157786708
2020-09-01,0.18181818181818182,-0.9342115371650304,0.0,-0.1556759651325504,0.0,-0.8086319608559903,0.0,-0.19120505652496056,0.3333333333333333,0.1425622821162295,0.0,-0.7834743779559359
2020-09-02,0.2727272727272727,-0.5822173754796447,0.0,-0.037037037037037035,0.3333333333333333,-0.5092592592592592,0.0,-0.3853373177942262,0.3333333333333333,-0.04138029443011839,0.3333333333333333,-0.4312108080078246
2020-09-03,0.2727272727272727,-0.7457990454648065,0.0,0.20189796085181227,0.3333333333333333,-0.6061940195919105,0.3333333333333333,0.023262105259961773,0.3333333333333333,0.26984042101555655,0.3333333333333333,-0.6234244209669755
2020-09-04,0.2727272727272727,-0.7986678723789822,0.0,-0.15207534749256604,0.0,-0.8827796145091926,0.0,-0.1743192628116738,0.0,-0.3302891295379082,0.0,-0.8899457101438082
2020-09-07,0.2727272727272727,0.01956463952178074,0.0,-0.04822428221704121,0.0,-0.3822547860539972,0.3333333333333333,-0.22883102141894218,0.0,-0.4166544340712009,0.0,-0.40045428748314876
2020-09-08,0.2727272727272727,0.03424221536689516,0.3333333333333333,0.21598386509728756,0.0,-0.6392145477812893,0.6666666666666666,-0.17213957892371712,0.0,-0.41318652453394145,0.3333333333333333,-0.18609684207969418
2020-09-09,0.2727272727272727,-0.7280419253346919,0.3333333333333333,-0.0619047619047619,0.3333333333333333,-0.741421916270106,0.3333333333333333,0.13492021050777828,0.0,0.5164453647446877,0.3333333333333333,-0.7257776841108073
2020-09-10,0.18181818181818182,-0.49,0.0,-0.16116132592211127,0.0,-0.7549532024566445,0.3333333333333333,-0.028603877677367773,0.6666666666666666,0.08314971796756815,0.0,-0.6388199347945468
2020-09-11,0.18181818181818182,-0.6199999999999999,0.0,0.0,0.0,-0.6689458755944951,0.3333333333333333,0.10488088481701516,0.3333333333333333,0.45392755843912175,0.0,-0.5053351723001639
2020-09-14,0.18181818181818182,-0.33095238095238094,0.3333333333333333,-0.05714285714285715,0.0,-0.7554110090299192,0.3333333333333333,-0.18144442102770184,0.3333333333333333,0.22331621049563305,0.0,-0.2465783157555948
2020-09-15,0.18181818181818182,-0.6810365708321476,0.3333333333333333,-0.16636007837121164,0.3333333333333333,-0.5862381615276734,0.3333333333333333,0.16357492704188123,0.3333333333333333,0.3469771179676268,0.0,-0.31227940617086414
2020-09-16,0.18181818181818182,-0.5172270386627226,0.0,-0.11222850838908131,0.0,-0.44914937361344676,0.3333333333333333,-0.06674238124719147,0.0,0.33925112262292256,0.3333333333333333,-0.21929639552648625
2020-09-17,0.09090909090909091,-0.5155145946859746,0.0,0.5428571428571429,0.0,-0.13056486575825765,0.3333333333333333,-0.144225052611763,0.0,0.343517957545109,0.0,-0.24192589470360243
2020-09-18,0.18181818181818182,-0.3397168072932352,0.3333333333333333,0.13174650984805197,0.3333333333333333,0.3803194146278324,0.0,0.08839599998785475,0.0,0.002331515459968887,0.3333333333333333,0.18609684207969418
2020-09-21,0.18181818181818182,-0.18762473780985844,0.0,-0.2235654005825873,0.0,-0.305152614470396,0.0,-0.6691701560804231,0.3333333333333333,0.08273301474304355,0.6666666666666666,0.03965452776772878
2020-09-22,0.18181818181818182,-0.015293388567865983,0.0,-0.5202601951626423,0.3333333333333333,-0.37104503581728615,0.0,-0.4312429894740505,0.0,-0.3701851388657263,0.3333333333333333,-0.03469771179676268
2020-09-23,0.2727272727272727,0.4570115877071563,0.3333333333333333,-0.2911301371496204,0.6666666666666666,0.2908190821270622,0.0,-0.22801353466444052,0.6666666666666666,0.330563082296276,1.0,0.6790837880223554
2020-09-24,0.2727272727272727,-0.59630327972512,0.0,-0.6158402871356007,0.3333333333333333,-0.1314684396244359,0.6666666666666666,0.5688312786486196,0.3333333333333333,-0.19767387315371676,0.3333333333333333,-0.15596986672623442
2020-09-25,0.18181818181818182,-0.4161326333216439,0.0,-0.30457537057879686,0.0,-0.658934488227817,0.0,0.21610623023970038,0.3333333333333333,-0.055813953488372106,0.3333333333333333,-0.04598004898717029
2020-09-28,0.2727272727272727,-0.3179634284068836,0.0,-0.36708422816130915,0.0,-0.8857142857142858,0.3333333333333333,-0.17213957892371712,0.3333333333333333,-0.05164831556674268,0.3333333333333333,-0.22331621049563305
2020-09-29,0.2727272727272727,-0.2887836386898284,0.3333333333333333,-0.2815771906346718,0.0,-0.6109802603685626,0.3333333333333333,-0.013957263155977066,0.3333333333333333,-0.041967278279439954,0.0,-0.42337031573130424
2020-09-30,0.2727272727272727,-0.3424561224358293,0.6666666666666666,0.11005504128440512,0.3333333333333333,-0.4722222222222222,0.3333333333333333,-0.09174698042719671,0.0,-0.18391241968941507,0.3333333333333333,-0.5046083923495819
2020-10-01,0.2727272727272727,-0.42021015763136493,0.3333333333333333,0.17842145377602017,0.3333333333333333,-0.41788182594909984,0.3333333333333333,-0.2568915451961508,0.3333333333333333,0.1152085965852773,0.3333333333333333,-0.5504818825631803
2020-10-02,0.2727272727272727,-0.5409115867127818,1.0,0.699454637990666,0.0,-0.5149547751303623,0.0,-0.3553539971110001,0.3333333333333333,-0.05936073059360731,0.3333333333333333,-0.5968124823274489
2020-10-05,0.2727272727272727,-0.37621940211260124,0.6666666666666666,-0.02777777777777778,0.3333333333333333,-0.49074772881118184,0.0,-0.3027650354097492,0.6666666666666666,0.21149928264282739,0.3333333333333333,-0.8257228238447705
2020-10-06,0.2727272727272727,-0.20005951495444932,0.6666666666666666,0.15154850489797764,0.6666666666666666,-0.3404761904761905,0.3333333333333333,-0.26984042101555655,0.3333333333333333,0.1888527522574798,0.6666666666666666,-0.7676494735787385
2020-10-07,0.2727272727272727,-0.4499999999999999,0.6666666666666666,0.8599999999999999,0.0,-0.39523952954415587,0.3333333333333333,-0.247900273203854,0.0,0.0,0.0,-0.5530083017624435
2020-10-08,0.2727272727272727,-0.47690551206593057,0.6666666666666666,0.5547619047619048,0.3333333333333333,-0.3757215280851852,0.3333333333333333,-0.36754126310739604,0.0,-0.17020062857772875,0.0,-0.432675157835289
2020-10-09,0.2727272727272727,-0.47690551206593057,0.3333333333333333,0.07512482264253481,0.0,-0.46843203501529596,0.3333333333333333,-0.5024614736151742,0.3333333333333333,-0.144225052611763,0.0,-0.44197999993927367
2020-10-12,0.2727272727272727,-0.46675858627729383,0.3333333333333333,-0.1854210138602213,0.0,-0.7642857142857142,0.3333333333333333,-0.3256694736394648,0.3333333333333333,-0.009523809523809525,0.3333333333333333,-0.42337031573130424
2020-10-13,0.18181818181818182,-0.5757810430396346,0.3333333333333333,-0.042257712736425826,0.0,-0.07863867486193536,0.0,-0.4605896841472431,0.0,-0.3239757976459314,0.0,-0.22331621049563305
2020-10-14,0.2727272727272727,-0.3513240262614719,0.6666666666666666,0.43196773019457513,0.0,-0.41963703136786923,0.3333333333333333,-0.04187178946793119,0.3333333333333333,-0.2927700218845599,0.0,-0.4512848420432584
2020-10-15,0.2727272727272727,-0.43301270189221924,0.3333333333333333,0.4444444444444445,1.0,0.3098898934004561,0.3333333333333333,0.14679516868351475,0.0,-0.38888888888888884,0.3333333333333333,-0.3302891295379082
2020-10-16,0.2727272727272727,-0.6020512880350457,0.3333333333333333,0.2558581806667388,0.6666666666666666,-0.21916245323707534,0.3333333333333333,0.24601430569223082,0.0,-0.29425987150306415,0.3333333333333333,-0.26423758759535904
2020-10-19,0.2727272727272727,-0.6903452589658139,0.6666666666666666,-0.05862353561084893,0.3333333333333333,-0.45022516889074815,0.3333333333333333,0.1009216784699164,0.3333333333333333,0.15396007178390017,0.3333333333333333,-0.2935903373670295
2020-10-20,0.2727272727272727,-0.7849629620455287,0.3333333333333333,0.1912726204984358,0.0,-0.7054730418383867,0.3333333333333333,0.09111640951564104,0.6666666666666666,0.3234632537805257,0.0,-0.5922566618516668
2020-10-21,0.2727272727272727,-0.410923895008047,0.6666666666666666,0.35672186537523964,0.6666666666666666,-0.17885232046606983,0.3333333333333333,-0.18678863950706415,0.3333333333333333,0.2870166899742693,0.3333333333333333,-0.41913548377194887
2020-10-22,0.2727272727272727,-0.6447078005950819,0.6666666666666666,0.16433554953054486,0.3333333333333333,-0.3611111111111111,0.3333333333333333,0.0642228862990377,0.0,-0.06896715738353065,0.3333333333333333,-0.13762047064079508
2020-10-23,0.2727272727272727,-0.6020512880350457,0.6666666666666666,-0.1529019144215989,0.3333333333333333,-0.7972688859741256,0.6666666666666666,-0.2779050490227052,0.0,-0.09360730593607307,0.3333333333333333,-0.2323468442648847
2020-10-26,0.2727272727272727,-0.6158402871356007,0.3333333333333333,-0.2212064771005878,0.3333333333333333,-0.9155837759558928,0.3333333333333333,-0.3211144314951885,0.3333333333333333,-0.23448833510400424,0.3333333333333333,-0.5504818825631803
2020-10-27,0.2727272727272727,-0.7836223114106945,0.3333333333333333,-0.014022519552416018,0.3333333333333333,-0.7484164626500126,0.6666666666666666,-0.06378148666094874,0.0,0.22146118721461192,0.3333333333333333,-0.5193635342391539
2020-11-02,0.2727272727272727,-0.6590141658630055,0.3333333333333333,-0.5351567004755962,0.3333333333333333,-0.6988671948197773,0.6666666666666666,-0.26423758759535904,0.3333333333333333,-0.26484018264840187,0.3333333333333333,-0.7243754556493462
2020-11-03,0.2727272727272727,-0.6714281023676548,0.3333333333333333,-0.4366630316097336,0.3333333333333333,-0.8796296296296295,0.3333333333333333,-0.2568915451961508,0.3333333333333333,-0.05069178249752201,0.3333333333333333,-0.9082951062292475
2020-11-04,0.18181818181818182,-0.6526468967070211,0.0,-0.3945226839462443,0.0,-0.8551927515557802,0.3333333333333333,-0.36698792170878686,0.0,-0.41286141192238524,0.0,-0.8624216160156492
2020-11-05,0.18181818181818182,-0.6808187051979717,0.0,-0.2441556735882381,0.0,-0.7685185185185185,0.0,-0.44956020409326397,0.0,-0.38888888888888884,0.0,-0.9174698042719671
2020-11-06,0.2727272727272727,-0.4930066485916347,0.6666666666666666,-0.02784230231948523,0.0,-0.8874119674649424,0.0,-0.5596565806059,0.0,-0.24074074074074073,0.3333333333333333,-0.83489752188749
2020-11-09,0.18181818181818182,-0.8713548411865623,0.3333333333333333,-0.404145188432738,0.0,-0.8467803948114511,0.3333333333333333,-0.11009637651263608,0.0,-0.19310804067388584,0.0,-0.9358192003574066
2020-11-10,0.18181818181818182,-0.8713548411865623,0.0,-0.3148148148148148,0.0,-0.8639354603891503,0.0,-0.5504818825631803,0.3333333333333333,0.2765006318046655,0.0,-0.8624216160156492
2020-11-11,0.18181818181818182,-0.8729380882533107,0.0,-0.5399596627432188,0.0,-0.8880952380952382,0.0,-0.6885583156948685,0.0,-0.018781205660633703,0.0,-0.9025696840865168
2020-11-12,0.2727272727272727,-0.7356521196761695,0.3333333333333333,-0.40841376299263205,0.3333333333333333,-0.8833333333333333,0.6666666666666666,-0.6839058946428761,0.0,-0.027978185519626643,0.3333333333333333,-0.8420882104106162
2020-11-13,0.18181818181818182,-0.7603802852377081,0.3333333333333333,-0.08921072688801009,0.0,-0.638560992461546,0.3333333333333333,-0.7064517492894147,0.0,0.3333333333333333,0.0,-0.7156264473321344
2020-11-16,0.18181818181818182,-0.7703852889908357,0.3333333333333333,0.10185185185185185,0.0,-0.7794200349162986,0.3333333333333333,-0.532132486477741,0.0,0.0,0.0,-0.6972770512466951
2020-11-17,0.18181818181818182,-0.8199778267512093,0.0,0.10933969141876927,0.0,-0.7339758434175736,0.3333333333333333,0.0,0.0,-0.294508301852664,0.0,-0.6636363636363638
2020-11-18,0.2727272727272727,-0.6350852961085883,0.3333333333333333,-0.27777777777777773,0.3333333333333333,-0.754040920726602,0.6666666666666666,-0.11927107455535572,0.3333333333333333,-0.2580672563510211,0.3333333333333333,-0.8440722199302099
2020-11-19,0.2727272727272727,-0.8207826816681233,0.3333333333333333,-0.18392019594868114,0.0,-0.8073734277593311,0.3333333333333333,-0.06363636363636364,0.3333333333333333,-0.2746060132357569,0.0,-0.9181818181818183
2020-11-20,0.2727272727272727,-0.7712182185810923,0.0,-0.32874367985561304,0.0,-0.8721461187214613,0.3333333333333333,0.06833730713673078,0.3333333333333333,0.07780340736849757,0.0,-0.9157199156321926
2020-11-23,0.2727272727272727,-0.5587408684038526,0.0,-0.38888888888888884,0.0,-0.7264540577731896,0.3333333333333333,-0.03669879217087869,0.6666666666666666,0.2691422557550239,0.3333333333333333,-0.7614999375457328
2020-11-24,0.2727272727272727,-0.6816686865334977,0.0,-0.7004905818963417,0.0,-0.6960575579871306,0.0,-0.473594504567854,0.6666666666666666,0.11086015698833133,0.3333333333333333,-0.5839466221370627
2020-11-25,0.2727272727272727,-0.6085989058527201,0.0,-0.6542941045079029,0.0,-0.5885197430061283,0.0,-0.4770842982214229,0.6666666666666666,0.2635651642049557,0.0,-0.5046083923495819
2020-11-26,0.2727272727272727,-0.6511489651948867,0.3333333333333333,-0.5600759739355309,0.0,-0.7222222222222222,0.3333333333333333,-0.2844156393243098,0.6666666666666666,0.2676321806640303,0.0,-0.6055300708194984
2020-11-27,0.2727272727272727,-0.7549532024566445,0.0,-0.2821133706562353,0.0,-0.8721461187214613,0.3333333333333333,-0.07744894808829489,0.6666666666666666,0.2059775366396706,0.0,-0.7562661989798206
2020-11-30,0.2727272727272727,-0.8495485222138317,0.0,-0.21916245323707534,0.0,-0.7990867579908677,0.0,-0.4009122018688206,0.0,-0.4452054794520548,0.0,-0.5740333799485386
2020-12-01,0.2727272727272727,-0.7753877908673996,0.0,-0.41788182594909984,0.0,-0.6574074074074073,0.0,-0.45873490213598356,0.3333333333333333,-0.2180980348359676,0.0,-0.7614999375457328
2020-12-02,0.2727272727272727,-0.8713548411865623,0.0,-0.5484827557301444,0.0,-0.8796296296296295,0.0,-0.36698792170878686,0.3333333333333333,0.12037037037037036,0.0,-0.7706746355884524
2020-12-03,0.2727272727272727,-0.6482029916143939,0.0,-0.616324155961227,0.0,-0.9259259259259258,0.0,-0.44956020409326397,0.6666666666666666,0.14085904245475275,0.0,-0.9082951062292475
2020-12-04,0.2727272727272727,-0.8548128323104768,0.3333333333333333,-0.4229912157804829,0.0,-0.8827796145091925,0.0,-0.5785892004243206,0.3333333333333333,0.206901472150592,0.0,-0.5785892004243206
2020-12-07,0.2727272727272727,-0.8548128323104768,0.0,-0.3058038288431978,0.0,-0.8184102676178971,0.3333333333333333,-0.5603659185211924,0.3333333333333333,-0.2594166117196964,0.0,-0.6742614304157437
2020-12-08,0.2727272727272727,-0.8653660771538161,0.3333333333333333,0.413802944301184,0.0,-0.7724321626955434,0.0,-0.7699336604071668,0.3333333333333333,-0.009195620984470755,0.0,-0.2779050490227052
2020-12-10,0.2727272727272727,-0.7853927946205275,0.3333333333333333,-0.08276058886023678,0.0,-0.6197797868009122,0.0,-0.5596565806059,0.3333333333333333,-0.037123069759313634,0.0,-0.532132486477741
2020-12-11,0.2727272727272727,-0.6899909536273039,0.3333333333333333,0.29764952224930263,0.0,-0.7023809523809524,0.0,-0.5024614736151742,0.3333333333333333,0.20942625837408022,0.0,-0.5071138946671666
2020-12-14,0.2727272727272727,-0.8179128813519697,0.3333333333333333,-0.010005003753127737,0.0,-0.6944444444444444,0.0,-0.587180674734059,0.3333333333333333,0.4074074074074074,0.0,-0.2844156393243098
2020-12-15,0.18181818181818182,-0.9276125895432155,0.0,0.3393717058060658,0.0,-0.774944081225672,0.0,-0.5287705633524583,0.0,0.07888652323854148,0.0,-0.2988703184166069
2020-12-16,0.18181818181818182,-0.8579976892685504,0.0,-0.11608569327673143,0.3333333333333333,-0.788156942310295,0.0,-0.2961283309258334,0.3333333333333333,-0.2121679068571687,0.3333333333333333,-0.5922566618516668
2020-12-17,0.18181818181818182,-0.8719867820283637,0.3333333333333333,0.0695536801812494,0.0,-0.6023131744828345,0.0,-0.4145796632961667,0.0,-0.27127081904188727,0.0,-0.7425987375524745
2020-12-18,0.18181818181818182,-0.5738095238095239,0.0,-0.48197897496024894,0.0,-0.3908033683673578,0.3333333333333333,-0.4745469473032202,0.0,-0.03286710990610898,0.0,-0.22331621049563305
2020-12-21,0.2727272727272727,-0.4210989483771294,0.6666666666666666,-0.12000000000000001,0.6666666666666666,-0.3105820136688727,0.6666666666666666,-0.41952353926806063,0.0,-0.1539600717839002,0.3333333333333333,-0.28603877677367767
2020-12-22,0.2727272727272727,-0.46675858627729383,0.6666666666666666,0.23709429557497327,0.6666666666666666,-0.20659326226697072,0.6666666666666666,-0.2651879999635642,0.0,-0.30519459198529764,0.6666666666666666,-0.22331621049563305
2020-12-23,0.2727272727272727,-0.36108302699095723,0.0,-0.33947592320962083,0.6666666666666666,0.14353934562717857,0.6666666666666666,-0.36288884205540367,0.3333333333333333,-0.046524210519923545,0.6666666666666666,-0.22331621049563305
2020-12-28,0.2727272727272727,-0.5540455669886941,0.0,0.3521476061368819,0.6666666666666666,0.04629629629629629,0.6666666666666666,0.09174698042719671,0.0,-0.4239676354338205,0.6666666666666666,-0.3027650354097492
2020-12-29,0.2727272727272727,-0.6343350474165466,0.3333333333333333,0.13662601021279464,0.6666666666666666,-0.19250735802149546,0.3333333333333333,-0.06048147367590061,0.0,-0.4745469473032202,0.6666666666666666,-0.6094671578109985
2020-12-30,0.2727272727272727,-0.7358404631539447,0.3333333333333333,0.21979650198104844,0.6666666666666666,-0.3721461187214612,0.6666666666666666,-0.1640095371281539,0.3333333333333333,-0.3826889199656924,0.6666666666666666,-0.5375868161422822
2021-01-04,0.2727272727272727,-0.3547619047619048,0.3333333333333333,-0.08624886920341299,0.3333333333333333,-0.19118426771744873,0.6666666666666666,0.2977549473275107,0.6666666666666666,-0.3814985262633731,0.6666666666666666,-0.16748715787172477
2021-01-05,0.2727272727272727,-0.5399999999999999,0.3333333333333333,0.4527692569068708,0.6666666666666666,-0.11547005383792515,0.3333333333333333,0.27650415088122177,0.3333333333333333,-0.30102564401752285,0.6666666666666666,-0.20022714374157438
2021-01-06,0.2727272727272727,-0.6037420844238909,0.3333333333333333,0.11957130632930837,0.6666666666666666,-0.020010007506255475,0.3333333333333333,0.29245214228699973,0.3333333333333333,-0.1982726388386439,0.6666666666666666,-0.1586181110709151
2021-01-07,0.2727272727272727,-0.300049567007389,0.6666666666666666,0.6758378183830472,0.6666666666666666,-0.1600800600500438,0.3333333333333333,0.44611343738694875,0.6666666666666666,0.12887721524511853,0.6666666666666666,-0.08922268747738976
2021-01-08,0.2727272727272727,-0.5047619047619047,0.3333333333333333,0.6526468967070211,0.6666666666666666,-0.48495521567352845,0.3333333333333333,0.576900210447052,0.3333333333333333,0.21401136839164833,0.6666666666666666,-0.4652421051992354
2021-01-11,0.2727272727272727,-0.46843203501529596,0.0,0.21,0.6666666666666666,-0.019112739302699865,0.3333333333333333,0.495800546407708,0.3333333333333333,0.0,0.6666666666666666,-0.30510802855858954
2021-01-12,0.2727272727272727,-0.44047619047619047,0.0,-0.5142857142857143,0.3333333333333333,-0.07227697925903548,0.3333333333333333,-0.18144442102770184,0.0,-0.3908033683673578,0.6666666666666666,0.1954016841836789
2021-01-13,0.2727272727272727,-0.45379353392106797,0.3333333333333333,-0.5269860393922079,0.6666666666666666,-0.1539600717839002,0.3333333333333333,-0.42905816516051654,0.0,-0.2675783502377981,0.6666666666666666,0.019069251784911846
2021-01-14,0.2727272727272727,-0.4450955491205118,0.0,-0.5459564115674083,0.3333333333333333,-0.0930790240405232,0.0,-0.5969328593949988,0.3333333333333333,-0.13990613892070283,0.3333333333333333,0.11658844910058569
2021-01-15,0.2727272727272727,-0.7216878364870322,0.3333333333333333,-0.5099927377841694,0.6666666666666666,-0.5092592592592592,0.3333333333333333,0.018349396085439344,0.6666666666666666,-0.16552117772047356,0.6666666666666666,-0.3853373177942262
2021-01-18,0.2727272727272727,-0.5155145946859746,0.3333333333333333,-0.2790404591875126,0.6666666666666666,-0.11530209730707788,0.3333333333333333,-0.21866378944364068,0.6666666666666666,0.09559213385872437,0.6666666666666666,-0.13026778945578593
2021-01-19,0.2727272727272727,-0.23476507075792127,0.0,-0.2927700218845599,0.6666666666666666,0.06528243287912883,0.3333333333333333,0.21401136839164833,1.0,0.12590183483831988,0.6666666666666666,-0.004652421051992354
2021-01-20,0.2727272727272727,-0.40987803063838396,0.6666666666666666,-0.2027513455149142,0.3333333333333333,-0.11467643581619918,0.0,-0.21929639552648625,0.6666666666666666,-0.21501831715537345,0.6666666666666666,-0.30510802855858954
2021-01-21,0.2727272727272727,-0.6759259259259258,0.3333333333333333,-0.12058314170275679,0.3333333333333333,-0.27702278349434706,0.3333333333333333,-0.1743192628116738,0.0,-0.5688312786486196,0.6666666666666666,-0.5046083923495819
2021-01-22,0.2727272727272727,-0.7563225565351132,0.3333333333333333,0.5859229026420896,0.0,-0.39523952954415587,0.0,-0.08374357893586239,0.0,-0.44867651597728525,0.0,-0.44197999993927367
2021-01-25,0.2727272727272727,-0.8310683504830412,0.3333333333333333,0.5352643613280605,0.3333333333333333,-0.36153820896719874,0.3333333333333333,-0.2018433569398328,0.3333333333333333,-0.7678343522033079,0.3333333333333333,-0.14679516868351475
2021-01-26,0.2727272727272727,-0.8473966492033593,0.0,0.49999999999999994,0.3333333333333333,-0.13662601021279466,0.3333333333333333,-0.17162326606420664,0.3333333333333333,-0.5196152422706631,0.3333333333333333,0.09534625892455922
2021-01-27,0.2727272727272727,-0.8980029322943586,0.0,0.5869126768948032,0.3333333333333333,-0.2770227834943471,0.3333333333333333,-0.2326210525996177,0.3333333333333333,-0.6808187051979716,0.3333333333333333,-0.06978631577988531
2021-01-28,0.2727272727272727,-0.5527671909227361,0.0,0.31458519481561453,0.3333333333333333,-0.02142857142857143,0.3333333333333333,-0.06048147367590061,0.3333333333333333,-0.40002768453475995,0.3333333333333333,-0.11631052629980886
2021-01-29,0.2727272727272727,-0.4198533605089995,0.0,-0.11521226675926671,0.3333333333333333,-0.04147641603333601,0.3333333333333333,-0.24829226453071956,0.0,-0.6264518021884176,0.0,-0.3816344065935134
2021-02-01,0.2727272727272727,-0.5562630415806639,0.0,0.07042952122737638,0.3333333333333333,-0.13571428571428573,0.3333333333333333,-0.21866378944364068,0.0,-0.6244750882160706,0.3333333333333333,-0.3814985262633731
2021-02-02,0.2727272727272727,-0.40550269102982833,0.0,-0.08117540630909457,0.0,-0.08318003918560582,0.3333333333333333,0.024784079854830488,0.0,-0.5663656814758878,0.3333333333333333,-0.45602706932888104
2021-02-03,0.18181818181818182,-0.4756330811870657,0.0,-0.1718381982286582,0.3333333333333333,-0.15256757644443508,0.3333333333333333,0.16788736670484342,0.3333333333333333,-0.16827023462899218,0.0,-0.4756808723303897
2021-02-04,0.18181818181818182,-0.4781910357447812,0.0,-0.0964772650936774,0.0,-0.3247016252363783,0.3333333333333333,0.21401136839164833,0.3333333333333333,0.08393455655887991,0.0,-0.37219368415938836
2021-02-05,0.18181818181818182,-0.6833178154754347,0.0,0.14832535885167464,0.0,-0.3723160961620928,0.3333333333333333,0.1492332148487497,0.3333333333333333,0.15928597095612446,0.0,-0.3171205815535931
2021-02-08,0.18181818181818182,-0.8002380598177973,0.3333333333333333,0.7119047619047619,0.3333333333333333,-0.00975900072948533,0.3333333333333333,-0.10235326314383181,0.3333333333333333,0.10235326314383181,0.0,-0.19074926313168655
2021-02-09,0.2727272727272727,-0.6538530488755171,0.6666666666666666,0.48795003647426655,0.6666666666666666,-0.11190476190476191,0.3333333333333333,-0.20005410523567124,0.3333333333333333,0.18609684207969418,0.3333333333333333,-0.20935894733965596
2021-02-10,0.2727272727272727,-0.38060102844992794,1.0,0.5119047619047619,0.6666666666666666,-0.06343350474165466,0.3333333333333333,-0.05582905262390826,0.3333333333333333,0.08374357893586239,0.6666666666666666,-0.09304842103984709
2021-02-11,0.2727272727272727,-0.5074680379332372,0.6666666666666666,0.13662601021279464,0.6666666666666666,0.026253058062711672,0.3333333333333333,0.023262105259961773,0.0,-0.288450105223526,0.3333333333333333,-0.7350825262147921
2021-02-15,0.2727272727272727,-0.6118477026186471,0.0,-0.0939060283031685,0.3333333333333333,-0.2037037037037037,0.3333333333333333,-0.1651445647689541,0.0,-0.2962962962962963,0.3333333333333333,-0.02752409412815902
2021-02-16,0.2727272727272727,-0.5074680379332372,0.3333333333333333,0.12937330380511947,0.3333333333333333,-0.38095238095238093,0.3333333333333333,-0.30240736837950305,0.0,-0.4429879373940885,0.3333333333333333,-0.2837976841715336
2021-02-17,0.2727272727272727,-0.7507479781099815,0.6666666666666666,0.06994546379906659,0.0,-0.6341722051115373,0.3333333333333333,-0.3416865356836539,0.0,-0.5342465753424658,0.3333333333333333,-0.3052399718773975
2021-02-18,0.2727272727272727,-0.5388602512436507,0.3333333333333333,0.09004503377814962,0.3333333333333333,0.057735026918962574,0.3333333333333333,-0.15596986672623442,0.0,-0.7064517492894147,0.3333333333333333,-0.42203610996510493
2021-02-19,0.2727272727272727,-0.7931786810620443,0.0,0.10512006616484924,0.6666666666666666,-0.01839124196894151,0.3333333333333333,-0.18678863950706415,0.0,-0.3926940639269406,0.6666666666666666,-0.16856535760393593
2021-02-22,0.2727272727272727,-0.699454637990666,0.3333333333333333,0.17723648501553052,0.3333333333333333,0.10258668023863102,0.0,-0.4783611499571155,0.0,-0.17579908675799086,0.3333333333333333,-0.14123043474924363
2021-02-23,0.2727272727272727,-0.5283547907528984,0.3333333333333333,0.5475652789498762,0.3333333333333333,-0.04176345347922784,0.0,-0.4184184457832496,0.0,-0.22990024493585143,0.0,-0.3954284212896645
2021-02-24,0.2727272727272727,-0.635850784457874,0.0,-0.5295878257804496,0.3333333333333333,-0.14184363653291038,0.6666666666666666,0.0046635379640234285,0.0,-0.35290007540246976,0.3333333333333333,-0.44303610658222564
2021-02-25,0.2727272727272727,-0.8122877811135183,0.0,-0.6242582021520559,0.3333333333333333,-0.37179043621465924,0.3333333333333333,0.16552817635381306,0.0,-0.6359717125111524,0.3333333333333333,-0.27128228902430473
2021-02-26,0.18181818181818182,-0.8104053040033465,0.0,0.14433756729740643,0.3333333333333333,-0.474225442931001,0.0,0.0642228862990377,0.0,-0.19310804067388584,0.3333333333333333,-0.11927107455535572
2021-03-01,0.18181818181818182,-0.7387271390337453,0.6666666666666666,-0.05733821790809959,0.3333333333333333,-0.6083207684889282,0.0,-0.3006841514016155,0.0,-0.4328029451992949,0.3333333333333333,-0.21412356236175648
2021-03-02,0.2727272727272727,-0.664854425130371,0.3333333333333333,-0.3278959208544614,0.3333333333333333,-0.6761394833909772,0.0,-0.25968176711957697,0.0,-0.3963563813930385,0.3333333333333333,-0.6697056099399616
2021-03-03,0.2727272727272727,-0.6331946906003532,0.3333333333333333,-0.3926305474676485,0.3333333333333333,-0.5862381615276734,0.0,-0.31890743330474364,0.0,-0.25512594664379495,0.3333333333333333,-0.861050069922808
2021-03-04,0.18181818181818182,-0.46843203501529596,0.0,-0.48333333333333334,0.0,-0.6658730181360506,0.0,-0.3954557894193501,0.0,-0.3489315788994266,0.0,-0.8234785262026467
2021-03-05,0.18181818181818182,-0.6782505506992306,0.0,-0.2629368792488718,0.0,-0.7047619047619047,0.0,-0.6885583156948685,0.0,-0.5432431021727506,0.0,-0.8188261051506545
2021-03-08,0.2727272727272727,-0.4852426820266953,0.3333333333333333,-0.34745230472172345,0.3333333333333333,-0.37181514236056246,0.6666666666666666,-0.31193973345246884,0.3333333333333333,-0.3862160813477717,0.3333333333333333,-0.44956020409326397
2021-03-09,0.2727272727272727,-0.49389102740544183,0.3333333333333333,-0.5788635905620645,0.3333333333333333,-0.4306180368815357,0.3333333333333333,-0.3816344065935134,0.3333333333333333,-0.3940259523166922,0.3333333333333333,-0.4414084702768349
2021-03-10,0.2727272727272727,-0.3665727507763807,0.3333333333333333,-0.4941846828842919,0.3333333333333333,-0.34275700330656506,0.6666666666666666,-0.21101805498255247,0.3333333333333333,-0.19770585116612122,0.3333333333333333,-0.3394638275806278
2021-03-12,0.2727272727272727,-0.43301270189221924,0.0,-0.8179128813519697,0.3333333333333333,-0.6244750882160706,0.6666666666666666,-0.13762047064079508,0.3333333333333333,-0.42203610996510493,0.3333333333333333,-0.532132486477741
2021-03-15,0.2727272727272727,-0.33416297604556877,0.3333333333333333,-0.49943509189961494,0.3333333333333333,-0.16433554953054486,0.3333333333333333,-0.23854214911071145,0.3333333333333333,-0.01839124196894151,0.3333333333333333,-0.3211144314951885
2021-03-16,0.2727272727272727,-0.2817180849095055,0.6666666666666666,-0.04002001501251095,0.3333333333333333,-0.4629629629629629,0.3333333333333333,-0.39451201583694584,0.0,0.09174698042719671,0.3333333333333333,-0.2660662432388705
2021-03-17,0.2727272727272727,-0.4666666666666667,0.6666666666666666,0.13571428571428573,0.3333333333333333,-0.5523809523809524,0.3333333333333333,-0.3582364210034113,0.3333333333333333,0.1608745667378532,0.3333333333333333,-0.353583999951419
2021-03-18,0.2727272727272727,-0.5714346390629754,0.3333333333333333,0.647309348571396,0.6666666666666666,-0.4851271282976908,0.3333333333333333,-0.35616809668223404,0.6666666666666666,0.2837536033439323,0.6666666666666666,-0.46119202262699543
2021-03-19,0.18181818181818182,-0.253546276418555,0.3333333333333333,0.5382845115100477,0.3333333333333333,0.037037037037037035,0.3333333333333333,-0.3302891295379082,0.0,0.2758686295341226,0.3333333333333333,-0.2568915451961508
2021-03-22,0.18181818181818182,0.037037037037037035,0.0,0.07698003589195009,0.3333333333333333,0.02758686295341227,0.3333333333333333,-0.1284457725980754,0.3333333333333333,0.3027650354097492,0.3333333333333333,0.0642228862990377
2021-03-23,0.18181818181818182,-0.6729265849104531,0.0,-0.3098898934004561,0.3333333333333333,-0.3126511134720057,0.3333333333333333,-0.44956020409326397,0.3333333333333333,-0.21149928264282739,0.3333333333333333,-0.6330541649476574
2021-03-24,0.18181818181818182,-0.49761915822210967,0.3333333333333333,-0.5728267726493279,0.3333333333333333,-0.3317876677611833,0.0,-0.2977549473275107,0.3333333333333333,-0.39402611273474186,0.3333333333333333,-0.33497431574344955
2021-03-25,0.18181818181818182,-0.5568460463897045,0.3333333333333333,0.1011518308291783,0.3333333333333333,-0.4424129542011756,0.0,-0.1651445647689541,0.3333333333333333,-0.03669879217087869,0.3333333333333333,-0.08257228238447704
2021-03-26,0.18181818181818182,-0.31336738271195425,0.3333333333333333,0.2065932622669707,0.3333333333333333,-0.19489611623639658,0.0,-0.2844156393243098,0.3333333333333333,0.3211144314951885,0.3333333333333333,0.0
2021-03-29,0.2727272727272727,0.17972541067303258,0.6666666666666666,0.39440531887330776,0.6666666666666666,0.3333333333333333,0.3333333333333333,-0.15596986672623442,0.6666666666666666,0.41286141192238524,0.6666666666666666,0.3853373177942262
2021-03-30,0.2727272727272727,-0.037037037037037035,0.6666666666666666,0.33336640047624816,0.6666666666666666,0.10574964132141369,0.3333333333333333,-0.2018433569398328,0.3333333333333333,0.3027650354097492,0.3333333333333333,0.0642228862990377
2021-03-31,0.2727272727272727,-0.21296296296296297,0.3333333333333333,0.42008402520840293,0.6666666666666666,-0.08276058886023678,0.3333333333333333,0.03669879217087869,0.3333333333333333,0.07356496787576604,0.3333333333333333,-0.24771684715343112
2021-04-01,0.18181818181818182,-0.34943359740988866,0.6666666666666666,0.476939521242853,0.6666666666666666,0.004566210045662101,0.3333333333333333,0.14578625522502567,0.3333333333333333,0.07534246575342467,0.3333333333333333,-0.3234632537805257
2021-04-05,0.09090909090909091,-0.6020512880350457,0.0,-0.07948992020714216,0.0,-0.47562915383365295,0.3333333333333333,0.02277910237891026,0.3333333333333333,0.0755150718576594,0.0,-0.523919354714936
2021-04-06,0.18181818181818182,-0.606217782649107,0.3333333333333333,0.028867513459481287,0.0,-0.5493502655735357,0.3333333333333333,-0.009174698042719672,0.3333333333333333,0.20276712999008803,0.0,-0.44956020409326397
2021-04-07,0.18181818181818182,-0.6498331362917954,0.3333333333333333,0.055956371039253286,0.0,-0.5609328800527161,0.3333333333333333,0.04555820475782052,0.3333333333333333,0.01822328190312821,0.0,-0.610479943754795
2021-04-08,0.2727272727272727,-0.5152576932860785,0.3333333333333333,0.18810970105630062,0.3333333333333333,-0.4965210580308199,0.6666666666666666,-0.018349396085439344,0.0,-0.170118988212709,0.0,-0.7064517492894147
2021-04-09,0.18181818181818182,-0.535267700792334,0.3333333333333333,0.17508756567973538,0.3333333333333333,-0.38888888888888884,0.3333333333333333,-0.02752409412815902,0.3333333333333333,-0.2660662432388705,0.0,-0.31193973345246884
2021-04-12,0.2727272727272727,-0.27297297297297307,0.3333333333333333,0.3743101763352262,0.0,-0.2701351013344489,0.3333333333333333,-0.21314308675154217,0.3333333333333333,-0.1912726204984358,0.0,-0.1734885589838134
2021-04-13,0.2727272727272727,-0.3702702702702704,0.3333333333333333,0.1420569610409155,0.0,-0.3851926444954179,0.3333333333333333,-0.27758169437410146,0.3333333333333333,0.059617440155356624,0.0,-0.12887721524511853
2021-04-14,0.2727272727272727,-0.6823807592858263,0.3333333333333333,0.06904761904761905,0.0,-0.5352643613280604,0.3333333333333333,-0.5862050525510367,0.6666666666666666,-0.10700568419582417,0.0,-0.29310252627551836
2021-04-15,0.2727272727272727,-0.350667192184836,0.3333333333333333,0.3521476061368819,0.0,-0.17842145377602017,0.3333333333333333,-0.587180674734059,0.6666666666666666,0.1009216784699164,0.3333333333333333,-0.11009637651263608
2021-04-16,0.2727272727272727,-0.6758378183830472,0.3333333333333333,-0.1214746786823312,0.3333333333333333,-0.009578262852211514,0.3333333333333333,-0.743700819611562,0.6666666666666666,-0.02394565713052878,0.3333333333333333,-0.30510802855858954
2021-04-19,0.2727272727272727,-0.6874542221801446,0.0,-0.3071428571428571,0.3333333333333333,-0.3380617018914066,0.0,-0.5955098946550214,0.3333333333333333,-0.14722198180504673,0.6666666666666666,-0.05582905262390826
2021-04-20,0.2727272727272727,-0.5852927195579727,0.0,-0.15024964528506962,0.3333333333333333,-0.3981481481481481,0.0,-0.6605782590758164,0.6666666666666666,0.21149928264282739,0.6666666666666666,-0.03669879217087869
2021-04-21,0.2727272727272727,-0.44139127180570176,0.3333333333333333,-0.3942603867851698,0.3333333333333333,-0.014085904245475277,0.3333333333333333,-0.44197999993927367,0.3333333333333333,0.2512307368075871,0.3333333333333333,0.144225052611763
2021-04-22,0.18181818181818182,-0.08624886920341299,0.6666666666666666,0.26382007050455736,0.3333333333333333,0.01904761904761905,0.3333333333333333,-0.15818231576774006,0.3333333333333333,0.37649664426800933,0.3333333333333333,0.40941305257532723
2021-04-23,0.18181818181818182,-0.2963288895987207,0.0,-0.024112141108520606,0.3333333333333333,-0.14433756729740643,0.3333333333333333,-0.495800546407708,0.3333333333333333,0.0,0.3333333333333333,-0.03813850356982369
2021-04-27,0.2727272727272727,-0.6138890102125277,0.0,-0.4907399393501557,0.3333333333333333,-0.4554442372703673,0.3333333333333333,-0.497809052563182,0.0,-0.21401136839164833,0.0,-0.5071138946671666
2021-04-28,0.2727272727272727,-0.6928890517934586,0.0,-0.34745230472172345,0.0,-0.7465529250101895,0.3333333333333333,-0.20470652628766361,0.3333333333333333,-0.28743339304794835,0.0,-0.6839058946428761
2021-04-29,0.2727272727272727,-0.26566499477205535,0.0,-0.8880690663831652,0.0,-0.5292377467571568,0.3333333333333333,0.14301938838683884,0.0,-0.5399348853012711,0.0,-0.5625429276548994
2021-04-30,0.2727272727272727,-0.4680252333449758,0.0,-0.7023809523809524,0.0,-0.7460849471900437,0.3333333333333333,-0.19074926313168655,0.0,-0.5561719312635097,0.0,-0.6373816841229526
2021-05-03,0.2727272727272727,-0.5530074554807067,0.0,-0.6880095514287159,0.0,-0.596867957752035,0.6666666666666666,0.30240736837950305,0.0,-0.4896182465934662,0.0,-0.6187719999149832
2021-05-04,0.2727272727272727,-0.5146764924609359,0.3333333333333333,-0.49999999999999994,0.3333333333333333,-0.44263520637871306,0.0,-0.08581163303210332,0.0,-0.41952353926806063,0.3333333333333333,-0.3813850356982369
2021-05-05,0.2727272727272727,-0.7590178575686531,0.3333333333333333,-0.5599999999999999,0.3333333333333333,-0.6785022452458451,0.3333333333333333,-0.7150969419341943,0.0,-0.16761959991370148,0.3333333333333333,-0.7246315678266503
2021-05-06,0.2727272727272727,-0.5365293104962634,0.0,-0.20525118121756394,0.6666666666666666,-0.39064122551805935,0.0,-0.20519567041703085,0.0,-0.2541521226262073,0.3333333333333333,-0.5316433278986707
2021-05-07,0.2727272727272727,-0.6701690721806624,0.0,0.18781205660633699,0.3333333333333333,-0.6479515952918627,0.0,-0.3954557894193501,0.0,-0.6295091741915994,0.3333333333333333,-0.6559913683309221
2021-05-10,0.18181818181818182,-0.8440819919192976,0.0,-0.1690308509457033,0.0,-0.6703352514595584,0.0,-0.49543369430686224,0.0,-0.5379438275915391,0.0,-0.6238794669049377
2021-05-11,0.2727272727272727,-0.8751723492699258,0.0,-0.18781205660633699,0.3333333333333333,-0.6773072963915079,0.0,-0.5675953683430672,0.0,-0.432675157835289,0.3333333333333333,-0.4652421051992354
2021-05-17,0.2727272727272727,-0.7499999999999999,0.3333333333333333,-0.03501751313594708,0.0,-0.5728267726493279,0.0,-0.3486385256233476,0.0,-0.7431505414602932,0.0,-0.42203610996510493
2021-05-18,0.2727272727272727,-0.8000190256489558,0.0,-0.17471679870494433,0.0,-0.7908234046644849,0.3333333333333333,-0.26423758759535904,0.0,-0.7785388127853882,0.0,-0.3781330994899103
2021-05-19,0.18181818181818182,-0.9419322458274303,0.0,-0.009556369651349931,0.0,-0.410923895008047,0.0,0.2004561009344103,0.0,-0.9474885844748858,0.0,-0.15489789617658978
2021-05-20,0.09090909090909091,-0.9300690279112475,0.0,0.08141523424379787,0.0,-0.17292740719957866,0.0,0.03653006119817785,0.0,-0.7637614678899084,0.0,0.12785521419362247
2021-05-21,0.18181818181818182,-0.8579976892685504,0.0,0.08393455655887992,0.0,-0.6161066059595406,0.3333333333333333,0.25057012616801283,0.0,-0.6469265075610514,0.0,-0.17767699855550004
2021-05-24,0.09090909090909091,-0.9237604307034012,0.0,0.15939417826583455,0.0,-0.45544423727036726,0.0,-0.49543369430686224,0.0,-0.8781818040169571,0.0,0.23854214911071145
2021-05-25,0.2727272727272727,-0.8636715645594517,0.6666666666666666,0.44403453319158254,0.6666666666666666,-0.6023809523809524,0.6666666666666666,-0.21401136839164833,0.3333333333333333,-0.8669738928519417,0.3333333333333333,0.26053557891157186
2021-05-27,0.18181818181818182,-0.8609471292247924,0.3333333333333333,0.6148170459575759,0.3333333333333333,-0.44403453319158254,0.3333333333333333,0.023262105259961773,0.0,-0.6947916070707282,0.3333333333333333,0.26984042101555655
2021-05-28,0.2727272727272727,-0.22121102881467616,0.3333333333333333,0.5509410148710983,0.6666666666666666,-0.11722488038277513,0.6666666666666666,0.15389675281277312,0.3333333333333333,-0.25240535194348834,0.3333333333333333,-0.30779350562554625
2021-05-31,0.2727272727272727,-0.6734716791106383,0.6666666666666666,0.6590800429898364,0.3333333333333333,-0.44891403355632525,0.3333333333333333,-0.10488088481701516,0.3333333333333333,-0.27235653506347307,0.3333333333333333,-0.3241772803435014
2021-06-02,0.2727272727272727,-0.2034892318891199,0.6666666666666666,-0.06666666666666667,0.3333333333333333,0.0619047619047619,0.6666666666666666,0.2512307368075871,0.3333333333333333,-0.31242307163583083,0.0,0.12096294735180121
2021-06-03,0.2727272727272727,-0.51607317479126,0.6666666666666666,0.30672639449692146,0.3333333333333333,-0.71,0.3333333333333333,-0.15255401427929477,0.6666666666666666,-0.281912904714823,0.3333333333333333,-0.42905816516051654
2021-06-04,0.18181818181818182,-0.8828295892956408,0.3333333333333333,-0.0800400300250219,0.3333333333333333,-0.5728267726493279,0.3333333333333333,0.1284457725980754,0.3333333333333333,-0.44956020409326397,0.3333333333333333,-0.2844156393243098
2021-06-07,0.2727272727272727,-0.8694454293922509,0.0,-0.11951126821480748,0.3333333333333333,-0.6610997348519213,0.3333333333333333,-0.20985920838105426,0.3333333333333333,-0.6482317769992564,0.3333333333333333,-0.7181848464596079
2021-06-08,0.2727272727272727,-0.8394760055333954,0.3333333333333333,-0.14433756729740643,0.3333333333333333,-0.38490017945975047,0.3333333333333333,-0.0642228862990377,0.3333333333333333,-0.2018433569398328,0.6666666666666666,-0.4036867138796656
2021-06-09,0.2727272727272727,-0.8061501403463797,0.0,-0.030000000000000002,0.6666666666666666,-0.3,0.3333333333333333,0.30510802855858954,0.3333333333333333,-0.28603877677367767,0.6666666666666666,-0.4767312946227961
2021-06-10,0.2727272727272727,-0.8371578903249574,0.0,-0.28014010508757664,0.3333333333333333,-0.14590214447060046,0.3333333333333333,0.6972770512466951,0.3333333333333333,0.17471679870494436,0.3333333333333333,-0.7431505414602932
2021-06-11,0.2727272727272727,-0.8854428321518046,0.0,-0.26013009758132116,0.3333333333333333,-0.45074893585520887,0.3333333333333333,0.6330541649476574,0.0,0.18391241968941507,0.3333333333333333,-0.7614999375457328
2021-06-14,0.2727272727272727,-0.6519399819199159,0.6666666666666666,0.31242307163583083,0.3333333333333333,-0.9155837759558928,0.3333333333333333,0.3768461052113807,0.0,-0.023262105259961773,0.3333333333333333,-0.642034105174945
2021-06-15,0.2727272727272727,-0.6350852961085883,0.3333333333333333,-0.05104422091905625,0.3333333333333333,-0.6150844853857538,0.3333333333333333,0.2018433569398328,0.3333333333333333,-0.3172489239642411,0.3333333333333333,-0.8807710121010887
2021-06-16,0.2727272727272727,-0.5562630415806639,0.3333333333333333,0.028171808490950554,0.3333333333333333,-0.5399596627432188,0.3333333333333333,0.09304842103984709,0.3333333333333333,-0.26984042101555655,0.3333333333333333,-0.7955639998906927
2021-06-17,0.2727272727272727,-0.6747705649443487,0.3333333333333333,0.10476190476190476,0.3333333333333333,-0.49894430843334175,0.3333333333333333,0.004652421051992354,0.3333333333333333,-0.15388002035794654,0.3333333333333333,-0.7909115788387002
2021-06-18,0.2727272727272727,-0.7153582680988959,0.3333333333333333,0.37289952273240323,0.3333333333333333,-0.4429879373940885,0.6666666666666666,-0.08374357893586239,0.6666666666666666,-0.15818231576774006,0.3333333333333333,-0.8095212630466697
2021-06-21,0.18181818181818182,-0.4008035686511544,0.3333333333333333,0.22142857142857145,0.3333333333333333,-0.544487646993268,0.3333333333333333,-0.07443873683187767,0.3333333333333333,0.4056836900345863,0.3333333333333333,-0.8188261051506545
2021-06-22,0.2727272727272727,0.15567596513255041,0.6666666666666666,0.2025419853115731,0.0,-0.38250472564076554,0.3333333333333333,0.36784039189736234,0.6666666666666666,0.41476416033336017,0.0,-0.5103785437575903
2021-06-23,0.2727272727272727,-0.15007505629691603,0.6666666666666666,0.27513760321101277,0.3333333333333333,-0.5833333333333334,0.6666666666666666,0.27524094128159016,0.3333333333333333,0.6115087954673052,0.3333333333333333,-0.6605782590758164
2021-06-24,0.2727272727272727,-0.40520265200167327,0.0,0.05517684933097755,0.6666666666666666,-0.29110868773982235,0.0,0.42203610996510493,0.3333333333333333,0.4873679121769501,0.3333333333333333,-0.22019275302527216
2021-06-25,0.2727272727272727,-0.29093247829060886,0.3333333333333333,0.25581993780725953,0.3333333333333333,-0.5540455669886941,0.3333333333333333,0.3394638275806278,0.6666666666666666,0.4036867138796656,0.3333333333333333,-0.39451201583694584
2021-06-28,0.18181818181818182,-0.5112666951214138,0.0,-0.11495600873171945,0.3333333333333333,-0.520287877970104,0.6666666666666666,0.6699486314868991,0.3333333333333333,0.2961024634160486,0.3333333333333333,0.09304842103984709
2021-06-29,0.2727272727272727,-0.3931933743096768,0.3333333333333333,-0.2200982131758989,0.0,-0.8197560612767678,0.6666666666666666,0.37219368415938836,0.6666666666666666,0.6015309886719727,0.3333333333333333,-0.40941305257532723
2021-06-30,0.2727272727272727,-0.7319250547113999,0.3333333333333333,0.0589648881363545,0.0,-0.8976190476190476,0.3333333333333333,-0.06978631577988531,0.3333333333333333,-0.041967278279439954,0.3333333333333333,-0.5071138946671666
2021-07-01,0.2727272727272727,-0.5252626970392061,0.3333333333333333,-0.23665956971562443,0.0,-0.7794228634059946,0.3333333333333333,0.3211144314951885,0.0,0.3027650354097492,0.3333333333333333,-0.532132486477741
2021-07-02,0.2727272727272727,-0.5478099066098607,0.0,-0.34828253841369144,0.0,-0.8471737420873576,0.3333333333333333,-0.37308303712187424,0.0,-0.3777465750858976,0.3333333333333333,-0.33111119544566336
2021-07-05,0.2727272727272727,-0.6282730034576578,0.0,-0.8541767616830463,0.0,-0.4486886287081631,0.6666666666666666,-0.06513389472789297,0.6666666666666666,-0.05582905262390826,0.3333333333333333,0.0
2021-07-06,0.18181818181818182,-0.59,0.3333333333333333,0.004822428221704121,0.3333333333333333,-0.4715027198381943,0.3333333333333333,-0.7150969419341943,0.0,-0.23836564731139806,0.0,-0.6960276901492825
2021-07-07,0.18181818181818182,-0.11957130632930837,0.3333333333333333,0.06775092629699654,0.3333333333333333,-0.3379189091915236,0.3333333333333333,-0.4857679651546776,0.0,-0.35689074990955905,0.0,-0.44611343738694875
2021-07-08,0.18181818181818182,-0.5590746147787489,0.6666666666666666,0.5164545768808173,0.3333333333333333,-0.7563825463460153,0.3333333333333333,-0.6207306613267989,0.0,-0.4276144555806837,0.3333333333333333,-0.6667107103139691
2021-07-09,0.18181818181818182,-0.620203994427032,0.3333333333333333,0.531401493687744,0.3333333333333333,-0.4582159384704758,0.3333333333333333,-0.368004260407936,0.0,-0.5293143674112466,0.3333333333333333,-0.4922654392469793
2021-07-12,0.18181818181818182,-0.38,0.3333333333333333,0.015596257347301093,0.3333333333333333,-0.46843203501529596,0.3333333333333333,-0.5911468053322673,0.3333333333333333,-0.46719666873034027,0.3333333333333333,-0.371850409805781
2021-07-13,0.18181818181818182,-0.6519399819199159,0.0,-0.36528932839092554,0.3333333333333333,-0.6526468967070211,0.3333333333333333,-0.3582364210034113,0.3333333333333333,-0.6466865262269372,0.3333333333333333,-0.4745469473032202
2021-07-14,0.2727272727272727,-0.3294146350827247,0.3333333333333333,-0.5869126768948031,0.6666666666666666,-0.4366630316097336,0.3333333333333333,-0.14679516868351475,0.0,-0.018349396085439344,0.3333333333333333,-0.3211144314951885
2021-07-15,0.2727272727272727,-0.4957426180203987,0.3333333333333333,-0.1317738254938033,0.6666666666666666,-0.3261904761904762,0.3333333333333333,0.004652421051992354,0.0,-0.4056836900345863,0.3333333333333333,-0.36288884205540367
2021-07-16,0.2727272727272727,-0.49943509189961494,0.3333333333333333,-0.4137676929192317,0.6666666666666666,-0.09860132971832694,0.6666666666666666,0.02752409412815902,0.3333333333333333,-0.21659216158032132,0.6666666666666666,-0.03669879217087869
2021-07-19,0.18181818181818182,-0.6803402552126862,0.3333333333333333,0.26943012562182533,0.0,-0.48361604576131784,0.0,-0.587180674734059,0.0,-0.5931175534983637,0.0,-0.44956020409326397
2021-07-21,0.2727272727272727,-0.8204103077564745,0.6666666666666666,0.5493502655735357,0.0,-0.7795844649455863,0.3333333333333333,-0.3211144314951885,0.3333333333333333,-0.44956020409326397,0.0,-0.3578132236660672
2021-07-22,0.2727272727272727,-0.6928203230275508,0.3333333333333333,0.22131760318935656,0.3333333333333333,-0.638888888888889,0.0,-0.2568915451961508,0.3333333333333333,-0.17972541067303258,0.3333333333333333,-0.02752409412815902
2021-07-23,0.2727272727272727,-0.6896072357036894,0.3333333333333333,0.43401853995337086,0.3333333333333333,-0.4176345347922784,0.0,0.03678403918973623,0.3333333333333333,-0.17799034145100803,0.3333333333333333,0.04598004898717029
2021-07-26,0.18181818181818182,-0.8273286535925449,0.3333333333333333,0.11191274207850657,0.0,-0.7172584367887189,0.0,-0.04555820475782052,0.3333333333333333,0.0502283105022831,0.0,-0.4054680223446026
2021-07-27,0.2727272727272727,-0.6918585560380087,0.3333333333333333,0.021252557102111273,0.0,-0.718381116519239,0.0,0.009174698042719672,0.0,-0.24942329796316196,0.0,-0.1926686588971131
2021-07-28,0.2727272727272727,-0.8766498129483014,0.3333333333333333,-0.13378917511889904,0.3333333333333333,-0.8183619264490792,0.3333333333333333,0.20501192141019234,0.3333333333333333,-0.4063926940639269,0.0,0.1640095371281539
2021-07-29,0.2727272727272727,-0.871387958759975,0.6666666666666666,0.37097288008490925,0.0,-0.2664016813615131,0.6666666666666666,-0.1004576682949891,0.0,-0.4151376146788991,0.3333333333333333,0.2876742319356506
2021-07-30,0.18181818181818182,-0.7571416207116687,0.3333333333333333,0.5801119534213682,0.0,-0.7742017690530634,0.3333333333333333,-0.23287914013838382,0.0,-0.2981651376146789,0.0,0.14155398714293918
2021-08-02,0.2727272727272727,-0.7765243288027693,0.3333333333333333,-0.23147655464179784,0.6666666666666666,-0.08491416279957292,0.6666666666666666,-0.19771421064483224,0.3333333333333333,-0.041382044088453265,0.0,0.22530224003713445
2021-08-03,0.2727272727272727,-0.6479515952918626,0.0,-0.22131760318935656,0.0,-0.2817180849095055,0.3333333333333333,-0.27524094128159016,0.3333333333333333,-0.0642228862990377,0.6666666666666666,0.22936745106799178
2021-08-04,0.2727272727272727,-0.6160468816053517,0.0,-0.6785022452458451,0.0,-0.3631420467512974,0.0,0.086560589039859,0.0,0.08466841390101207,0.3333333333333333,0.5740333799485386
2021-08-05,0.2727272727272727,-0.4618802153517006,0.0,-0.5728267726493279,0.3333333333333333,-0.21010507881568247,0.0,-0.11009637651263608,0.3333333333333333,-0.009259259259259259,0.3333333333333333,0.42203610996510493
2021-08-06,0.2727272727272727,-0.3272383566835375,0.3333333333333333,0.10501223225084669,0.6666666666666666,0.04470897650682611,0.0,-0.144225052611763,0.0,-0.3582364210034113,0.3333333333333333,-0.07909115788387003
2021-08-09,0.2727272727272727,-0.4224355706454514,0.0,-0.010146925788636822,0.6666666666666666,-0.07093030325999712,0.0,-0.288450105223526,0.3333333333333333,-0.12096294735180121,0.3333333333333333,-0.36288884205540367
2021-08-10,0.2727272727272727,-0.5690465301610863,0.3333333333333333,0.0703882056486655,0.3333333333333333,0.06269156688215358,0.0,-0.29427231351788985,0.3333333333333333,-0.17742689080927074,0.3333333333333333,-0.15173416165766196
2021-08-12,0.2727272727272727,-0.3662335103823572,0.3333333333333333,0.7024428275140447,0.6666666666666666,0.5164831556674268,0.0,-0.3578132236660672,0.3333333333333333,-0.009174698042719672,0.3333333333333333,0.13762047064079508
2021-08-13,0.2727272727272727,-0.5211784570825853,0.3333333333333333,0.40379858494011417,0.6666666666666666,-0.02777777777777778,0.0,0.03669879217087869,0.3333333333333333,0.2988576819952995,0.3333333333333333,0.03669879217087869
2021-08-16,0.2727272727272727,-0.43427553246209727,0.3333333333333333,-0.16904761904761903,0.6666666666666666,0.2619047619047619,0.6666666666666666,0.36288884205540367,0.3333333333333333,-0.1771951749576354,0.6666666666666666,-0.1767919999757095
2021-08-18,0.2727272727272727,-0.5775220740644863,0.3333333333333333,0.365655170486763,0.3333333333333333,-0.037037037037037035,0.3333333333333333,0.11009637651263608,0.6666666666666666,0.3486385256233476,0.6666666666666666,0.07339758434175737
2021-08-19,0.2727272727272727,-0.5155145946859746,0.3333333333333333,-0.11222850838908133,0.6666666666666666,0.3239757976459314,0.3333333333333333,-0.08374357893586239,0.6666666666666666,-0.2984339788760175,0.3333333333333333,-0.13957263155977062
2021-08-20,0.2727272727272727,-0.4486886287081631,0.3333333333333333,0.09523809523809523,0.6666666666666666,0.4413583330248919,0.3333333333333333,-0.13492021050777828,0.6666666666666666,-0.200969689448159,0.6666666666666666,-0.08374357893586239
2021-08-23,0.2727272727272727,-0.5142857142857143,0.6666666666666666,0.5819587255022071,0.6666666666666666,0.1831167551911786,0.3333333333333333,0.013957263155977066,0.3333333333333333,0.15765796978722893,0.6666666666666666,0.13957263155977062
2021-08-24,0.2727272727272727,-0.7238095238095239,0.3333333333333333,0.5709015426748919,0.3333333333333333,0.03294345637345082,0.6666666666666666,-0.06978631577988531,0.6666666666666666,0.1954016841836789,0.3333333333333333,-0.11631052629980886
2021-08-25,0.2727272727272727,-0.6000000000000001,0.3333333333333333,-0.5272226268301026,0.3333333333333333,-0.11521226675926671,0.6666666666666666,-0.009196009797434058,0.6666666666666666,0.17932219104996414,0.3333333333333333,-0.160930171455096
2021-08-26,0.2727272727272727,-0.018691792862858134,0.3333333333333333,0.17209302325581396,0.6666666666666666,0.39443261619270736,0.3333333333333333,-0.10115610777177465,0.3333333333333333,-0.009216981340741337,0.6666666666666666,0.3632423869986453
2021-08-27,0.2727272727272727,-0.21445279707534842,0.3333333333333333,0.4176345347922784,0.3333333333333333,0.15668868279260276,0.3333333333333333,0.07356807837947246,0.3333333333333333,0.057738106366756276,0.3333333333333333,-0.03678403918973623
2021-08-30,0.2727272727272727,-0.6309596245774288,0.0,-0.16977493752543307,0.3333333333333333,-0.36876311981014326,0.6666666666666666,0.14301938838683884,0.6666666666666666,-0.25382396558360515,0.3333333333333333,-0.5720775535473553
2021-08-31,0.2727272727272727,-0.4486177232736354,0.0,-0.1250625469140967,0.6666666666666666,-0.046083438634110914,0.3333333333333333,-0.0642228862990377,0.3333333333333333,-0.43219418627012546,0.6666666666666666,0.05504818825631804
2021-09-01,0.2727272727272727,-0.4868748949811983,0.3333333333333333,0.05141085078906393,0.3333333333333333,0.0,0.3333333333333333,-0.27914526311954124,0.3333333333333333,-0.22067916651244596,0.3333333333333333,-0.013957263155977066
2021-09-02,0.2727272727272727,-0.5871138439479155,0.3333333333333333,-0.2558831578595795,0.3333333333333333,0.16433554953054486,0.3333333333333333,-0.2326210525996177,0.3333333333333333,-0.046524210519923545,0.3333333333333333,0.03256694736394648
2021-09-03,0.2727272727272727,-0.6050580452280905,0.6666666666666666,0.004773283284129395,0.0,-0.42899884463427523,0.6666666666666666,0.06978631577988531,0.3333333333333333,0.42899884463427523,0.3333333333333333,0.1628347368197324
2021-09-06,0.2727272727272727,-0.8239101465586824,0.6666666666666666,0.04663030919937773,0.3333333333333333,-0.694269384327542,0.3333333333333333,-0.050114025233602574,0.3333333333333333,0.28246086949848725,0.3333333333333333,-0.01822328190312821
2021-09-07,0.18181818181818182,-0.7167277238512448,0.3333333333333333,0.2009132420091324,0.3333333333333333,-0.6644819060911327,0.3333333333333333,-0.15945371665237182,0.3333333333333333,0.31890743330474364,0.3333333333333333,-0.25512594664379495
2021-09-08,0.2727272727272727,-0.6513389472789295,0.3333333333333333,0.15034207570080774,0.3333333333333333,-0.2372734736516101,0.3333333333333333,0.18181818181818182,0.0,0.07744894808829489,0.3333333333333333,-0.009090909090909092
2021-09-09,0.2727272727272727,-0.6037443347562049,0.3333333333333333,-0.1716232660642066,0.3333333333333333,-0.055176058784604354,0.3333333333333333,-0.07272727272727274,0.3333333333333333,-0.009132515299544463,0.3333333333333333,-0.08181818181818183
2021-09-10,0.2727272727272727,-0.7389237639317507,0.0,-0.4618802153517006,0.3333333333333333,-0.16666666666666666,0.0,-0.44038550605054433,0.0,0.22019275302527216,0.3333333333333333,-0.0642228862990377
2021-09-13,0.2727272727272727,-0.6932107367468608,0.0,-0.3146426544510455,0.3333333333333333,-0.04587349021359835,0.0,-0.6545454545454547,0.0,0.22019275302527214,0.3333333333333333,-0.09090909090909091
2021-09-14,0.2727272727272727,-0.7118204209548302,0.0,0.16727466382178907,0.0,-0.40010821047134243,0.0,-0.6090909090909091,0.3333333333333333,0.3006841514016155,0.3333333333333333,-0.15454545454545454
2021-09-15,0.2727272727272727,-0.6481612978713506,0.0,-0.15401172040133793,0.3333333333333333,-0.01839124196894151,0.0,-0.33713071520787186,0.3333333333333333,0.2528795770729457,0.3333333333333333,-0.054669845709384636
2021-09-16,0.2727272727272727,-0.7799948420325825,0.0,-0.7251013080503237,0.3333333333333333,-0.14688547397803986,0.0,-0.3234632537805257,0.3333333333333333,0.36446563806256416,0.3333333333333333,-0.04100238428203847
2021-09-17,0.2727272727272727,-0.8147716821232072,0.0,-0.5939260221575272,0.3333333333333333,-0.123570319378351,0.3333333333333333,-0.1913444599828462,0.3333333333333333,0.13211879379767952,0.0,-0.1913444599828462
2021-09-20,0.2727272727272727,-0.8913308125530035,0.0,-0.1176281588465557,0.0,-0.24536996967507785,0.3333333333333333,-0.22374662483883936,0.0,-0.3020602874306376,0.0,-0.13698772949316693
2021-09-21,0.2727272727272727,-0.7650904819937432,0.3333333333333333,-0.1098430698272588,0.3333333333333333,-0.02098363913971998,0.0,-0.2369026647406667,0.3333333333333333,0.04794520547945205,0.3333333333333333,0.1640095371281539
2021-09-22,0.2727272727272727,-0.7650904819937432,0.6666666666666666,0.07185262906035021,0.3333333333333333,-0.26959670421668414,0.0,-0.10478387094298722,0.3333333333333333,-0.38127853881278534,0.0,-0.10022805046720515
2021-09-23,0.2727272727272727,-0.7831769234126433,0.3333333333333333,-0.1586181110709151,0.0,-0.468996499669137,0.6666666666666666,-0.009090909090909092,0.3333333333333333,-0.13698772949316693,0.3333333333333333,0.02727272727272728
2021-09-24,0.2727272727272727,-0.7005049218254402,0.3333333333333333,0.22161814171012365,0.0,-0.2419457601944601,0.3333333333333333,-0.03644656380625642,0.3333333333333333,-0.18678863950706415,0.3333333333333333,-0.10022805046720515
2021-09-27,0.2727272727272727,-0.7629970525267462,0.6666666666666666,0.5603659185211924,0.0,0.28603877677367767,0.3333333333333333,0.06363636363636364,0.3333333333333333,0.10000000000000002,0.3333333333333333,0.19090909090909092
2021-09-28,0.2727272727272727,-0.6526468967070211,0.3333333333333333,-0.3578132236660672,0.0,-0.5,0.3333333333333333,-0.11009637651263608,0.6666666666666666,0.11927107455535572,0.6666666666666666,0.3211144314951885
2021-09-29,0.2727272727272727,-0.7484164626500126,0.3333333333333333,-0.052511415525114166,0.0,-0.4826237002135596,0.0,-0.4601378680539873,0.0,-0.4863013698630137,0.0,-0.33713071520787186
2021-09-30,0.2727272727272727,-0.750346349143454,0.0,-0.4100238428203847,0.0,-0.6001623157070137,0.3333333333333333,-0.33636363636363636,0.0,-0.4601378680539873,0.3333333333333333,-0.4909090909090909
2021-10-01,0.2727272727272727,-0.5552777082985895,0.0,-0.21296296296296297,0.3333333333333333,-0.45544423727036726,0.0,-0.4312108080078246,0.3333333333333333,-0.2660662432388705,0.3333333333333333,-0.39451201583694584
2021-10-04,0.2727272727272727,-0.6062069770844332,0.0,-0.4413583330248919,0.3333333333333333,-0.1888527522574798,0.3333333333333333,-0.5443332630831055,0.0,-0.6691449370110706,0.3333333333333333,-0.5582905262390825
2021-10-05,0.2727272727272727,-0.34825939594790867,0.0,-0.31242307163583083,0.3333333333333333,-0.041967278279439954,0.0,-0.3163646315354801,0.3333333333333333,-0.4605896841472431,0.3333333333333333,-0.5210711578231437
2021-10-06,0.18181818181818182,-0.5196152422706631,0.0,-0.5904195441338627,0.0,-0.5911468053322673,0.0,-0.40045428748314876,0.3333333333333333,-0.6259422121634205,0.3333333333333333,-0.495800546407708
2021-10-07,0.18181818181818182,-0.8479622833482031,0.0,-0.6598173515981736,0.3333333333333333,-0.8747175313501542,0.0,-0.4145796632961667,0.3333333333333333,-0.7107079942220002,0.3333333333333333,-0.8747175313501542
2021-10-08,0.18181818181818182,-0.8451542547285165,0.0,-0.39440531887330776,0.3333333333333333,-0.9351851851851852,0.0,-0.6055300708194984,0.3333333333333333,-0.7724321626955434,0.0,-0.8991204081865279
2021-10-11,0.2727272727272727,-0.8859758747881769,0.0,-0.4792830297185495,0.3333333333333333,-0.952166479438449,0.0,-0.523919354714936,0.3333333333333333,-0.6241474051821412,0.0,-0.8974966337290644
2021-10-12,0.2727272727272727,-0.8859758747881769,0.3333333333333333,0.25802198058644815,0.3333333333333333,-0.952166479438449,0.3333333333333333,-0.5330309956665001,0.3333333333333333,-0.4783611499571155,0.0,-0.8154918651649875
2021-10-13,0.18181818181818182,-0.915457843411188,0.0,-0.10611316469842598,0.3333333333333333,-0.9655402033694293,0.0,-0.6147047688622179,0.3333333333333333,-0.7523252395030131,0.0,-0.83489752188749
2021-10-14,0.18181818181818182,-0.6476190476190476,0.0,-0.3925919514801246,0.3333333333333333,-0.9232801221476792,0.3333333333333333,-0.5862050525510367,0.3333333333333333,-0.8048688419946773,0.0,-0.800216420942685
2021-10-15,0.2727272727272727,-0.6902093080282886,0.0,-0.5115261688386312,0.0,-0.9747358243539002,0.3333333333333333,-0.4770842982214229,0.0,-0.6972770512466951,0.0,-0.8440722199302099
2021-10-18,0.2727272727272727,-0.6684067653318302,0.0,-0.346242356159436,0.0,-0.8032057643041954,0.3333333333333333,-0.21412356236175648,0.0,-0.3789954337899544,0.0,-0.7152638146977822
2021-10-19,0.2727272727272727,-0.7554110090299192,0.0,-0.3698630136986301,0.0,-0.8013698630136986,0.3333333333333333,-0.4419145861508591,0.0,-0.4601378680539873,0.0,-0.6423706870852695
2021-10-21,0.2727272727272727,-0.9025696840865168,0.0,0.14887747366375534,0.0,-0.6970405327946539,0.3333333333333333,-0.4090909090909091,0.3333333333333333,-0.3727272727272728,0.0,-0.4727272727272727
2021-10-22,0.2727272727272727,-0.7494431102343665,0.3333333333333333,0.24012009007506574,0.0,-0.7523252395030131,0.3333333333333333,-0.42203610996510493,0.3333333333333333,-0.3632270288865948,0.0,-0.6881023532039754
2021-10-25,0.18181818181818182,-0.8184102676178971,0.3333333333333333,0.14921698943800876,0.0,-0.7648401826484018,0.3333333333333333,-0.4510262271024232,0.3333333333333333,-0.22323520331332058,0.0,-0.5421426366180642
2021-10-26,0.18181818181818182,-0.888888888888889,0.3333333333333333,0.10005003753127736,0.0,-0.7890240316738917,0.3333333333333333,-0.18349396085439343,0.3333333333333333,-0.41286141192238524,0.3333333333333333,-0.7064517492894147
2021-10-27,0.09090909090909091,-0.9025696840865168,0.0,0.664213340109457,0.0,-0.2935903373670295,0.3333333333333333,0.11818181818181818,0.0,-0.050114025233602574,0.0,-0.23636363636363636
2021-10-28,0.09090909090909091,-0.9057510698621114,0.0,0.15531518604934888,0.0,-0.4510577122693819,0.3333333333333333,0.4803444102944131,0.0,-0.5083042452524146,0.0,-0.41505487879808506
2021-10-29,0.09090909090909091,-0.961278120390013,0.0,-0.4605896841472431,0.0,-0.7818181818181819,0.3333333333333333,-0.10000000000000002,0.0,-0.21412356236175645,0.0,-0.6363636363636364
2021-11-01,0.09090909090909091,-0.7499999999999999,0.0,-0.0675265593535438,0.0,-0.25,0.3333333333333333,0.0,0.0,0.11034745181364908,0.0,-0.2660662432388705
2021-11-02,0.09090909090909091,-0.7592592592592593,0.0,0.1082499781556068,0.0,0.03286710990610898,0.3333333333333333,0.21101805498255247,0.0,0.18391241968941507,0.0,-0.15596986672623442
2021-11-03,0.09090909090909091,-0.9437555844468435,0.0,0.7841153363314569,0.0,-0.19720265943665388,0.3333333333333333,0.4036867138796656,0.0,0.4862589962641426,0.0,-0.1743192628116738
2021-11-04,0.09090909090909091,-0.8660254037844385,0.3333333333333333,0.30121733051994937,0.0,-0.27905263010831916,0.3333333333333333,0.31193973345246884,0.0,0.3218467344564764,0.0,-0.22936745106799178
2021-11-05,0.18181818181818182,-0.8978280671126506,0.0,0.3192804962307729,0.0,-0.35905338083520855,0.6666666666666666,0.26984042101555655,0.3333333333333333,0.20935894733965596,0.0,-0.17213957892371712
2021-11-08,0.09090909090909091,-0.9116085512728415,0.0,0.0785221493587732,0.3333333333333333,0.018518518518518517,0.3333333333333333,0.21101805498255247,0.3333333333333333,-0.009195620984470755,0.0,-0.03669879217087869
2021-11-09,0.18181818181818182,-0.841380149015138,0.3333333333333333,0.48795003647426655,0.3333333333333333,-0.20284184501729316,0.3333333333333333,0.15818231576774006,0.3333333333333333,0.12123880391838211,0.3333333333333333,-0.3908033683673578
2021-11-10,0.2727272727272727,-0.6653327495829946,0.3333333333333333,-0.6310921859083319,0.3333333333333333,-0.37242264987106555,0.3333333333333333,-0.1743192628116738,0.6666666666666666,-0.43679199676236086,0.3333333333333333,-0.6605782590758164
2021-11-11,0.2727272727272727,-0.5733013070579804,0.0,-0.38400198661446716,0.3333333333333333,-0.41788182594909984,0.3333333333333333,-0.34427915784743424,0.6666666666666666,-0.32874367985561304,0.3333333333333333,-0.7257776841108073
2021-11-12,0.18181818181818182,-0.6891891891891893,0.0,-0.4039143661184452,0.3333333333333333,-0.048197897496024905,0.3333333333333333,-0.1487044791289829,0.3333333333333333,-0.3859113853232277,0.3333333333333333,-0.40150209364825384
2021-11-15,0.2727272727272727,-0.6115307426828444,0.0,-0.35603266600026917,0.3333333333333333,-0.5003702332976756,1.0,0.20022714374157438,0.3333333333333333,0.0,0.3333333333333333,-0.3146426544510455
2021-11-16,0.2727272727272727,-0.4781910357447812,0.0,-0.4295954955716455,0.3333333333333333,-0.13989092759813318,0.6666666666666666,0.10700568419582417,0.3333333333333333,-0.19074926313168655,0.3333333333333333,-0.10700568419582417
2021-11-17,0.2727272727272727,-0.6945588962078793,0.0,-0.22737880227579602,0.3333333333333333,-0.1011518308291783,0.6666666666666666,-0.08257228238447704,0.0,-0.26728394407784334,0.0,-0.2568915451961508
2021-11-18,0.18181818181818182,-0.7295107223530023,0.3333333333333333,0.07717321068976436,0.3333333333333333,-0.44956020409326397,0.3333333333333333,-0.5046083923495819,0.0,-0.7356496787576603,0.0,-0.5504818825631803
2021-11-19,0.2727272727272727,-0.6268014331748425,0.3333333333333333,-0.12236140938710305,0.3333333333333333,-0.4413583330248919,0.6666666666666666,0.07443873683187767,0.0,-0.3194176180157375,0.3333333333333333,-0.3814985262633731
2021-11-22,0.2727272727272727,-0.5895004855899802,0.0,-0.34761904761904766,0.3333333333333333,-0.4220042982543685,0.6666666666666666,-0.21866378944364068,0.3333333333333333,-0.5912247840742353,0.3333333333333333,-0.3210170525874725
2021-11-23,0.2727272727272727,-0.40100376569366836,0.0,-0.15076382102391056,0.3333333333333333,-0.44263520637871306,0.3333333333333333,0.22883102141894218,0.0,-0.5268044568716332,0.3333333333333333,-0.22883102141894218
2021-11-24,0.2727272727272727,-0.3294564552561946,0.0,-0.3805114650329648,0.3333333333333333,-0.24771684715343112,0.3333333333333333,-0.02752409412815902,0.0,-0.2390861455962396,0.3333333333333333,-0.22019275302527216
2021-11-25,0.2727272727272727,0.34450155105792873,0.0,-0.4150097518744618,0.6666666666666666,0.181384764796917,0.3333333333333333,0.3954557894193501,0.3333333333333333,-0.13755941213816433,0.6666666666666666,0.432675157835289
2021-11-26,0.2727272727272727,0.1005936806844903,0.0,-0.5712212876923772,0.3333333333333333,-0.1138955118945513,0.3333333333333333,0.22323520331332058,0.0,-0.13043512411777533,0.3333333333333333,-0.21867938283753854
2021-11-29,0.2727272727272727,-0.10488088481701516,0.3333333333333333,-0.41637254156115217,0.3333333333333333,-0.4312108080078245,0.3333333333333333,-0.03636363636363637,0.0,0.13636363636363638,0.6666666666666666,0.009090909090909092
2021-11-30,0.2727272727272727,-0.1620886401717507,0.3333333333333333,0.028603877677367773,0.3333333333333333,-0.3211144314951885,0.3333333333333333,-0.018181818181818184,0.6666666666666666,-0.26484294368678946,0.6666666666666666,-0.13636363636363638
2021-12-01,0.2727272727272727,-0.14022519552416018,0.3333333333333333,0.3264121643956441,0.3333333333333333,-0.3356401659331825,0.6666666666666666,0.4328029451992949,0.6666666666666666,-0.3607305936073059,0.6666666666666666,-0.05922566618516668
2021-12-02,0.2727272727272727,-0.08660254037844385,0.3333333333333333,0.02777777777777778,0.3333333333333333,-0.05555555555555556,0.6666666666666666,0.22019275302527216,0.3333333333333333,-0.1743192628116738,0.3333333333333333,0.11009637651263608
2021-12-03,0.2727272727272727,0.29574027719908047,0.0,0.1654140533486382,0.3333333333333333,-0.06343350474165466,1.0,0.5434736758699876,0.6666666666666666,0.04767312946227961,0.3333333333333333,-0.10488088481701516
2021-12-06,0.2727272727272727,0.013921151159742615,0.0,0.365655170486763,0.3333333333333333,-0.34259259259259256,0.6666666666666666,0.3853373177942262,0.6666666666666666,0.18349396085439343,0.3333333333333333,-0.03669879217087869
2021-12-07,0.2727272727272727,0.07765243288027694,0.6666666666666666,0.6538530488755171,0.3333333333333333,-0.4785714285714286,0.6666666666666666,0.4559372630952508,0.3333333333333333,-0.11165810524781652,0.3333333333333333,-0.4605896841472431
2021-12-08,0.2727272727272727,0.03286710990610898,0.6666666666666666,0.7042952122737638,0.3333333333333333,-0.3148148148148148,1.0,0.3578132236660672,0.3333333333333333,-0.07339758434175737,0.3333333333333333,-0.1743192628116738
2021-12-09,0.2727272727272727,0.0,0.6666666666666666,0.2394603721730797,0.6666666666666666,0.07857142857142857,0.6666666666666666,-0.023262105259961773,0.3333333333333333,0.1767919999757095,0.3333333333333333,0.13957263155977062
2021-12-10,0.2727272727272727,-0.5053634910577965,0.6666666666666666,-0.20507783483149475,0.3333333333333333,0.007452180019419578,0.0,-0.15489789617658978,0.0,0.24145848521644878,0.3333333333333333,0.1913444599828462
2021-12-13,0.2727272727272727,-0.5735131331032769,0.3333333333333333,-0.3862324114922304,0.3333333333333333,0.03813850356982369,0.0,-0.09090909090909091,0.3333333333333333,0.19090909090909092,0.6666666666666666,-0.03636363636363637
2021-12-14,0.2727272727272727,-0.6006814312247232,0.3333333333333333,-0.3027650354097492,0.0,-0.11631052629980886,0.0,0.03636363636363637,0.3333333333333333,0.3545454545454546,0.6666666666666666,-0.20909090909090913
2021-12-15,0.2727272727272727,-0.40102065911464846,0.6666666666666666,0.1379343147670613,0.0,-0.754040920726602,0.3333333333333333,0.1913444599828462,0.6666666666666666,0.14123043474924363,0.3333333333333333,-0.33713071520787186
2021-12-16,0.2727272727272727,-0.6668134215511016,0.0,-0.1529019144215989,0.3333333333333333,-0.22989052461176887,0.3333333333333333,0.2004561009344103,0.0,-0.07780340736849757,0.3333333333333333,-0.3143516128289616
2021-12-17,0.2727272727272727,-0.5938522968371138,0.3333333333333333,-0.12697729452570722,0.0,-0.5094347941825426,0.0,-0.0045662576497722315,0.3333333333333333,-0.19908518944292028,0.3333333333333333,-0.34703558138268964
2021-12-20,0.2727272727272727,-0.35603266600026917,0.0,0.4272724287794167,0.3333333333333333,-0.29110868773982235,0.0,0.08257228238447704,0.3333333333333333,-0.0553001263609331,0.3333333333333333,-0.13762047064079508
2021-12-21,0.2727272727272727,-0.1268670094833093,0.0,0.5859849642937764,0.3333333333333333,-0.24885451860187596,0.0,-0.1767919999757095,0.3333333333333333,-0.04429879373940885,0.3333333333333333,-0.037219368415938835
2021-12-22,0.2727272727272727,-0.19444444444444442,0.6666666666666666,0.2666730085496519,0.3333333333333333,-0.16666666666666666,0.0,-0.42203610996510493,0.6666666666666666,0.1651445647689541,0.3333333333333333,0.0642228862990377
2021-12-23,0.2727272727272727,-0.6196965463223185,0.6666666666666666,-0.10329663113348536,0.0,-0.7619047619047619,0.0,-0.5396808420311131,0.3333333333333333,-0.39402611273474186,0.6666666666666666,0.2372734736516101
2021-12-24,0.2727272727272727,-0.7625650275119625,0.3333333333333333,0.09304842103984709,0.0,-0.5649217389969744,0.0,-0.3272727272727273,0.3333333333333333,-0.19178282129043372,0.3333333333333333,-0.11818181818181818
2021-12-27,0.2727272727272727,-0.6605939689883975,0.6666666666666666,0.013794014696151088,0.0,-0.5181818181818182,0.3333333333333333,0.15454545454545454,0.3333333333333333,-0.3280190742563077,0.3333333333333333,-0.3090909090909091
2021-12-28,0.2727272727272727,-0.7881569423102951,0.3333333333333333,0.3909196615906929,0.3333333333333333,-0.5181818181818182,0.6666666666666666,0.3727272727272728,0.3333333333333333,0.06833730713673078,0.3333333333333333,-0.4727272727272727
2021-12-29,0.2727272727272727,-0.5701285010371867,0.6666666666666666,-0.11111111111111112,0.0,-0.6161066059595406,0.6666666666666666,0.44956020409326397,0.3333333333333333,0.03678248393788302,0.3333333333333333,-0.3027650354097492
2021-12-30,0.2727272727272727,-0.29425987150306415,0.3333333333333333,-0.5064875915215464,0.0,-0.5057591541458915,0.6666666666666666,0.42824712472351295,0.3333333333333333,0.13211879379767952,0.3333333333333333,-0.1640095371281539
2022-01-03,0.2727272727272727,-0.6436934689129528,0.0,0.35403140790212406,0.0,-0.688058614897195,0.6666666666666666,0.36446563806256416,0.3333333333333333,-0.26940639269406397,0.3333333333333333,-0.2733492285469231
2022-01-04,0.2727272727272727,-0.6390956584207175,0.0,0.3847000508948663,0.3333333333333333,-0.7034650053120127,0.3333333333333333,0.3735772790141283,0.0,-0.6521756205888766,0.3333333333333333,-0.19590028045862823
2022-01-05,0.2727272727272727,-0.4629629629629629,0.0,0.05555555555555556,0.0,-0.35684290755204034,0.3333333333333333,0.22019275302527216,0.0,-0.39081389184000703,0.3333333333333333,-0.02752409412815902
2022-01-06,0.2727272727272727,-0.34259259259259256,0.0,0.25,0.6666666666666666,-0.05555555555555556,0.3333333333333333,-0.03669879217087869,0.0,-0.45370370370370366,0.3333333333333333,-0.05504818825631804
2022-01-07,0.2727272727272727,-0.43219418627012546,0.0,0.1815710233756487,0.3333333333333333,-0.1771951749576354,0.3333333333333333,0.07744894808829489,0.0,-0.25570776255707767,0.3333333333333333,-0.08200476856407694
2022-01-10,0.2727272727272727,-0.5944952964778162,0.3333333333333333,-0.2534246575342466,0.0,-0.47716894977168955,0.6666666666666666,-0.04100238428203847,0.0,-0.3881278538812785,0.0,-0.14578625522502567
2022-01-11,0.2727272727272727,-0.5069339737407735,0.0,-0.1212388039183821,0.0,-0.2323468442648847,0.3333333333333333,-0.1913444599828462,0.0,-0.26315858374638884,0.0,-0.49202861138446163
2022-01-12,0.2727272727272727,-0.5391934084333683,0.0,-0.1072497111585688,0.0,-0.17767699855550004,0.6666666666666666,0.25968176711957697,0.0,-0.2082385314862729,0.0,-0.4009122018688206
2022-01-13,0.2727272727272727,-0.28001937917433195,0.0,-0.07102848052045775,0.3333333333333333,0.04663030919937773,0.6666666666666666,0.4559372630952508,0.0,0.27574910877770653,0.0,-0.4512848420432584
2022-01-14,0.2727272727272727,-0.24188401365166504,0.3333333333333333,-0.034856512222743156,0.0,-0.4462254246134419,0.3333333333333333,-0.06849386474658346,0.0,-0.1212817820744227,0.0,-0.30593926253473946
2022-01-17,0.2727272727272727,-0.41195747295656565,0.3333333333333333,0.2214939686970442,0.0,-0.4851271282976908,0.6666666666666666,0.15489789617658978,0.0,-0.09839842696604104,0.0,-0.4373587656750771
2022-01-18,0.2727272727272727,-0.3109057092342517,0.3333333333333333,0.45544423727036726,0.0,-0.28703703703703703,0.3333333333333333,0.1926686588971131,0.3333333333333333,0.3356401659331826,0.0,-0.22019275302527216
2022-01-19,0.2727272727272727,-0.35266916271347953,0.3333333333333333,0.03501751313594708,0.0,-0.11738253537896062,0.3333333333333333,0.13762047064079508,0.3333333333333333,0.19355044226326587,0.0,-0.09174698042719671
2022-01-20,0.2727272727272727,-0.6589129105123892,0.6666666666666666,-0.2701351013344489,0.3333333333333333,-0.42592592592592593,0.3333333333333333,0.3578132236660672,0.0,-0.5333460170993038,0.3333333333333333,0.1284457725980754
2022-01-21,0.2727272727272727,-0.7147114388118478,0.3333333333333333,-0.05804284663836572,0.0,-0.05828788649922216,0.3333333333333333,0.11845133237033335,0.0,-0.42824712472351295,0.3333333333333333,0.10478387094298722
2022-01-24,0.2727272727272727,-0.7248011453748541,0.6666666666666666,0.22305671869347438,0.0,-0.38181818181818183,0.3333333333333333,-0.36363636363636365,0.0,-0.4236913042477308,0.0,-0.3272727272727273
2022-01-25,0.2727272727272727,-0.4184184457832496,0.3333333333333333,0.23836564731139806,0.3333333333333333,-0.06363636363636364,0.0,-0.15454545454545454,0.0,-0.5909090909090909,0.3333333333333333,-0.15454545454545454
2022-01-26,0.2727272727272727,-0.15596986672623442,0.6666666666666666,0.2140113683916483,0.3333333333333333,0.2545454545454546,0.3333333333333333,0.018181818181818184,0.3333333333333333,-0.3727272727272728,0.3333333333333333,0.14545454545454548
2022-01-27,0.2727272727272727,-0.743193536278049,0.0,-0.3908138918400071,0.0,-0.5425416380837745,0.0,-0.3872447404414744,0.3333333333333333,-0.35990981758678214,0.0,-0.6788172508915258
2022-01-28,0.2727272727272727,-0.4873885192640051,0.3333333333333333,0.1913444599828462,0.3333333333333333,-0.48747279090867957,0.3333333333333333,-0.03636363636363637,0.6666666666666666,0.09090909090909091,0.3333333333333333,-0.4000000000000001
2022-01-31,0.2727272727272727,-0.12328767123287672,0.3333333333333333,0.054794520547945216,0.3333333333333333,-0.013698630136986304,0.3333333333333333,0.3553539971110001,0.6666666666666666,0.4657534246575343,0.6666666666666666,0.14123043474924363
2022-02-02,0.2727272727272727,-0.49202861138446163,0.0,-0.19590028045862823,0.3333333333333333,-0.2369026647406667,0.3333333333333333,0.06363636363636364,0.3333333333333333,0.3454545454545455,0.6666666666666666,0.19090909090909092
2022-02-03,0.2727272727272727,-0.413802944301184,0.3333333333333333,-0.272356535063473,0.6666666666666666,0.0,0.3333333333333333,-0.2004561009344103,0.3333333333333333,-0.05922566618516668,0.6666666666666666,0.5011402523360257
2022-02-04,0.2727272727272727,-0.14085904245475275,0.0,-0.19310804067388584,0.6666666666666666,-0.02777777777777778,0.3333333333333333,-0.0642228862990377,0.0,0.16628219864210794,0.6666666666666666,0.5596565806059
2022-02-07,0.2727272727272727,-0.30049929057013924,0.3333333333333333,-0.1828275852433815,0.3333333333333333,-0.12873869378259056,0.3333333333333333,0.22019275302527216,0.3333333333333333,0.2528795770729458,0.6666666666666666,0.4312108080078246
2022-02-08,0.2727272727272727,-0.02758686295341227,0.3333333333333333,-0.32716515254078793,0.6666666666666666,0.4046073233167132,0.0,-0.36698792170878686,0.0,-0.04587349021359836,0.3333333333333333,0.27524094128159016
2022-02-09,0.2727272727272727,-0.2037037037037037,0.6666666666666666,-0.08333333333333333,0.6666666666666666,0.22069490362729816,0.6666666666666666,0.1743192628116738,0.3333333333333333,0.1743192628116738,0.3333333333333333,0.07339758434175737
2022-02-10,0.2727272727272727,-0.5,0.3333333333333333,0.0,0.3333333333333333,-0.3632270288865948,0.0,-0.4862589962641426,0.0,0.08257228238447704,0.0,-0.5963553727767786
2022-02-11,0.2727272727272727,-0.018652123679751095,0.3333333333333333,-0.36038288795176937,0.6666666666666666,-0.04047619047619048,0.3333333333333333,-0.5443332630831055,0.3333333333333333,-0.3256694736394648,0.3333333333333333,-0.288450105223526
2022-02-14,0.2727272727272727,-0.47597378625433806,0.3333333333333333,-0.4781722911924793,0.3333333333333333,-0.40045871439667863,0.0,-0.3143516128289616,0.0,-0.2758686295341226,0.0,-0.5785892004243206
2022-02-15,0.2727272727272727,-0.3518518518518518,0.3333333333333333,-0.10599190885845512,0.3333333333333333,-0.45518323873130234,0.3333333333333333,-0.3027650354097492,0.0,-0.5185185185185185,0.0,-0.2844156393243098
2022-02-16,0.2727272727272727,-0.12037037037037036,0.3333333333333333,0.018433375453644367,0.6666666666666666,-0.06481481481481481,0.6666666666666666,0.3486385256233476,0.3333333333333333,-0.2568915451961508,0.3333333333333333,-0.15596986672623442
2022-02-17,0.2727272727272727,-0.060619401959191056,0.0,-0.6733710503344879,0.3333333333333333,-0.22067916651244596,0.3333333333333333,-0.1628347368197324,0.3333333333333333,-0.1767919999757095,0.6666666666666666,-0.08839599998785475
2022-02-18,0.2727272727272727,-0.340237976425418,0.3333333333333333,-0.4000095128244779,0.3333333333333333,-0.34259259259259256,0.6666666666666666,-0.08257228238447704,0.3333333333333333,0.36782483937883015,0.3333333333333333,-0.04587349021359836
2022-02-21,0.2727272727272727,-0.10502283105022833,0.0,-0.6141552511415526,0.3333333333333333,-0.2990867579908676,0.6666666666666666,0.01822328190312821,0.3333333333333333,-0.04555820475782052,0.6666666666666666,0.20501192141019234
2022-02-22,0.2727272727272727,-0.6338656910463873,0.3333333333333333,-0.44403453319158254,0.0,-0.3303218946914572,0.3333333333333333,-0.432675157835289,0.3333333333333333,0.14887747366375534,0.3333333333333333,-0.3303218946914572
2022-02-23,0.2727272727272727,-0.6988671948197773,0.3333333333333333,-0.6108570505118485,0.0,-0.5011402523360257,0.3333333333333333,-0.25512594664379495,0.3333333333333333,0.027460026130057966,0.3333333333333333,-0.2004561009344103
2022-02-24,0.2727272727272727,-0.7632365417110727,0.3333333333333333,-0.6598173515981736,0.0,-0.6833730713673078,0.3333333333333333,-0.346242356159436,0.3333333333333333,0.0,0.0,-0.4510262271024232
2022-02-25,0.2727272727272727,-0.6027460097699346,0.3333333333333333,-0.18144442102770184,0.0,-0.07289312761251283,0.3333333333333333,-0.30000000000000004,0.3333333333333333,-0.1412304347492436,0.0,-0.43636363636363645
2022-03-01,0.2727272727272727,-0.5885197430061283,0.0,-0.2534246575342466,0.0,-0.4510262271024232,0.3333333333333333,-0.0956722299914231,0.3333333333333333,0.07780340736849757,0.0,-0.350798176635218
2022-03-02,0.2727272727272727,-0.7859889718254929,0.6666666666666666,-0.3364091020290097,0.3333333333333333,-0.5425416380837745,0.3333333333333333,-0.42203610996510493,0.3333333333333333,-0.5229577884350213,0.0,-0.22936745106799178
2022-03-04,0.2727272727272727,-0.8785891638979615,0.3333333333333333,-0.3708420277204426,0.6666666666666666,-0.6483545606870028,0.6666666666666666,-0.495800546407708,0.3333333333333333,-0.2574348990963099,0.0,-0.3146426544510455
2022-03-07,0.2727272727272727,-0.6891891891891893,0.6666666666666666,-0.7803902927439635,0.6666666666666666,-0.6607599617218691,0.6666666666666666,-0.7683064754997451,0.6666666666666666,-0.6542997081675249,0.0,-0.3469771179676268
2022-03-08,0.2727272727272727,-0.7026480525229438,0.6666666666666666,-0.3849001794597504,0.6666666666666666,-0.6254627916220945,0.6666666666666666,-0.619750683009635,0.6666666666666666,-0.6976149845485451,0.3333333333333333,-0.2574348990963099
2022-03-09,0.2727272727272727,-0.8490330634652239,0.3333333333333333,-0.26349301969610395,0.3333333333333333,-0.6197797868009122,0.3333333333333333,-0.6885583156948685,0.3333333333333333,-0.6924600916107594,0.3333333333333333,-0.5024614736151742
2022-03-10,0.2727272727272727,-0.6798712233818807,0.0,-0.22030004560086483,0.3333333333333333,-0.7505553499465135,0.3333333333333333,-0.6864930642568265,0.3333333333333333,-0.7023931693742199,0.3333333333333333,-0.39091966159069286
2022-03-11,0.2727272727272727,-0.6505242640992095,0.0,0.04789131426105756,0.3333333333333333,-0.42339019740572553,0.3333333333333333,-0.5339390499775317,0.0,-0.5003702332976756,0.3333333333333333,-0.42905816516051654
2022-03-14,0.2727272727272727,-0.47436878061877136,0.3333333333333333,0.42021015763136493,0.3333333333333333,-0.33016512385321534,1.0,-0.35689074990955905,0.3333333333333333,0.029808720077678312,0.3333333333333333,-0.15366129509994902
2022-03-15,0.2727272727272727,-0.6538530488755171,0.0,0.28639699704776367,0.3333333333333333,-0.48571428571428577,0.3333333333333333,-0.721125263058815,0.0,-0.07982012405769323,0.3333333333333333,0.02791452631195413
2022-03-16,0.2727272727272727,-0.5318655397569505,0.3333333333333333,0.38333333333333336,0.0,-0.6295091741915994,0.3333333333333333,0.018609684207969417,0.0,-0.007010570562145082,0.3333333333333333,0.08839599998785475
2022-03-17,0.2727272727272727,-0.5209191721559094,0.3333333333333333,0.051648315566742674,0.0,-0.5833333333333334,0.0,-0.2660662432388705,0.3333333333333333,-0.18097496507665398,0.0,-0.14679516868351475
2022-03-18,0.2727272727272727,-0.46656947481584354,0.6666666666666666,0.5939691161490182,0.3333333333333333,-0.27777777777777773,0.3333333333333333,0.09174698042719671,0.3333333333333333,0.21149928264282739,0.3333333333333333,0.018349396085439344
2022-03-21,0.2727272727272727,-0.5846883487091897,0.3333333333333333,0.22222222222222224,0.3333333333333333,-0.2629368792488718,0.0,0.1651445647689541,0.3333333333333333,-0.1574074074074074,0.6666666666666666,0.41286141192238524
2022-03-22,0.2727272727272727,-0.4693261022905738,0.0,0.08501022840844509,0.3333333333333333,0.27777777777777773,0.3333333333333333,0.6789276551612556,0.3333333333333333,-0.21296296296296297,0.0,-0.1926686588971131
2022-03-23,0.2727272727272727,-0.47750924114291693,0.0,0.10005003753127736,0.3333333333333333,-0.29425987150306415,0.3333333333333333,0.1009216784699164,0.0,-0.24771684715343112,0.0,-0.1926686588971131
2022-03-24,0.2727272727272727,-0.41600141338834185,0.0,-0.014334554477024898,0.3333333333333333,0.15621153581791541,0.6666666666666666,-0.1138955118945513,0.0,0.173121178079718,0.3333333333333333,-0.03189074333047437
2022-03-25,0.2727272727272727,-0.8505168989701439,0.3333333333333333,-0.281912904714823,0.0,-0.45890410958904115,0.0,-0.24601430569223082,0.3333333333333333,0.47006604837780824,0.0,-0.4054680223446026
2022-03-28,0.2727272727272727,-0.8467406314626085,0.3333333333333333,-0.5434736758699876,0.0,-0.3599098175867821,0.3333333333333333,-0.16363636363636366,0.3333333333333333,0.4272727272727273,0.0,-0.4090909090909091
2022-03-29,0.2727272727272727,-0.8216777476527244,0.3333333333333333,-0.44022016513762047,0.0,-0.5780059766913394,0.3333333333333333,-0.14679516868351475,0.0,0.055814557218594754,0.0,-0.6055300708194984
2022-03-30,0.2727272727272727,-0.6808187051979717,0.3333333333333333,0.1314684396244359,0.3333333333333333,-0.42299856528565477,0.0,-0.009174698042719672,0.3333333333333333,0.07356496787576604,0.3333333333333333,-0.45873490213598356
2022-03-31,0.2727272727272727,-0.3264121643956441,0.3333333333333333,-0.3726984164026473,0.0,0.0,0.3333333333333333,-0.2870166899742693,0.3333333333333333,-0.05492005226011593,0.0,-0.20956774188597443
2022-04-01,0.2727272727272727,-0.2617536983117657,0.0,-0.5749233016490567,0.0,0.07645095721079945,0.3333333333333333,-0.5694775594727565,0.3333333333333333,-0.3502452909481708,0.0,-0.20956774188597443
2022-04-04,0.2727272727272727,-0.74556707303426,0.0,-0.5137830903923016,0.3333333333333333,0.09913631941932194,0.3333333333333333,-0.5727272727272729,0.0,-0.7198196351735642,0.0,-0.18181818181818182
2022-04-05,0.2727272727272727,-0.3017810420534709,0.0,-0.6259422121634205,0.3333333333333333,-0.13378917511889904,0.0,-0.788156942310295,0.0,-0.1913444599828462,0.3333333333333333,-0.20501192141019234
2022-04-06,0.2727272727272727,-0.5160439611728963,0.3333333333333333,0.10258668023863102,0.0,-0.433661875554213,0.6666666666666666,-0.18223281903128208,0.3333333333333333,-0.08200476856407694,0.3333333333333333,-0.04100238428203847
2022-04-07,0.2727272727272727,-0.7246315678266502,0.3333333333333333,0.19069251784911848,0.6666666666666666,-0.3909196615906929,0.3333333333333333,-0.15454545454545454,0.6666666666666666,-0.17272727272727276,0.3333333333333333,-0.48181818181818187
2022-04-08,0.2727272727272727,-0.743700819611562,0.3333333333333333,0.11009637651263607,0.6666666666666666,-0.3146426544510455,0.3333333333333333,-0.30000000000000004,0.6666666666666666,-0.09132515299544462,0.3333333333333333,-0.5818181818181819
2022-04-11,0.2727272727272727,-0.6866651098852297,0.3333333333333333,-0.24846561093509822,0.3333333333333333,0.07700586020066896,0.3333333333333333,-0.514807713763372,0.6666666666666666,-0.182648401826484,0.3333333333333333,-0.6514823280368335
2022-04-12,0.2727272727272727,-0.8184102676178971,0.0,-0.7678343522033079,0.3333333333333333,-0.4429879373940884,0.0,-0.5740333799485386,0.3333333333333333,-0.678082191780822,0.3333333333333333,-0.08200476856407694
2022-04-13,0.2727272727272727,-0.6076425139380274,0.3333333333333333,-0.2906350207573635,0.0,-0.6621503906311638,0.3333333333333333,-0.3553539971110001,0.3333333333333333,-0.2442922374429224,0.0,-0.5877008413758847
2022-04-14,0.2727272727272727,-0.7339758434175736,0.0,-0.3690214585383462,0.3333333333333333,-0.3853373177942262,0.3333333333333333,-0.4090909090909091,0.3333333333333333,-0.44545454545454555,0.3333333333333333,-0.8000000000000002
2022-04-18,0.2727272727272727,-0.8766498129483014,0.3333333333333333,-0.40460732331671323,0.3333333333333333,-0.5609328800527161,0.3333333333333333,-0.4646936885297694,0.3333333333333333,-0.15945371665237182,0.0,-0.6287032256579232
2022-04-19,0.2727272727272727,-0.7460849471900437,0.3333333333333333,-0.10512006616484924,0.0,-0.7954212151567204,0.3333333333333333,-0.21867938283753854,0.6666666666666666,-0.02511415525114155,0.3333333333333333,-0.523919354714936
2022-04-20,0.2727272727272727,-0.8715963140583688,0.0,-0.20935894733965593,0.0,-0.779849333631172,0.3333333333333333,-0.20909090909090913,0.3333333333333333,0.21867938283753854,0.3333333333333333,-0.6818181818181819
2022-04-21,0.2727272727272727,-0.8368368915664992,0.3333333333333333,0.04587349021359835,0.0,-0.6238794669049377,0.0,0.03636363636363637,0.3333333333333333,0.3181818181818182,0.0,-0.4909090909090909
2022-04-22,0.2727272727272727,-0.849323922857635,0.3333333333333333,0.018609684207969417,0.0,-0.5603659185211924,0.0,-0.41818181818181827,0.0,0.26423758759535904,0.0,-0.4272727272727273
2022-04-25,0.2727272727272727,-0.8878741782052076,0.0,-0.31299156081562224,0.0,-0.6529680365296804,0.0,-0.4555820475782052,0.0,-0.605924123279013,0.0,-0.4236913042477309
2022-04-26,0.2727272727272727,-0.8421074679884444,0.3333333333333333,-0.15632555673600285,0.0,-0.6788172508915258,0.3333333333333333,-0.6241474051821412,0.0,-0.6109855813937898,0.3333333333333333,-0.7289312761251283
2022-04-27,0.2727272727272727,-0.6238794669049377,0.0,0.4054680223446026,0.3333333333333333,-0.41286141192238524,0.3333333333333333,-0.45454545454545453,0.0,-0.3090909090909091,0.0,-0.6181818181818182
2022-04-28,0.2727272727272727,-0.6912515795116637,0.3333333333333333,0.3569803396907536,0.3333333333333333,-0.5852596706532087,0.0,-0.5114208567744899,0.3333333333333333,-0.22374662483883936,0.0,-0.6849386474658348
2022-05-09,0.2727272727272727,-0.6971231225306971,0.6666666666666666,0.6928890517934586,0.6666666666666666,-0.09559213385872437,0.3333333333333333,-0.009304842103984709,0.0,-0.5024614736151742,0.3333333333333333,-0.2465783157555948
2022-05-10,0.2727272727272727,-0.597715363990599,0.0,0.7685185185185185,0.3333333333333333,0.14712993575153208,1.0,0.27524094128159016,0.0,-0.4629629629629629,0.6666666666666666,-0.18349396085439343
2022-05-11,0.2727272727272727,-0.7488584474885845,0.3333333333333333,0.05707762557077626,0.3333333333333333,-0.14123043474924363,0.3333333333333333,-0.11845133237033335,0.0,-0.610479943754795,0.3333333333333333,-0.2961283309258334
2022-05-12,0.2727272727272727,-0.682648401826484,0.0,0.11415525114155252,0.0,-0.3858447488584475,0.6666666666666666,0.21867938283753854,0.0,-0.2687934080711411,0.3333333333333333,-0.10478387094298722
2022-05-13,0.2727272727272727,-0.8165481258020508,0.0,-0.10022805046720515,0.3333333333333333,-0.523919354714936,0.3333333333333333,0.24545454545454545,0.0,-0.43636363636363645,0.3333333333333333,-0.06363636363636364
2022-05-17,0.2727272727272727,-0.5730593607305936,0.3333333333333333,-0.3963576281947107,0.0,-0.2733492285469231,0.3333333333333333,0.1913444599828462,0.0,-0.6788172508915258,0.0,0.03189074333047437
2022-05-18,0.2727272727272727,-0.4781722911924792,0.0,0.22069490362729816,0.0,-0.21101805498255247,0.3333333333333333,-0.03669879217087869,0.0,-0.6514035610330967,0.0,0.0
2022-05-19,0.2727272727272727,-0.7136858151040807,0.3333333333333333,0.03095238095238095,0.0,-0.3100915561758619,0.6666666666666666,0.13492021050777828,0.3333333333333333,-0.3163646315354801,0.0,-0.3861509473153654
2022-05-20,0.2727272727272727,-0.7833333333333332,0.3333333333333333,0.13571428571428573,0.0,-0.034972731899533295,0.0,-0.14887747366375534,0.0,-0.06978631577988531,0.0,-0.2465783157555948
2022-05-23,0.2727272727272727,-0.6644819060911328,0.0,0.10700568419582417,0.0,-0.6271776587316306,0.0,-0.3814985262633731,0.0,-0.288450105223526,0.0,-0.5675953683430672
2022-05-24,0.2727272727272727,-0.3847000508948663,0.3333333333333333,0.21428571428571427,0.3333333333333333,0.05582905262390826,0.3333333333333333,-0.15818231576774006,0.0,-0.6001623157070137,0.0,-0.3256694736394648
2022-05-25,0.2727272727272727,-0.7310827788960076,0.0,-0.22727272727272727,0.0,-0.2505701261680129,0.0,-0.5909090909090909,0.0,-0.7818181818181819,0.0,-0.46363636363636374
2022-05-27,0.2727272727272727,-0.7671312851617349,0.0,-0.26423758759535904,0.0,-0.2733492285469231,0.0,-0.2545454545454546,0.0,-0.4727272727272727,0.0,-0.38181818181818183
2022-05-30,0.2727272727272727,-0.7836011218345129,0.3333333333333333,-0.36288884205540367,0.0,-0.41818181818181827,0.0,-0.22727272727272727,0.3333333333333333,-0.44545454545454555,0.0,-0.20000000000000004
2022-05-31,0.2727272727272727,-0.7152638146977822,0.0,-0.3333368084333729,0.0,-0.3090909090909091,0.3333333333333333,-0.19090909090909092,0.3333333333333333,-0.5363636363636364,0.0,-0.20909090909090913
2022-06-02,0.2727272727272727,-0.7608220194556027,0.3333333333333333,-0.5273972602739726,0.0,-0.2779050490227052,0.3333333333333333,-0.346242356159436,0.3333333333333333,-0.42824712472351295,0.0,-0.16856535760393593
2022-06-03,0.2727272727272727,-0.8000190256489558,0.3333333333333333,-0.30792014356780034,0.0,-0.5517372590682452,0.3333333333333333,-0.36698792170878686,0.3333333333333333,-0.05517372590682454,0.0,-0.18349396085439343
2022-06-06,0.2727272727272727,-0.692484712318872,0.3333333333333333,-0.04767312946227962,0.3333333333333333,-0.5102518932875899,0.6666666666666666,0.23636363636363636,0.0,-0.5284751751907181,0.3333333333333333,0.29090909090909095
2022-06-07,0.2727272727272727,-0.8926940639269407,0.6666666666666666,0.14921698943800876,0.0,-0.8337151470681154,0.3333333333333333,-0.5421426366180642,0.0,-0.5740333799485386,0.0,-0.3052399718773975
2022-06-08,0.2727272727272727,-0.864990823096826,0.0,0.07322673634682124,0.0,-0.47826212176517624,0.0,-0.6697056099399616,0.0,-0.48291697043289755,0.0,-0.15034207570080774
2022-06-09,0.2727272727272727,-0.6986301369863014,0.0,0.10034188133917428,0.6666666666666666,-0.16553759765779094,0.0,-0.42824712472351295,0.0,-0.4328029451992949,0.3333333333333333,-0.24601430569223082
2022-06-10,0.2727272727272727,-0.30875903884854317,0.3333333333333333,0.2723274820791887,0.3333333333333333,0.5092592592592592,0.3333333333333333,0.15596986672623442,0.0,-0.4139579660379111,0.6666666666666666,0.4770842982214229
2022-06-13,0.2727272727272727,-0.43280294519929496,0.3333333333333333,0.22374662483883936,0.3333333333333333,-0.25512594664379495,0.3333333333333333,0.38181818181818183,0.0,0.2277910237891026,0.6666666666666666,0.3090909090909091
2022-06-14,0.2727272727272727,-0.5780059766913394,0.3333333333333333,0.42922821907858977,0.3333333333333333,-0.35535399711100013,0.3333333333333333,0.3545454545454546,0.0,0.5272727272727273,0.3333333333333333,-0.27272727272727276
2022-06-15,0.2727272727272727,-0.8063802242134231,0.0,0.009304842103984709,0.0,-0.3545454545454546,0.0,0.09090909090909091,0.0,-0.16856535760393596,0.0,-0.5
2022-06-16,0.2727272727272727,-0.3553539971110001,0.0,-0.4024177210486571,0.0,-0.2625570776255708,0.3333333333333333,0.14123043474924363,0.0,-0.3052399718773975,0.3333333333333333,-0.2870166899742693
2022-06-17,0.2727272727272727,-0.7636363636363637,0.0,-0.4385927910529725,0.0,-0.40368671387966554,0.3333333333333333,-0.02727272727272728,0.0,0.3272727272727273,0.0,-0.8090909090909091
2022-06-20,0.2727272727272727,-0.15596986672623442,0.3333333333333333,0.24056261216234404,0.3333333333333333,0.41788182594909984,0.0,-0.3302891295379082,0.0,0.5137830903923016,0.6666666666666666,0.2568915451961508
2022-06-21,0.2727272727272727,-0.22019275302527216,0.3333333333333333,0.19770585116612122,0.3333333333333333,0.08451542547285165,0.3333333333333333,-0.1926686588971131,0.0,0.5413071845204607,0.3333333333333333,0.21101805498255247
2022-06-22,0.2727272727272727,0.47919936835521254,0.3333333333333333,0.33809523809523806,0.3333333333333333,-0.009523809523809525,0.6666666666666666,0.5024614736151742,0.0,-0.009304842103984709,0.6666666666666666,0.5024614736151742
2022-06-23,0.2727272727272727,-0.12096294735180121,0.0,-0.21957751641341994,0.0,-0.28095238095238095,0.6666666666666666,0.6001623157070137,0.0,-0.4826237002135596,0.3333333333333333,0.04187178946793119
2022-06-24,0.2727272727272727,-0.12561536840379356,0.3333333333333333,0.19030051422496397,0.0,-0.08374357893586239,0.3333333333333333,0.46989452625122785,0.0,-0.40476063152333486,0.0,-0.2977549473275107
2022-06-27,0.2727272727272727,-0.7890240316738918,0.3333333333333333,-0.22883102141894218,0.0,-0.8363636363636365,0.0,0.16363636363636366,0.3333333333333333,-0.315071777834284,0.0,-0.26363636363636367
2022-06-28,0.2727272727272727,-0.779849333631172,0.3333333333333333,-0.1263507945427984,0.0,-0.9363636363636365,0.0,0.018181818181818184,0.0,-0.19090909090909092,0.0,-0.6545454545454547
2022-06-29,0.2727272727272727,-0.6055300708194984,0.0,-0.659256524138491,0.0,-0.9363636363636365,0.0,-0.07272727272727274,0.0,-0.18223281903128208,0.0,-0.7272727272727273
2022-06-30,0.2727272727272727,-0.6291703896312291,0.3333333333333333,-0.6404761904761904,0.0,-0.5828788649922216,0.3333333333333333,-0.2744928420675489,0.0,-0.6295091741915994,0.0,-0.6606437893829143
2022-07-01,0.2727272727272727,0.0597715363990599,0.0,-0.4852426820266953,0.3333333333333333,-0.4629629629629629,0.0,-0.23854214911071145,0.3333333333333333,-0.1651445647689541,0.3333333333333333,-0.13762047064079508
2022-07-04,0.2727272727272727,-0.41818181818181827,0.0,-0.8747175313501542,0.0,-0.8363636363636365,0.0,-0.48181818181818187,0.0,-0.5205533720740343,0.0,-0.38181818181818183
2022-07-05,0.2727272727272727,-0.17123287671232876,0.0,0.02054794520547945,0.3333333333333333,-0.40867579908675805,0.0,-0.7107079942220002,0.0,-0.13013698630136988,0.0,-0.10022805046720515
2022-07-06,0.2727272727272727,-0.4100238428203847,0.0,-0.7181818181818183,0.0,-0.5558100980454104,0.0,-0.07272727272727274,0.0,-0.27272727272727276,0.0,-0.6818181818181819
2022-07-07,0.2727272727272727,-0.7061521737462181,0.0,-0.5046083923495819,0.0,-0.7152638146977822,0.3333333333333333,0.20000000000000004,0.0,-0.3516018390324618,0.0,-0.7545454545454545
2022-07-08,0.2727272727272727,-0.769406392694064,0.3333333333333333,-0.37304247359502185,0.0,-0.6253022269440114,0.3333333333333333,-0.13211879379767952,0.0,-0.6215661725595735,0.0,-0.4009122018688206
2022-07-11,0.2727272727272727,-0.2779050490227052,0.0,-0.5828788649922216,0.3333333333333333,-0.29157251045005134,0.3333333333333333,-0.2004561009344103,0.0,-0.35990981758678214,0.0,-0.8337151470681154
2022-07-12,0.2727272727272727,-0.27272727272727276,0.0,-0.4403855060505443,0.3333333333333333,-0.20000000000000004,0.6666666666666666,0.1272727272727273,0.3333333333333333,0.11818181818181818,0.0,-0.8454545454545455
2022-07-13,0.2727272727272727,-0.17767699855550007,0.0,-0.30510802855858954,0.3333333333333333,-0.3272727272727273,0.6666666666666666,0.36363636363636365,0.6666666666666666,0.15454545454545454,0.0,-0.5090909090909091
2022-07-14,0.2727272727272727,-0.4145796632961667,0.0,-0.5642267413124706,0.0,-0.7625570776255707,0.3333333333333333,0.42824712472351295,0.3333333333333333,0.013698630136986304,0.3333333333333333,-0.35990981758678214
2022-07-15,0.2727272727272727,-0.10000000000000002,0.0,-0.23854214911071148,0.0,-0.4909090909090909,0.3333333333333333,-0.10000000000000002,0.3333333333333333,-0.15981901774202809,0.3333333333333333,-0.14545454545454548
2022-07-18,0.2727272727272727,0.023041719317055457,0.3333333333333333,-0.24885097500339656,0.0,-0.648148148148148,0.3333333333333333,-0.24771684715343112,0.3333333333333333,-0.1651445647689541,0.6666666666666666,0.39451201583694584
2022-07-19,0.2727272727272727,-0.004597810492235377,0.0,-0.5587408684038526,0.0,-0.7314814814814815,0.3333333333333333,-0.0642228862990377,0.3333333333333333,-0.24885056862419896,0.3333333333333333,0.27524094128159016
2022-07-20,0.2727272727272727,-0.27127081904188727,0.0,-0.43219418627012546,0.0,-0.6949046094434469,0.0,-0.04587349021359836,0.3333333333333333,0.2018433569398328,0.3333333333333333,0.5137830903923016
2022-07-21,0.2727272727272727,0.11917969955646639,0.0,-0.3976745805080849,0.3333333333333333,-0.17142857142857143,0.0,-0.22331621049563305,0.0,-0.18144442102770184,0.3333333333333333,0.6141195788629908
2022-07-22,0.2727272727272727,-0.2414584852164488,0.0,-0.7834743779559359,0.6666666666666666,-0.17213957892371712,0.3333333333333333,0.18181818181818182,0.3333333333333333,-0.4272727272727273,0.3333333333333333,-0.02727272727272728
2022-07-25,0.2727272727272727,-0.009111640951564104,0.3333333333333333,0.2744928420675489,0.3333333333333333,-0.15454545454545454,0.3333333333333333,-0.009090909090909092,0.3333333333333333,-0.4272727272727273,0.0,-0.5454545454545455
2022-07-26,0.2727272727272727,-0.3090909090909091,0.0,-0.20005410523567121,0.3333333333333333,-0.26363636363636367,0.6666666666666666,0.14545454545454548,0.3333333333333333,-0.5454545454545455,0.3333333333333333,-0.27272727272727276
2022-07-27,0.2727272727272727,-0.15454545454545454,0.6666666666666666,0.013957263155977066,0.6666666666666666,-0.3181818181818182,0.3333333333333333,-0.06363636363636364,0.6666666666666666,-0.20000000000000004,0.3333333333333333,-0.15454545454545454
2022-07-28,0.2727272727272727,-0.26423758759535904,0.6666666666666666,0.37219368415938836,0.0,-0.511766315719159,0.3333333333333333,-0.3545454545454546,0.3333333333333333,-0.23636363636363636,0.3333333333333333,-0.18181818181818182
2022-07-29,0.2727272727272727,-0.701596353270436,0.3333333333333333,-0.6212247398354255,0.0,-0.4954336943068623,0.3333333333333333,-0.10909090909090911,0.3333333333333333,-0.1552527600922559,0.3333333333333333,-0.06363636363636364
2022-08-01,0.2727272727272727,-0.4510262271024232,0.0,0.16723646889862379,0.0,-0.6287032256579232,0.3333333333333333,-0.20501192141019234,0.0,-0.26940639269406397,0.3333333333333333,-0.4692495090055514
2022-08-02,0.2727272727272727,-0.44545454545454555,0.3333333333333333,-0.019069251784911846,0.3333333333333333,-0.5284751751907181,0.3333333333333333,-0.10909090909090911,0.0,-0.4100238428203847,0.0,-0.4909090909090909
2022-08-03,0.2727272727272727,-0.5649217389969745,0.3333333333333333,0.2144994223171376,0.0,-0.514807713763372,0.3333333333333333,-0.03644656380625642,0.3333333333333333,-0.4885844748858448,0.3333333333333333,-0.2687934080711411
2022-08-04,0.2727272727272727,-0.173121178079718,0.3333333333333333,-0.36837944267508405,0.3333333333333333,-0.04555820475782052,0.3333333333333333,-0.06378148666094874,0.3333333333333333,-0.13667461427346156,0.3333333333333333,-0.13667461427346156
2022-08-05,0.2727272727272727,-0.3181818181818182,0.3333333333333333,-0.3578132236660672,0.0,-0.3690214585383462,0.3333333333333333,-0.11818181818181818,0.3333333333333333,-0.19090909090909092,0.3333333333333333,-0.02727272727272728
2022-08-08,0.2727272727272727,-0.12300715284611541,0.3333333333333333,-0.1926686588971131,0.3333333333333333,-0.34168653568365387,0.3333333333333333,-0.3727272727272728,0.0,-0.38181818181818183,0.3333333333333333,-0.10000000000000002
2022-08-09,0.2727272727272727,-0.22727272727272727,0.3333333333333333,0.40045428748314876,0.0,-0.6181818181818182,0.3333333333333333,-0.3181818181818182,0.0,-0.4100238428203847,0.3333333333333333,-0.24545454545454545
2022-08-10,0.2727272727272727,-0.5363636363636364,0.0,-0.511766315719159,0.3333333333333333,-0.3727272727272728,0.3333333333333333,0.14545454545454548,0.3333333333333333,0.05454545454545456,0.3333333333333333,-0.10000000000000002
2022-08-11,0.2727272727272727,-0.37442922374429227,0.0,-0.09817351598173515,0.0,-0.25114155251141557,0.0,-0.33257489473208984,0.0,-0.1643835616438356,0.0,-0.7152638146977822
2022-08-12,0.2727272727272727,-0.7243754556493464,0.0,0.11441551070947109,0.0,-0.7636363636363637,0.3333333333333333,-0.29090909090909095,0.0,-0.7000000000000001,0.0,-0.4727272727272727
2022-08-15,0.2727272727272727,-0.3872447404414744,0.0,0.6195915847063591,0.0,-0.45873490213598356,0.3333333333333333,-0.20000000000000004,0.0,-0.7243754556493464,0.0,-0.4727272727272727
2022-08-16,0.2727272727272727,-0.5056960728118078,0.3333333333333333,0.22019275302527214,0.3333333333333333,-0.45873490213598356,0.3333333333333333,-0.045454545454545456,0.3333333333333333,-0.46469368852976933,0.0,-0.3090909090909091
2022-08-18,0.2727272727272727,-0.5512542775696283,0.3333333333333333,-0.07909115788387004,0.0,-0.4954336943068623,0.3333333333333333,-0.13636363636363638,0.0,-0.5421426366180643,0.0,-0.5727272727272729
2022-08-19,0.2727272727272727,-0.6378148666094873,0.0,-0.17272727272727276,0.0,-0.5862050525510367,0.3333333333333333,-0.3454545454545455,0.0,-0.4703245379265399,0.0,-0.4909090909090909
2022-08-22,0.2727272727272727,-0.2870166899742693,0.0,0.32644765748163995,0.0,-0.5090909090909091,0.0,-0.3545454545454546,0.3333333333333333,-0.22727272727272727,0.6666666666666666,0.009090909090909092
2022-08-23,0.2727272727272727,-0.36446563806256416,0.3333333333333333,0.08736209307562355,0.0,-0.7818181818181819,0.3333333333333333,-0.3545454545454546,0.0,-0.4000000000000001,0.6666666666666666,0.2545454545454546
2022-08-24,0.2727272727272727,-0.2824608694984872,0.3333333333333333,-0.004652421051992354,0.0,-0.2545454545454546,0.3333333333333333,-0.38181818181818183,0.3333333333333333,0.013667461427346159,0.0,-0.27272727272727276
2022-08-25,0.2727272727272727,-0.4373587656750771,0.0,-0.08860722131644513,0.0,-0.6818181818181819,0.3333333333333333,0.018181818181818184,0.0,-0.5148077137633719,0.3333333333333333,-0.3181818181818182
2022-08-26,0.2727272727272727,-0.19590028045862823,0.0,0.1651445647689541,0.3333333333333333,-0.3727272727272728,0.3333333333333333,-0.08181818181818183,0.0,-0.46469368852976933,0.3333333333333333,-0.6454545454545455
2022-08-29,0.2727272727272727,-0.43578440142553126,0.3333333333333333,-0.05733821790809959,0.3333333333333333,-0.605924123279013,0.3333333333333333,0.1138955118945513,0.0,-0.6415525114155252,0.0,-0.8519384289712436
2022-08-30,0.2727272727272727,-0.8421074679884444,0.3333333333333333,-0.25646670059657756,0.0,-0.5776255707762558,0.3333333333333333,0.054669845709384636,0.3333333333333333,-0.15945371665237182,0.0,-0.8291593265923334
2022-08-31,0.2727272727272727,-0.8518518518518519,0.3333333333333333,-0.280466440026358,0.0,-0.7614999375457328,0.3333333333333333,0.22936745106799178,0.3333333333333333,0.2626756002144322,0.0,-0.8899457101438082
2022-09-01,0.2727272727272727,-0.4608343863411092,0.3333333333333333,-0.004695301415158426,0.0,-0.560932880052716,0.6666666666666666,0.09174698042719671,0.6666666666666666,-0.05057591541458915,0.3333333333333333,-0.7156264473321344
2022-09-02,0.2727272727272727,-0.18271037844967217,0.3333333333333333,0.15892188826071488,0.0,-0.37860802791523246,0.3333333333333333,-0.16788736670484342,0.0,-0.41366432679627246,0.3333333333333333,-0.31245704358956966
2022-09-05,0.2727272727272727,-0.4965635331614208,0.6666666666666666,0.15525114155251143,0.0,-0.615035764230577,0.3333333333333333,-0.21867938283753854,0.3333333333333333,0.009111640951564104,0.0,-0.615035764230577
2022-09-06,0.2727272727272727,-0.875613227370427,0.0,-0.3520588344553019,0.3333333333333333,-0.6241474051821412,0.3333333333333333,-0.3963563813930385,0.0,-0.3781330994899103,0.3333333333333333,-0.4100238428203847
2022-09-07,0.2727272727272727,-0.6528890898974237,0.0,-0.6078902673087608,0.0,-0.6697529571185361,0.0,-0.1009216784699164,0.0,-0.41286141192238524,0.3333333333333333,-0.3578132236660672
2022-09-08,0.2727272727272727,-0.42592592592592593,0.0,0.13825031590233275,0.0,-0.779849333631172,0.3333333333333333,-0.3302891295379082,0.0,-0.4689766702080085,0.3333333333333333,-0.02752409412815902
2022-09-09,0.2727272727272727,-0.1620387735729793,0.3333333333333333,0.14385189531734033,0.3333333333333333,-0.654405675192635,0.3333333333333333,-0.18392019594868117,0.0,-0.46439849477042,0.3333333333333333,-0.46439849477042
2022-09-12,0.2727272727272727,0.009153342043352655,0.0,-0.04300366343107469,0.3333333333333333,-0.6241474051821412,0.3333333333333333,-0.1913444599828462,0.0,-0.33789954337899547,0.3333333333333333,-0.4373587656750771
2022-09-13,0.2727272727272727,-0.5558100980454104,0.3333333333333333,-0.0858116330321033,0.3333333333333333,-0.009090909090909092,0.0,-0.790909090909091,0.0,-0.7972685832618591,0.3333333333333333,-0.19090909090909092
2022-09-14,0.2727272727272727,-0.2733492285469231,0.3333333333333333,-0.06062599353230456,0.3333333333333333,-0.10909090909090911,0.0,-0.43636363636363645,0.0,-0.3945120158369459,0.3333333333333333,-0.28181818181818186
2022-09-15,0.2727272727272727,-0.4885844748858448,0.6666666666666666,-0.05828788649922216,0.6666666666666666,0.050114025233602574,0.3333333333333333,-0.7380429170766923,0.0,-0.8781818040169571,0.0,-0.1640095371281539
2022-09-16,0.2727272727272727,-0.4562260424776981,0.3333333333333333,0.03678248393788302,0.3333333333333333,0.05504818825631804,0.0,-0.532132486477741,0.0,-0.8000190256489558,0.0,-0.39451201583694584
2022-09-19,0.2727272727272727,-0.5352895326091576,0.0,0.0,0.0,-0.6578891865794587,0.0,-0.40998891337560467,0.3333333333333333,-0.6402767666404454,0.0,-0.495800546407708
2022-09-20,0.2727272727272727,-0.6759259259259258,0.0,-0.4074074074074074,0.3333333333333333,-0.532132486477741,0.3333333333333333,-0.2568915451961508,0.0,-0.524150396114833,0.0,-0.5504818825631803
2022-09-21,0.2727272727272727,-0.5517372590682452,0.3333333333333333,-0.31807863600650477,0.3333333333333333,-0.4738053294813334,0.3333333333333333,0.2323468442648847,0.0,-0.6085255350518795,0.3333333333333333,-0.5694775594727565
2022-09-22,0.2727272727272727,-0.6436934689129528,0.0,-0.5375868161422822,0.3333333333333333,-0.3280190742563078,0.0,0.07289312761251283,0.0,-0.6643835616438356,0.3333333333333333,-0.054669845709384636
2022-09-23,0.2727272727272727,-0.7724321626955434,0.0,-0.3525495362833561,0.0,-0.4874727909086796,0.3333333333333333,-0.6742614304157437,0.3333333333333333,-0.5926788973070843,0.3333333333333333,-0.15945371665237182
2022-09-26,0.2727272727272727,-0.6436934689129528,0.0,-0.5106018857331862,0.0,-0.46118721461187223,0.3333333333333333,-0.36446563806256416,0.0,-0.5821917808219178,0.3333333333333333,-0.42824712472351295
2022-09-27,0.2727272727272727,-0.597715363990599,0.0,-0.5686039942553209,0.3333333333333333,-0.2671232876712329,0.3333333333333333,0.004555820475782052,0.0,-0.7625570776255707,0.0,-0.4874727909086796
2022-09-28,0.2727272727272727,-0.7037037037037036,0.3333333333333333,-0.6432562938767042,0.0,-0.37962962962962965,0.0,-0.22936745106799178,0.0,-0.5517372590682452,0.0,-0.6605782590758164
2022-09-29,0.2727272727272727,-0.648148148148148,0.3333333333333333,-0.24771684715343112,0.3333333333333333,-0.19444444444444442,0.3333333333333333,-0.5596565806059,0.0,-0.45370370370370366,0.0,-0.4036867138796656
2022-09-30,0.2727272727272727,-0.6697620338543727,0.3333333333333333,-0.15313266275716875,0.3333333333333333,-0.3915486395758086,0.0,-0.4092224359858156,0.3333333333333333,-0.5760613337963335,0.0,-0.2758802939230217
2022-10-03,0.2727272727272727,-0.4511627906976745,0.0,-0.4306180368815357,0.3333333333333333,-0.41476416033336017,0.3333333333333333,-0.2758802939230217,0.0,-0.7006979417070449,0.0,-0.312664333112758
2022-10-04,0.2727272727272727,-0.5263171674927777,0.3333333333333333,-0.22161814171012365,0.6666666666666666,0.6164383561643836,0.3333333333333333,-0.3143516128289616,0.0,-0.25400524170303623,0.0,-0.4054680223446026
2022-10-05,0.2727272727272727,-0.4954128440366973,0.0,-0.1605504587155963,0.6666666666666666,0.44240101088746486,0.0,-0.44749324967767873,0.3333333333333333,-0.004608343863411092,0.3333333333333333,-0.3653006119817785
2022-10-06,0.2727272727272727,-0.7222222222222222,0.0,-0.24056261216234404,0.0,-0.8703703703703702,0.0,-0.14679516868351475,0.3333333333333333,0.05069178249752201,0.0,-0.7614999375457328
2022-10-07,0.2727272727272727,-0.576900210447052,0.3333333333333333,0.3302891295379082,0.0,-0.4598004898717029,0.3333333333333333,0.09090909090909091,0.3333333333333333,0.5137830903923016,0.3333333333333333,-0.14545454545454548
2022-10-10,0.2727272727272727,-0.6742614304157438,0.0,0.09304842103984709,0.0,-0.7289312761251283,0.6666666666666666,0.3454545454545455,0.3333333333333333,-0.08181818181818183,0.0,-0.6090909090909091
2022-10-11,0.2727272727272727,-0.09195620984470754,0.0,-0.3219178082191781,0.3333333333333333,-0.20956774188597443,0.3333333333333333,0.1138955118945513,0.0,0.15753424657534248,0.0,-0.3553539971110001
2022-10-12,0.2727272727272727,-0.5489856841350979,0.0,-0.09111640951564104,0.0,-0.29090909090909095,0.6666666666666666,0.09090909090909091,0.3333333333333333,0.10959018359453356,0.0,-0.009090909090909092
2022-10-13,0.2727272727272727,-0.49693122187019645,0.3333333333333333,-0.08735839935247217,0.3333333333333333,-0.22146118721461192,0.3333333333333333,-0.2687934080711411,0.0,-0.5102988189169105,0.0,-0.15945371665237182
2022-10-14,0.2727272727272727,-0.45873490213598356,0.0,-0.5662159485717567,0.3333333333333333,-0.40368671387966554,0.3333333333333333,-0.21818181818181823,0.3333333333333333,0.06833730713673078,0.0,-0.41818181818181827
2022-10-17,0.2727272727272727,-0.7505553499465134,0.3333333333333333,-0.28506425051859335,0.0,-0.30792014356780034,0.0,-0.44956020409326397,0.0,-0.02758686295341227,0.0,-0.2660662432388705
2022-10-18,0.2727272727272727,-0.7257776841108073,0.6666666666666666,-0.3337119062359573,0.6666666666666666,-0.3578132236660672,0.0,-0.5272727272727273,0.0,-0.13272623973061584,0.0,-0.7363636363636363
2022-10-19,0.2727272727272727,-0.858116330321033,0.6666666666666666,0.09770084209183945,0.3333333333333333,-0.3371307152078719,0.0,-0.43636363636363645,0.0,0.17272727272727276,0.0,-0.6454545454545455
2022-10-20,0.2727272727272727,-0.49693122187019645,0.3333333333333333,-0.43481481913642184,0.3333333333333333,-0.541095890410959,0.0,-0.7653778399313848,0.3333333333333333,-0.2666730085496519,0.0,-0.7471545580282566
2022-10-21,0.2727272727272727,-0.530952380952381,0.3333333333333333,-0.29523809523809524,0.3333333333333333,-0.16553759765779097,0.0,-0.7443873683187767,0.0,-0.5852103804521905,0.0,-0.6280768420189679
2022-10-24,0.2727272727272727,-0.5828788649922216,0.0,-0.7262840935025948,0.3333333333333333,-0.18493150684931506,0.0,-0.4601378680539873,0.0,-0.5456621004566211,0.0,-0.5922566618516668
2022-10-25,0.2727272727272727,-0.7794228634059946,0.3333333333333333,-0.1596402481153865,0.3333333333333333,-0.6436934689129528,0.0,-0.2935903373670295,0.0,-0.4312108080078246,0.0,-0.6697529571185361
2022-10-26,0.2727272727272727,-0.3859090603747097,0.3333333333333333,-0.10850143024389877,0.3333333333333333,-0.3805114650329648,0.0,-0.08276408817690653,0.0,-0.6336674671759669,0.0,-0.5747506123396285
2022-10-27,0.2727272727272727,-0.7136858151040807,0.3333333333333333,0.07477941932954754,0.3333333333333333,-0.5117878542522684,0.0,-0.06978631577988531,0.6666666666666666,-0.2075048759372309,0.3333333333333333,-0.44197999993927367
2022-10-28,0.2727272727272727,-0.37857142857142856,0.3333333333333333,0.21548563175758456,0.3333333333333333,-0.3059035234677576,0.3333333333333333,0.046524210519923545,0.3333333333333333,-0.13957263155977062,0.0,-0.4466324209912661
2022-10-31,0.2727272727272727,-0.7419884973057778,0.6666666666666666,0.2903256633948988,0.3333333333333333,-0.5565953453755305,0.3333333333333333,0.1004576682949891,0.3333333333333333,-0.391305372353326,0.0,-0.7671312851617349
2022-11-01,0.2727272727272727,-0.6324590023257882,0.6666666666666666,0.3203669715173429,0.3333333333333333,-0.5377588450469685,0.3333333333333333,0.10959018359453357,0.3333333333333333,-0.06849386474658346,0.0,-0.6210110403690234
2022-11-02,0.2727272727272727,-0.7342172431423766,0.6666666666666666,0.09744805811819829,0.3333333333333333,-0.6682098601946083,0.3333333333333333,0.1009216784699164,0.3333333333333333,-0.14679516868351475,0.3333333333333333,-0.5963553727767786
2022-11-03,0.2727272727272727,-0.5409115867127818,0.3333333333333333,-0.11212844003107003,1.0,-0.21149928264282739,0.0,-0.605924123279013,0.3333333333333333,-0.4063926940639269,1.0,-0.13211879379767952
2022-11-04,0.2727272727272727,-0.65,0.6666666666666666,0.06573421981221796,0.3333333333333333,-0.4745469473032202,0.0,-0.3256694736394648,0.3333333333333333,0.41967278279439957,0.6666666666666666,0.09304842103984709
2022-11-07,0.2727272727272727,-0.8263730490678828,0.3333333333333333,-0.08295018954139965,0.3333333333333333,-0.6605782590758164,0.0,-0.24771684715343112,0.3333333333333333,-0.45873490213598356,0.6666666666666666,-0.39451201583694584
2022-11-08,0.2727272727272727,-0.7465529250101895,0.6666666666666666,0.1609233672282382,0.3333333333333333,-0.5747263115294221,0.3333333333333333,0.2844156393243098,0.3333333333333333,0.37616261975150656,0.6666666666666666,-0.14679516868351475
2022-11-09,0.2727272727272727,-0.7264540577731897,0.6666666666666666,0.2528795770729457,0.0,-0.5694775594727565,0.3333333333333333,-0.13211879379767952,0.0,-0.2945205479452055,0.3333333333333333,-0.24145848521644878
2022-11-10,0.2727272727272727,-0.6018518518518517,0.6666666666666666,-0.04587349021359836,0.3333333333333333,-0.28506425051859335,0.3333333333333333,-0.2935903373670295,0.0,-0.29425987150306415,0.3333333333333333,-0.2935903373670295
2022-11-11,0.2727272727272727,-0.7471545580282566,0.3333333333333333,-0.5963553727767786,0.3333333333333333,-0.4727272727272727,0.6666666666666666,-0.28181818181818186,0.0,-0.37813309948991036,0.6666666666666666,-0.20909090909090913
2022-11-14,0.2727272727272727,-0.10115183082917831,0.0,-0.14921698943800876,0.3333333333333333,-0.30345549248753495,0.6666666666666666,0.050114025233602574,0.0,-0.009132420091324202,0.3333333333333333,-0.10933969141876927
2022-11-15,0.2727272727272727,-0.3112136294739903,0.3333333333333333,-0.16129717346297337,0.3333333333333333,-0.33257489473208984,0.6666666666666666,0.19590028045862823,0.3333333333333333,-0.0684931506849315,0.3333333333333333,-0.06378148666094874
2022-11-16,0.2727272727272727,-0.42660999297446744,0.0,-0.58675799086758,0.3333333333333333,-0.30979579235317956,0.3333333333333333,-0.3052399718773975,0.0,-0.45433789954337905,0.0,-0.3280190742563078
2022-11-17,0.2727272727272727,-0.7396627525944923,0.3333333333333333,0.25802198058644815,0.3333333333333333,-0.6369863013698631,0.3333333333333333,-0.18223281903128208,0.3333333333333333,-0.03644656380625642,0.0,-0.44647040662664117
2022-11-18,0.2727272727272727,-0.550714635109295,0.0,0.2687934080711411,0.0,-0.18418972133754202,0.0,-0.3052399718773975,0.0,-0.24145848521644878,0.0,-0.3963563813930385
2022-11-21,0.2727272727272727,-0.9279431530676169,0.0,-0.07816277836800142,0.0,-0.6095890410958905,0.3333333333333333,0.06833730713673078,0.0,-0.12300715284611541,0.0,-0.4419145861508591
2022-11-22,0.2727272727272727,-0.8600732686214937,0.0,0.06164383561643836,0.0,-0.3264445449487118,0.6666666666666666,-0.06378148666094874,0.0,-0.4885844748858448,0.0,-0.4965844318602437
2022-11-23,0.2727272727272727,-0.8104432008587533,0.0,-0.2140113683916483,0.0,-0.40462443108709856,0.3333333333333333,-0.045454545454545456,0.3333333333333333,-0.5011402523360258,0.0,-0.5454545454545455
2022-11-24,0.2727272727272727,-0.6917776312525235,0.0,-0.686500653251449,0.3333333333333333,0.002331515459968887,0.6666666666666666,0.2369026647406667,0.0,-0.03652968036529681,0.0,-0.2687934080711411
2022-11-25,0.2727272727272727,-0.5833333333333333,0.0,-0.4206342337287049,0.0,-0.46190476190476193,0.3333333333333333,-0.33497431574344955,0.0,-0.47796066929362174,0.0,-0.12561536840379356
2022-11-28,0.2727272727272727,-0.7678668180857438,0.3333333333333333,-0.05479509179726678,0.0,-0.6666736168667458,0.3333333333333333,-0.10909090909090911,0.3333333333333333,0.02277910237891026,0.3333333333333333,-0.3545454545454546
2022-11-29,0.2727272727272727,-0.7586708082883098,0.3333333333333333,0.16856535760393596,0.0,-0.6027460097699346,0.3333333333333333,0.09090909090909091,0.3333333333333333,-0.2545454545454546,0.3333333333333333,-0.41818181818181827
2022-11-30,0.2727272727272727,-0.7087806998305416,0.0,-0.03678248393788302,0.0,-0.5563350695604807,0.0,0.10478387094298722,0.3333333333333333,-0.05936073059360731,0.3333333333333333,-0.4965844318602437
2022-12-01,0.2727272727272727,-0.8067043491492348,0.3333333333333333,-0.009195620984470755,0.0,-0.42237442922374424,0.0,0.2870166899742693,0.6666666666666666,-0.21917808219178087,0.3333333333333333,-0.3872447404414744
2022-12-02,0.2727272727272727,-0.6294555470518038,0.0,-0.07694001017897327,0.0,-0.6380952380952382,0.3333333333333333,-0.19074926313168655,0.3333333333333333,-0.5350284209791207,0.0,-0.4187178946793119
2022-12-05,0.2727272727272727,-0.42339019740572553,0.6666666666666666,0.5185185185185185,0.3333333333333333,-0.08333333333333333,0.0,0.0642228862990377,0.3333333333333333,-0.2580672563510211,0.3333333333333333,-0.15596986672623442
2022-12-06,0.18181818181818182,-0.32716515254078793,0.0,-0.10185185185185185,0.3333333333333333,-0.25925925925925924,0.0,-0.3394638275806278,0.0,-0.11034745181364908,0.3333333333333333,0.08257228238447704
2022-12-07,0.18181818181818182,-0.5377870667977516,0.0,0.06528243287912883,0.3333333333333333,-0.25413518513660865,0.0,-0.16748715787172477,0.0,-0.50709255283711,0.3333333333333333,-0.14887747366375534
2022-12-08,0.2727272727272727,-0.27905263010831916,0.3333333333333333,0.12962962962962962,0.6666666666666666,0.25925925925925924,0.0,-0.6147047688622179,0.3333333333333333,0.10185185185185185,0.6666666666666666,0.37616261975150656
2022-12-09,0.2727272727272727,-0.5036621001145303,0.6666666666666666,0.06378148666094874,0.3333333333333333,-0.20000000000000004,0.0,-0.3181818181818182,0.6666666666666666,-0.11818181818181818,0.3333333333333333,-0.22727272727272727
2022-12-12,0.2727272727272727,-0.6993822218759893,0.3333333333333333,0.06481481481481481,0.3333333333333333,-0.3218467344564764,0.0,0.2660662432388705,1.0,0.09195620984470754,0.3333333333333333,-0.3302891295379082
2022-12-13,0.2727272727272727,-0.8004003002502189,0.3333333333333333,-0.06481481481481481,0.3333333333333333,-0.524150396114833,0.0,0.22019275302527216,0.6666666666666666,0.06436934689129528,0.3333333333333333,0.04587349021359836
2022-12-14,0.2727272727272727,-0.8426587150642365,0.3333333333333333,-0.07339758434175737,0.3333333333333333,-0.3006841514016155,0.0,0.14545454545454548,0.0,-0.4282471247235129,0.3333333333333333,-0.20909090909090913
2022-12-15,0.2727272727272727,-0.7402112767961078,0.3333333333333333,0.11972828565264391,0.3333333333333333,-0.16247182126950963,0.0,0.374433127281323,0.3333333333333333,-0.47597378625433806,0.6666666666666666,-0.3516018390324618
2022-12-16,0.2727272727272727,-0.7113410276974672,0.0,-0.21609709313506273,0.3333333333333333,-0.6484018264840183,0.0,-0.346242356159436,0.3333333333333333,-0.5159817351598174,0.3333333333333333,-0.5102518932875899
2022-12-19,0.2727272727272727,-0.6774265479214304,0.0,-0.3578132236660672,0.3333333333333333,-0.3862160813477717,0.3333333333333333,-0.09174698042719671,0.0,-0.6866432356482527,0.3333333333333333,-0.6055300708194984
2022-12-20,0.2727272727272727,-0.7245680977206959,0.0,-0.31640482288982436,0.3333333333333333,-0.32265530702818107,0.3333333333333333,-0.2054815942397504,0.0,-0.5433846603228955,0.3333333333333333,-0.4383607343781343
2022-12-21,0.2727272727272727,-0.852543614731052,0.0,-0.18227483461577212,0.3333333333333333,-0.5799147215210734,0.3333333333333333,-0.17351779069134482,0.0,-0.6041205748612752,0.3333333333333333,-0.5479509179726677
2022-12-22,0.2727272727272727,-0.6728182040580194,0.0,-0.30345549248753495,0.0,-0.009195620984470755,0.3333333333333333,-0.3211144314951885,0.3333333333333333,-0.35862921839435946,0.0,-0.532132486477741
2022-12-23,0.2727272727272727,-0.35531870802793386,0.3333333333333333,-0.44633965912323686,0.3333333333333333,0.3095238095238095,0.0,-0.786259157786708,0.3333333333333333,-0.2744928420675489,0.3333333333333333,-0.1628347368197324
2022-12-26,0.2727272727272727,-0.34802877899356527,0.3333333333333333,-0.2666730085496519,0.6666666666666666,-0.2935903373670295,0.3333333333333333,-0.4036867138796656,0.0,-0.02752409412815902,0.3333333333333333,-0.018349396085439344
2022-12-27,0.2727272727272727,-0.47393897196416646,0.3333333333333333,-0.07982012405769323,0.3333333333333333,-0.2512307368075871,0.0,-0.6141195788629908,0.3333333333333333,-0.29310252627551836,0.3333333333333333,-0.07909115788387003
2022-12-28,0.2727272727272727,-0.6635753355223666,0.3333333333333333,-0.03286710990610898,0.0,-0.1888527522574798,0.0,-0.6094671578109985,0.6666666666666666,0.3396267367954419,0.6666666666666666,0.08374357893586239
2022-12-29,0.2727272727272727,-0.4761904761904761,0.3333333333333333,0.6338656910463873,0.3333333333333333,-0.2821133706562353,0.0,-0.40941305257532723,0.0,0.07909115788387003,0.6666666666666666,-0.06978631577988531
2022-12-30,0.2727272727272727,0.13457112787751194,0.3333333333333333,0.3218467344564764,0.3333333333333333,0.3239757976459313,0.3333333333333333,-0.11927107455535572,0.0,-0.18349396085439343,0.6666666666666666,0.6697529571185361
2023-01-02,0.2727272727272727,-0.21521103473958814,0.6666666666666666,0.6712973363555144,0.3333333333333333,-0.20238039394309096,0.3333333333333333,-0.013990613892070286,0.3333333333333333,0.29380289173347596,0.6666666666666666,0.09327075928046856
2023-01-03,0.2727272727272727,0.01647172818672541,0.3333333333333333,0.41788182594909984,0.6666666666666666,0.23006976934276283,0.3333333333333333,0.21401136839164833,0.0,-0.47919936835521254,0.6666666666666666,0.37219368415938836
2023-01-04,0.2727272727272727,-0.1340956799309612,1.0,0.7290993384630885,0.6666666666666666,0.18461169146982045,0.3333333333333333,-0.07762638004612793,0.3333333333333333,0.21510353801878737,0.6666666666666666,0.22374662483883936
2023-01-05,0.2727272727272727,-0.31708610255576863,0.6666666666666666,0.17162516331286226,0.6666666666666666,0.1379343147670613,0.0,-0.4009122018688206,0.3333333333333333,0.1640095371281539,0.6666666666666666,0.5512542775696284
2023-01-06,0.2727272727272727,-0.3006841514016155,0.6666666666666666,0.514807713763372,0.3333333333333333,-0.13667461427346156,0.0,-0.4328029451992949,0.3333333333333333,0.091324200913242,0.6666666666666666,0.4783611499571155
2023-01-09,0.2727272727272727,-0.5205479452054795,0.6666666666666666,0.4009122018688206,0.3333333333333333,-0.2850642505185934,0.3333333333333333,-0.22323520331332058,0.6666666666666666,0.091324200913242,0.6666666666666666,0.3280190742563078
2023-01-10,0.2727272727272727,-0.6621073592169735,0.6666666666666666,0.2876742319356506,0.0,-0.5137830903923016,0.3333333333333333,0.02727272727272728,0.6666666666666666,-0.16363636363636366,0.3333333333333333,-0.22727272727272727
2023-01-11,0.2727272727272727,-0.5114208567744899,0.6666666666666666,0.39726441553018416,0.0,-0.38181818181818183,0.3333333333333333,0.17272727272727276,0.3333333333333333,-0.16856535760393596,0.3333333333333333,-0.18181818181818182
2023-01-12,0.2727272727272727,-0.3844484185300596,0.6666666666666666,0.7289312761251283,0.0,-0.28310797428587836,0.3333333333333333,0.5363636363636364,0.3333333333333333,0.004555820475782052,0.3333333333333333,0.05454545454545456
2023-01-13,0.2727272727272727,-0.6940711627653792,0.3333333333333333,0.5844809791708456,0.3333333333333333,-0.3234632537805257,0.0,0.5545454545454546,0.3333333333333333,-0.18223281903128208,0.3333333333333333,-0.28181818181818186
2023-01-16,0.2727272727272727,-0.34168653568365387,0.3333333333333333,0.38181818181818183,0.0,-0.22936745106799178,0.0,0.3727272727272728,0.6666666666666666,0.1412304347492436,0.3333333333333333,-0.018181818181818184
2023-01-17,0.2727272727272727,-0.4988571413627197,0.3333333333333333,0.2754350780646758,0.0,-0.5858138907745699,0.0,0.02277910237891026,0.6666666666666666,0.15034207570080774,0.3333333333333333,-0.24601430569223082
2023-01-18,0.2727272727272727,-0.3885149865938894,0.0,0.35403140790212406,0.0,-0.6453106140563623,0.0,0.25512594664379495,0.6666666666666666,0.5616438356164384,0.0,-0.514807713763372
2023-01-19,0.2727272727272727,-0.503433812384396,0.3333333333333333,0.2341310564580733,0.0,-0.7126606262964834,0.0,0.30979579235317956,0.3333333333333333,0.5981735159817352,0.0,-0.4965844318602437
2023-01-20,0.2727272727272727,-0.6712328767123288,0.3333333333333333,0.2574773875651811,0.0,-0.5106018857331862,0.3333333333333333,-0.21867938283753854,0.0,0.11845133237033335,0.0,-0.5056960728118078
2023-01-24,0.2727272727272727,-0.6224272589479806,0.3333333333333333,-0.34825707983019427,0.0,-0.377020460363301,0.0,-0.2277910237891026,0.0,0.14123043474924363,0.0,-0.523919354714936
2023-01-25,0.2727272727272727,-0.5760429829263864,0.0,0.1011518308291783,0.0,-0.50709255283711,0.0,-0.08257228238447704,0.0,0.013793431476706135,0.0,-0.6330541649476574
2023-01-26,0.2727272727272727,-0.6164383561643836,0.3333333333333333,0.12442924810000806,0.0,-0.5898734113721283,0.3333333333333333,0.09111640951564104,0.3333333333333333,0.1913444599828462,0.0,-0.7608220194556027
2023-01-27,0.2727272727272727,-0.6218114184685034,0.3333333333333333,0.12962962962962962,0.3333333333333333,-0.14085904245475275,0.6666666666666666,0.009174698042719672,0.0,-0.1926686588971131,0.0,-0.7706746355884524
2023-01-30,0.2727272727272727,-0.3812028523213595,0.3333333333333333,0.0654319919133541,0.3333333333333333,-0.474225442931001,0.6666666666666666,0.02791452631195413,0.6666666666666666,0.06513389472789297,0.3333333333333333,-0.46989452625122785
2023-01-31,0.2727272727272727,-0.5058018254706483,0.3333333333333333,0.28703703703703703,0.3333333333333333,-0.18826083157496834,0.6666666666666666,0.22019275302527216,0.6666666666666666,0.13762047064079508,0.3333333333333333,-0.44038550605054433
2023-02-01,0.2727272727272727,-0.6402987780092507,0.3333333333333333,0.50709255283711,0.0,-0.40952380952380946,0.6666666666666666,0.22331621049563305,0.6666666666666666,0.3147545870957997,0.3333333333333333,-0.2558831578595795
2023-02-02,0.2727272727272727,-0.5012111576817875,0.3333333333333333,-0.21683093777710646,0.3333333333333333,-0.5351402195770746,0.6666666666666666,-0.12096294735180121,0.6666666666666666,-0.11191274207850657,0.3333333333333333,-0.4001082104713425
2023-02-03,0.2727272727272727,-0.5399596627432188,0.3333333333333333,0.2037037037037037,0.3333333333333333,-0.35862921839435946,0.3333333333333333,-0.39451201583694584,0.3333333333333333,0.018349396085439344,0.0,-0.3394638275806278
2023-02-06,0.2727272727272727,-0.5869126768948031,0.3333333333333333,0.1926686588971131,0.3333333333333333,-0.5517372590682452,0.3333333333333333,-0.14679516868351475,0.3333333333333333,-0.23854214911071145,0.3333333333333333,-0.4036867138796656
2023-02-07,0.2727272727272727,-0.7058001508049396,0.3333333333333333,0.04896182465934663,0.0,-0.5844748858447489,0.3333333333333333,-0.3826889199656924,0.3333333333333333,-0.08200476856407694,0.3333333333333333,-0.12756297332189748
2023-02-08,0.2727272727272727,-0.6821364068273881,0.3333333333333333,-0.1690308509457033,0.0,-0.5963553727767786,0.0,-0.587180674734059,0.3333333333333333,0.22222222222222224,0.3333333333333333,0.0
2023-02-09,0.2727272727272727,-0.7777777777777777,0.0,0.056478249472490506,0.0,-0.6881023532039754,0.0,-0.5963553727767786,0.3333333333333333,0.07339758434175737,0.3333333333333333,-0.0642228862990377
2023-02-10,0.2727272727272727,-0.7136858151040807,0.0,-0.12037037037037036,0.3333333333333333,-0.4036867138796656,0.3333333333333333,-0.3302891295379082,0.3333333333333333,0.04138029443011839,0.3333333333333333,-0.018349396085439344
2023-02-13,0.2727272727272727,-0.6212194630422154,0.6666666666666666,0.06496537207879886,0.3333333333333333,-0.6621127054152522,0.3333333333333333,-0.6115346515293649,0.6666666666666666,-0.11495012246792571,0.3333333333333333,-0.33565435760634316
2023-02-14,0.2727272727272727,-0.39038978109662265,0.0,0.07982012405769323,0.3333333333333333,-0.36754126310739604,0.3333333333333333,-0.3861509473153654,0.0,-0.17213957892371712,0.3333333333333333,0.10700568419582417
2023-02-15,0.2727272727272727,-0.433661875554213,0.0,-0.2327287788537188,0.6666666666666666,-0.2853881278538813,1.0,-0.16856535760393593,0.6666666666666666,-0.17767699855550004,0.6666666666666666,-0.5512542775696284
2023-02-16,0.2727272727272727,-0.7431204795873786,0.3333333333333333,0.24485189965968351,0.3333333333333333,-0.6659056336539056,0.6666666666666666,-0.2922404895854228,0.6666666666666666,-0.5492005226011593,0.3333333333333333,-0.9041190146549019
2023-02-17,0.2727272727272727,-0.5257927921608812,0.6666666666666666,0.2951952808981231,0.0,-0.5995439038395989,0.3333333333333333,-0.14155398714293918,0.3333333333333333,-0.34782699764740094,0.0,-0.7671312851617349
2023-02-20,0.2727272727272727,-0.27297820578370413,0.3333333333333333,-0.2935903373670295,0.3333333333333333,-0.4781722911924792,0.6666666666666666,0.2660662432388705,0.0,-0.6330541649476574,0.3333333333333333,-0.6055300708194984
2023-02-21,0.2727272727272727,-0.6150844853857538,0.0,-0.04138029443011839,0.3333333333333333,-0.6528890898974237,0.6666666666666666,-0.07339758434175737,0.0,-0.8165481258020507,0.3333333333333333,-0.8073734277593312
2023-02-22,0.2727272727272727,-0.5875418959121594,0.3333333333333333,-0.35011533315823906,0.3333333333333333,-0.450585428239067,0.3333333333333333,-0.30979579235317956,0.3333333333333333,-0.6560381485126155,0.6666666666666666,-0.6697056099399616
2023-02-23,0.2727272727272727,-0.5595637103925327,0.3333333333333333,0.06436934689129528,0.0,-0.6712328767123288,0.6666666666666666,-0.050114025233602574,0.3333333333333333,-0.6378148666094873,0.0,-0.9248315565837566
2023-02-24,0.2727272727272727,-0.5862050525510367,0.6666666666666666,0.5471625829473264,0.0,-0.46790960017870326,0.3333333333333333,-0.06363636363636364,0.0,-0.5284751751907181,0.3333333333333333,-0.5818181818181819
2023-02-27,0.2727272727272727,-0.6481612978713506,0.3333333333333333,0.599199473212004,0.3333333333333333,-0.5922049268320972,0.0,-0.09111640951564104,0.0,-0.6605939689883975,0.0,-0.5512542775696284
2023-02-28,0.2727272727272727,-0.5916079783099616,0.3333333333333333,0.31754264805429416,0.0,-0.5092592592592592,0.3333333333333333,-0.42203610996510493,0.0,0.17931460919717973,0.0,-0.39451201583694584
2023-03-01,0.2727272727272727,-0.6018518518518517,0.0,-0.00962250448649376,0.3333333333333333,-0.2676321806640303,0.3333333333333333,-0.02752409412815902,0.0,0.21296296296296297,0.3333333333333333,-0.07339758434175737
2023-03-02,0.2727272727272727,-0.48148148148148145,0.3333333333333333,0.015007505629691609,0.0,-0.6995999108586054,0.3333333333333333,-0.1926686588971131,0.3333333333333333,-0.25,0.0,-0.5596565806059
2023-03-03,0.2727272727272727,0.0684931506849315,0.3333333333333333,0.5160439611728963,0.6666666666666666,-0.0827605888602368,0.0,-0.4783611499571155,0.3333333333333333,0.16129717346297337,0.3333333333333333,-0.33257489473208984
2023-03-06,0.2727272727272727,-0.2824608694984872,0.6666666666666666,0.5922566618516668,0.3333333333333333,-0.3669879217087868,0.3333333333333333,-0.5727272727272729,0.3333333333333333,0.1834939608543934,0.0,-0.28181818181818186
2023-03-07,0.2727272727272727,-0.43607305936073065,1.0,0.6761394833909772,0.3333333333333333,-0.2123287671232877,0.3333333333333333,-0.1913444599828462,0.6666666666666666,-0.14578625522502567,0.3333333333333333,-0.13667461427346156
2023-03-08,0.2727272727272727,-0.6605782590758164,0.6666666666666666,0.6109234732870691,0.3333333333333333,-0.17431926281167376,0.3333333333333333,-0.045454545454545456,0.3333333333333333,0.08181818181818183,0.6666666666666666,0.05454545454545456
2023-03-09,0.2727272727272727,-0.07780340736849757,0.3333333333333333,0.431330360094244,0.0,0.06436934689129528,0.3333333333333333,0.07744894808829489,0.6666666666666666,0.2323468442648847,0.3333333333333333,-0.06378148666094874
2023-03-10,0.2727272727272727,-0.16476015678034778,0.6666666666666666,0.42791874052673656,0.3333333333333333,-0.15172774624376748,0.3333333333333333,0.07289312761251283,0.3333333333333333,-0.0022883355108381637,0.3333333333333333,-0.24145848521644878
2023-03-13,0.2727272727272727,-0.7671312851617349,0.3333333333333333,0.013794014696151088,0.3333333333333333,-0.4000264261883815,0.3333333333333333,0.05454545454545456,0.3333333333333333,0.6423706870852693,0.3333333333333333,-0.3272727272727273
2023-03-14,0.2727272727272727,-0.20737547385349914,0.3333333333333333,0.4860025335464383,0.3333333333333333,0.11738253537896062,0.3333333333333333,-0.02752409412815902,0.0,0.09259259259259257,0.3333333333333333,-0.42203610996510493
2023-03-15,0.2727272727272727,-0.7671312851617349,0.3333333333333333,0.26606624323887046,0.3333333333333333,-0.24601430569223082,0.3333333333333333,0.1272727272727273,0.6666666666666666,-0.009111640951564104,0.3333333333333333,-0.24545454545454545
2023-03-16,0.2727272727272727,-0.7816608327818949,0.0,0.20985920838105424,0.3333333333333333,-0.19178282129043372,0.3333333333333333,-0.045454545454545456,0.3333333333333333,-0.29090909090909095,0.6666666666666666,0.009090909090909092
2023-03-17,0.2727272727272727,-0.3404761904761905,0.0,0.22445701677816265,0.6666666666666666,0.24536996967507785,0.3333333333333333,-0.3489315788994266,0.0,-0.016320608219782207,0.6666666666666666,0.07443873683187767
2023-03-20,0.2727272727272727,-0.7505553499465134,0.3333333333333333,0.17633458135673977,0.0,-0.3981481481481481,0.3333333333333333,-0.22936745106799178,0.0,-0.05568460463897046,0.3333333333333333,-0.08257228238447704
2023-03-21,0.2727272727272727,-0.8907357511284747,0.3333333333333333,-0.06062599353230456,0.3333333333333333,-0.5780059766913394,0.3333333333333333,0.02727272727272728,0.0,0.19090909090909092,0.0,-0.5545454545454546
2023-03-24,0.2727272727272727,-0.9263066247445044,0.0,-0.5269224939529684,0.0,-0.3424657534246575,0.3333333333333333,-0.2323468442648847,0.0,0.07305936073059362,0.0,-0.01822328190312821
2023-03-27,0.2727272727272727,-0.4931566315111896,0.3333333333333333,0.1349202105077783,0.3333333333333333,-0.05922566618516668,0.0,-0.27272727272727276,0.3333333333333333,-0.009304842103984709,0.3333333333333333,-0.06363636363636364
2023-03-28,0.2727272727272727,-0.20595019597543474,0.3333333333333333,-0.1894977168949772,0.6666666666666666,-0.04100238428203847,0.6666666666666666,0.3781330994899103,0.3333333333333333,-0.07322673634682124,0.3333333333333333,-0.16856535760393593
2023-03-29,0.2727272727272727,-0.7048221006384426,0.0,-0.43636363636363645,0.0,-0.37813309948991036,0.3333333333333333,0.14545454545454548,0.3333333333333333,0.42203610996510493,0.3333333333333333,0.03636363636363637
2023-03-30,0.2727272727272727,-0.748866254562646,0.0,-0.23234684426488467,0.0,-0.3578132236660672,0.0,0.22727272727272727,0.3333333333333333,0.16856535760393596,0.3333333333333333,0.045454545454545456
2023-03-31,0.2727272727272727,-0.6881023532039754,0.3333333333333333,0.3143516128289616,0.0,-0.3486385256233475,0.0,-0.08181818181818183,0.0,0.09589141064521686,0.6666666666666666,0.5181818181818182
2023-04-03,0.2727272727272727,-0.9093899029845683,0.0,0.027524094128159017,0.0,-0.1651445647689541,0.3333333333333333,0.09090909090909091,0.0,0.46469368852976933,0.3333333333333333,-0.03636363636363637
2023-04-04,0.2727272727272727,-0.562942947291075,0.3333333333333333,-0.4862659205152521,0.0,-0.6195915847063591,0.3333333333333333,0.3181818181818182,0.3333333333333333,0.16363636363636366,0.3333333333333333,-0.7090909090909092
2023-04-05,0.2727272727272727,-0.2009132420091324,0.0,-0.3789954337899544,0.0,-0.4692495090055514,0.3333333333333333,-0.19590028045862823,0.6666666666666666,0.3607305936073059,0.0,-0.7289312761251283
2023-04-06,0.2727272727272727,0.0022831050228310505,0.3333333333333333,-0.3853251549446802,0.3333333333333333,-0.3904109589041096,0.3333333333333333,-0.3052399718773975,0.3333333333333333,0.5375868161422822,0.3333333333333333,-0.6378148666094873
2023-04-10,0.2727272727272727,-0.27688859681141786,0.3333333333333333,-0.2754350780646758,0.3333333333333333,-0.15945371665237182,0.3333333333333333,-0.42824712472351295,0.3333333333333333,0.29157251045005134,0.3333333333333333,-0.4054680223446026
2023-04-11,0.2727272727272727,-0.2935903373670295,0.3333333333333333,-0.2277910237891026,0.3333333333333333,-0.350798176635218,0.0,-0.28181818181818186,0.3333333333333333,0.34168653568365387,0.0,-0.7000000000000001
2023-04-12,0.2727272727272727,-0.24771684715343115,0.3333333333333333,-0.3853373177942262,0.3333333333333333,-0.5284751751907181,0.3333333333333333,-0.41818181818181827,0.3333333333333333,0.41818181818181827,0.0,-0.7000000000000001
2023-04-13,0.2727272727272727,-0.6330541649476574,0.0,-0.601368302803231,0.0,-0.5272727272727273,0.0,-0.6727272727272727,0.6666666666666666,0.30000000000000004,0.0,-0.7272727272727273
2023-04-14,0.2727272727272727,-0.48055045727601436,0.0,-0.35990981758678214,0.0,-0.4275963757778901,0.0,-0.5603659185211924,0.3333333333333333,0.13667461427346156,0.0,-0.8018244037376412
2023-04-17,0.2727272727272727,-0.6636363636363638,0.0,-0.6578891865794587,0.0,-0.9181818181818183,0.0,-0.6818181818181819,0.3333333333333333,-0.18678863950706415,0.0,-0.7818181818181819
2023-04-18,0.2727272727272727,-0.7579908675799087,0.0,-0.3052399718773975,0.0,-0.7380429170766923,0.0,-0.3872447404414744,0.0,-0.004555820475782052,0.0,-0.8109360446892052
2023-04-26,0.2727272727272727,-0.5885197430061283,0.3333333333333333,-0.5502283105022832,0.3333333333333333,-0.4173412673344307,0.0,-0.3143516128289616,0.6666666666666666,0.01822328190312821,0.3333333333333333,-0.5375868161422822
2023-04-27,0.2727272727272727,-0.34168653568365387,0.3333333333333333,-0.19590028045862823,0.0,-0.45873490213598356,0.0,-0.28181818181818186,0.3333333333333333,0.16363636363636366,0.0,-0.6363636363636364
2023-04-28,0.2727272727272727,-0.280466440026358,0.3333333333333333,-0.3027650354097492,0.0,-0.4312108080078246,0.0,-0.1009216784699164,0.6666666666666666,0.1743192628116738,0.3333333333333333,-0.18349396085439343
2023-05-02,0.2727272727272727,0.31193973345246884,0.6666666666666666,0.0597715363990599,0.3333333333333333,-0.39541170233224243,0.0,-0.4679096001787033,0.3333333333333333,0.2568915451961508,0.3333333333333333,-0.31193973345246884
2023-05-03,0.2727272727272727,-0.08626607201884881,0.0,-0.016666666666666666,0.0,-0.26984042101555655,0.0,-0.5303759999271284,0.3333333333333333,0.12123880391838211,0.0,-0.6234244209669755
2023-05-04,0.2727272727272727,-0.564782494724905,0.0,-0.7592592592592593,0.0,-0.30345549248753495,0.0,-0.3027650354097492,0.3333333333333333,-0.11927107455535572,0.0,-0.5046083923495819
2023-05-05,0.2727272727272727,-0.26027668603701715,0.0,-0.37813309948991036,0.6666666666666666,0.19090909090909092,0.0,-0.30000000000000004,0.3333333333333333,0.1913444599828462,0.0,-0.10000000000000002
2023-05-08,0.2727272727272727,-0.7156264473321344,0.0,-0.4601378680539873,0.3333333333333333,-0.6000000000000001,0.3333333333333333,-0.05454545454545456,0.3333333333333333,-0.26423758759535904,0.3333333333333333,-0.4090909090909091
2023-05-09,0.2727272727272727,-0.692484712318872,0.3333333333333333,-0.5090909090909091,0.3333333333333333,-0.48181818181818187,0.3333333333333333,0.009090909090909092,0.3333333333333333,-0.2414584852164488,0.6666666666666666,0.06363636363636364
2023-05-10,0.2727272727272727,-0.7517103785040387,0.0,-0.497809052563182,0.0,-0.3090909090909091,0.0,-0.24545454545454545,0.3333333333333333,0.050114025233602574,0.3333333333333333,0.07272727272727274
2023-05-11,0.2727272727272727,-0.6330541649476574,0.3333333333333333,-0.041002384282038465,0.3333333333333333,-0.05454545454545456,0.0,-0.21818181818181823,0.3333333333333333,0.35535399711100013,0.3333333333333333,-0.11818181818181818
2023-05-12,0.2727272727272727,-0.6484085862676569,0.3333333333333333,-0.4495602040932639,0.6666666666666666,-0.2277910237891026,0.0,-0.24545454545454545,0.6666666666666666,-0.06363636363636364,0.3333333333333333,-0.15454545454545454
2023-05-15,0.2727272727272727,-0.7972685832618591,0.3333333333333333,-0.48625899626414265,0.0,-0.5740333799485386,0.3333333333333333,-0.2545454545454546,0.3333333333333333,0.29157251045005134,0.3333333333333333,-0.10909090909090911
2023-05-16,0.2727272727272727,-0.7064517492894148,0.0,-0.3527811580208692,0.6666666666666666,-0.2733492285469231,0.3333333333333333,-0.2545454545454546,0.6666666666666666,0.15454545454545454,0.3333333333333333,-0.33636363636363636
2023-05-17,0.2727272727272727,-0.8781818040169571,0.6666666666666666,0.21010507881568247,0.0,-0.8073734277593312,0.3333333333333333,-0.3853373177942262,0.0,0.1379343147670613,0.0,-0.6605782590758164
2023-05-19,0.2727272727272727,-0.8283774549234152,0.3333333333333333,0.10933969141876927,0.0,-0.7425987375524745,0.3333333333333333,-0.2369026647406667,0.0,-0.0503433812384396,0.0,-0.615035764230577
2023-05-22,0.2727272727272727,-0.7972685832618591,0.3333333333333333,0.13636363636363638,0.0,-0.3181818181818182,0.0,-0.38181818181818183,0.0,-0.43379447672836197,0.0,-0.5727272727272729
2023-05-23,0.2727272727272727,-0.7972685832618591,0.0,0.24601430569223082,0.0,-0.6560381485126154,0.0,-0.16363636363636366,0.0,-0.2922404895854228,0.0,-0.5727272727272729
2023-05-24,0.2727272727272727,-0.7471545580282566,0.0,0.027334922854692318,0.0,-0.46363636363636374,0.0,0.11818181818181818,0.0,-0.041002384282038465,0.0,-0.4272727272727273
2023-05-25,0.2727272727272727,-0.8219263769590017,0.3333333333333333,-0.22883102141894218,0.0,-0.7152638146977822,0.6666666666666666,0.26363636363636367,0.3333333333333333,-0.44545454545454555,0.0,-0.6272727272727273
2023-05-26,0.2727272727272727,-0.881818181818182,0.3333333333333333,0.10115610777177464,0.0,-0.8200476856407694,0.3333333333333333,-0.07272727272727274,0.3333333333333333,-0.40183067317995635,0.0,-0.4909090909090909
2023-05-29,0.2727272727272727,-0.7853881278538812,0.3333333333333333,-0.12756297332189748,0.0,-0.9157199156321926,0.3333333333333333,0.013667461427346159,0.3333333333333333,-0.0956722299914231,0.0,-0.4510262271024232
2023-05-30,0.2727272727272727,-0.6027397260273973,0.3333333333333333,-0.013793431476706133,0.0,-0.754040920726602,0.3333333333333333,-0.18223281903128208,0.3333333333333333,-0.29223744292237447,0.0,-0.5558100980454104
2023-05-31,0.2727272727272727,-0.560932880052716,0.0,-0.3981481481481481,0.0,-0.6759259259259258,0.6666666666666666,-0.05504818825631804,0.6666666666666666,-0.04587349021359836,0.0,-0.21101805498255247
2023-06-05,0.2727272727272727,-0.7162790697674419,0.0,-0.2666842841255877,0.0,-0.5529794462686387,0.6666666666666666,0.05517605878460436,0.3333333333333333,0.02758802939230218,0.0,-0.35864438209992827
2023-06-06,0.2727272727272727,-0.8747175313501542,0.6666666666666666,0.49580054640770804,0.0,-0.10092167846991638,0.3333333333333333,-0.38181818181818183,0.3333333333333333,-0.38181818181818183,0.0,-0.46363636363636374
2023-06-07,0.2727272727272727,-0.7356496787576603,0.3333333333333333,0.13888888888888887,0.3333333333333333,-0.2018433569398328,0.3333333333333333,-0.31193973345246884,0.0,-0.6820348917848417,0.3333333333333333,-0.3853373177942262
2023-06-08,0.2727272727272727,-0.7972685832618591,0.3333333333333333,0.511766315719159,0.0,-0.018181818181818184,0.3333333333333333,-0.3545454545454546,0.0,-0.415529446129273,0.0,-0.15454545454545454
2023-06-09,0.2727272727272727,-0.6613289626322293,0.6666666666666666,0.38236853543489746,0.0,-0.4874727909086796,0.3333333333333333,-0.054669845709384636,0.0,-0.45890410958904115,0.0,-0.3416865356836539
2023-06-12,0.2727272727272727,-0.7620157251091086,0.3333333333333333,0.2528795770729457,0.3333333333333333,-0.17767699855550004,0.3333333333333333,-0.14123043474924363,0.3333333333333333,-0.28767123287671237,0.0,-0.7061521737462181
2023-06-13,0.2727272727272727,-0.8129872295396338,0.3333333333333333,0.3698630136986301,0.0,-0.6514823280368335,0.0,-0.4601378680539873,0.0,-0.541095890410959,0.0,-0.8109360446892052
2023-06-14,0.2727272727272727,-0.7685185185185185,0.0,0.1379343147670613,0.0,-0.7706746355884524,0.3333333333333333,0.03669879217087869,0.3333333333333333,-0.04138029443011839,0.0,-0.6697529571185361
2023-06-15,0.2727272727272727,-0.8000190256489558,0.3333333333333333,0.07780340736849757,0.0,-0.8337151470681154,0.3333333333333333,-0.04555820475782052,0.6666666666666666,0.173121178079718,0.0,-0.7653778399313848
2023-06-16,0.2727272727272727,-0.9358192003574065,0.6666666666666666,0.5740333799485386,0.0,-0.7727272727272727,0.3333333333333333,-0.3090909090909091,0.3333333333333333,0.0,0.0,-0.9090909090909091
2023-06-19,0.2727272727272727,-0.9313525529111327,0.6666666666666666,0.21739187352962555,0.3333333333333333,-0.7494431102343665,0.3333333333333333,-0.24601430569223082,0.3333333333333333,0.12300715284611541,0.0,-0.8063802242134231
2023-06-20,0.2727272727272727,-0.8698630136986302,0.6666666666666666,0.605924123279013,0.0,-0.8561643835616439,0.3333333333333333,-0.3872447404414744,0.6666666666666666,0.04100238428203847,0.0,-0.8883849927775002
2023-06-21,0.2727272727272727,-0.8919752354936633,0.6666666666666666,0.671280331866365,0.3333333333333333,-0.6651497894641797,0.3333333333333333,-0.36902145853834617,0.3333333333333333,0.48277010168471457,0.0,-0.7380429170766923
2023-06-22,0.2727272727272727,-0.8940187095017519,0.0,-0.04206342337287049,0.0,-0.7579987698621904,0.3333333333333333,0.022831288248861156,0.6666666666666666,0.7803224091958139,0.0,-0.6758061321662903
2023-06-23,0.2727272727272727,-0.9195620984470755,0.0,0.20230366165835661,0.0,-0.8519384289712436,0.6666666666666666,-0.26423758759535904,0.3333333333333333,0.4562405763666962,0.0,-0.8154918651649875
2023-06-26,0.2727272727272727,-0.7563825463460153,0.3333333333333333,0.39863444298706285,0.3333333333333333,-0.7586708082883098,0.6666666666666666,-0.06437206858203841,0.6666666666666666,0.046084906703706685,0.3333333333333333,-0.7356807837947247
2023-06-27,0.2727272727272727,-0.6759259259259258,0.0,0.2817180849095055,0.3333333333333333,-0.44038550605054433,0.3333333333333333,-0.1284457725980754,0.0,0.1743192628116738,0.3333333333333333,-0.6147047688622179
2023-07-03,0.2727272727272727,-0.567727764703132,1.0,0.6344978479284822,0.3333333333333333,-0.4184007547934193,0.3333333333333333,-0.27524094128159016,0.3333333333333333,-0.41286141192238524,0.3333333333333333,-0.23854214911071145
2023-07-04,0.2727272727272727,-0.5916079783099616,1.0,0.8092146466334263,0.3333333333333333,-0.39541170233224243,0.0,-0.39451201583694584,0.3333333333333333,-0.3218467344564764,0.3333333333333333,-0.2660662432388705
2023-07-05,0.2727272727272727,-0.7230764179343975,1.0,0.6526468967070211,0.0,-0.5,0.0,-0.5046083923495819,0.3333333333333333,-0.3486385256233476,0.3333333333333333,-0.1926686588971131
2023-07-06,0.2727272727272727,-0.8696296382728437,1.0,0.760074039949857,0.0,-0.6014080324833723,0.0,-0.42824712472351295,0.3333333333333333,-0.25968176711957697,0.3333333333333333,-0.3143516128289616
2023-07-07,0.2727272727272727,-0.6917776312525235,0.3333333333333333,0.08393455655887992,0.3333333333333333,-0.3735772790141283,0.0,-0.15034207570080774,0.0,-0.6970405327946539,0.3333333333333333,-0.5512542775696284
2023-07-10,0.2727272727272727,-0.7723018946307308,0.6666666666666666,0.29956779968819325,0.3333333333333333,-0.1834939608543934,0.0,-0.21818181818181823,0.3333333333333333,-0.20956774188597443,0.3333333333333333,-0.28181818181818186
2023-07-11,0.2727272727272727,-0.6881023532039754,0.6666666666666666,0.19120505652496053,0.3333333333333333,-0.14545454545454548,0.0,-0.48181818181818187,0.6666666666666666,-0.41457966329616674,0.3333333333333333,-0.18181818181818182
2023-07-12,0.2727272727272727,-0.5829422455029284,0.3333333333333333,-0.12785521419362247,0.3333333333333333,-0.4282471247235129,0.0,-0.3090909090909091,0.3333333333333333,0.0,0.3333333333333333,-0.11818181818181818
2023-07-13,0.2727272727272727,-0.413802944301184,0.3333333333333333,0.4748858447488585,0.0,-0.31506849315068497,0.0,-0.5102518932875899,0.3333333333333333,-0.33257489473208984,0.3333333333333333,-0.20501192141019234
2023-07-14,0.2727272727272727,-0.22120755217779212,0.3333333333333333,0.3735772790141283,0.3333333333333333,0.10502283105022833,0.0,-0.3234632537805257,0.0,-0.24657534246575344,0.3333333333333333,-0.1913444599828462
2023-07-17,0.2727272727272727,-0.47006604837780824,0.0,0.15525114155251143,0.0,-0.3264445449487118,0.0,0.14123043474924363,0.0,-0.3234632537805257,0.3333333333333333,-0.2687934080711411
2023-07-18,0.2727272727272727,-0.39541170233224243,0.3333333333333333,0.22989052461176887,0.0,-0.32420091324200917,0.3333333333333333,0.09111640951564104,0.0,-0.125858453096099,0.0,-0.24145848521644878
2023-07-20,0.2727272727272727,-0.6682311472037469,0.3333333333333333,0.006849315068493152,0.0,-0.41913548377194887,0.3333333333333333,0.5056960728118078,0.0,-0.24601430569223082,0.0,-0.2369026647406667
2023-07-21,0.2727272727272727,-0.731051868265425,0.3333333333333333,0.06621004566210047,0.0,-0.365296803652968,0.3333333333333333,0.605924123279013,0.0,0.04100238428203847,0.0,-0.17767699855550004
2023-07-24,0.2727272727272727,-0.6481612978713506,0.0,-0.22425688006214006,0.3333333333333333,-0.365296803652968,0.3333333333333333,0.26423758759535904,0.3333333333333333,0.06164383561643836,0.3333333333333333,-0.29157251045005134
2023-07-25,0.2727272727272727,-0.6299000374362467,0.3333333333333333,-0.23744292237442924,0.3333333333333333,-0.22831050228310504,0.3333333333333333,0.20956774188597443,0.0,0.0,0.3333333333333333,-0.1640095371281539
2023-07-26,0.2727272727272727,-0.7105597124064275,0.3333333333333333,0.018609684207969417,0.0,-0.534252145023351,0.0,-0.02727272727272728,0.3333333333333333,0.09111640951564104,0.3333333333333333,-0.26363636363636367
2023-07-27,0.2727272727272727,-0.615520081431786,0.3333333333333333,0.0228310502283105,0.3333333333333333,-0.3881278538812785,0.0,-0.07744894808829489,0.3333333333333333,0.19863013698630141,0.3333333333333333,-0.2733492285469231
2023-07-28,0.2727272727272727,-0.615520081431786,0.3333333333333333,0.11643835616438357,0.3333333333333333,-0.24425000552964546,0.0,-0.5558100980454104,0.3333333333333333,-0.027397260273972608,0.3333333333333333,-0.3052399718773975
2023-07-31,0.2727272727272727,-0.5562266089125021,0.6666666666666666,0.06378148666094874,0.3333333333333333,-0.050575915414589154,0.0,-0.2277910237891026,0.6666666666666666,0.08238007839017389,0.3333333333333333,-0.2961283309258334
2023-08-01,0.2727272727272727,-0.40998268178937314,1.0,0.2988576819952995,0.3333333333333333,-0.12962962962962962,0.0,-0.22936745106799178,0.6666666666666666,0.17471679870494436,0.3333333333333333,-0.3486385256233476
2023-08-02,0.2727272727272727,-0.41967278279439957,0.3333333333333333,0.14712993575153208,0.3333333333333333,-0.19310804067388584,0.0,-0.009111640951564104,0.6666666666666666,0.48291697043289755,0.3333333333333333,-0.24145848521644878
2023-08-03,0.2727272727272727,-0.36782483937883015,0.3333333333333333,0.11872146118721462,0.0,-0.15172774624376748,0.0,0.03644656380625642,0.0,0.11872146118721462,0.3333333333333333,-0.1138955118945513
2023-08-04,0.2727272727272727,-0.03678248393788302,0.6666666666666666,0.33257489473208984,0.0,0.06621004566210047,0.3333333333333333,0.02277910237891026,0.3333333333333333,0.41913548377194887,0.3333333333333333,0.004555820475782052
2023-08-07,0.2727272727272727,-0.14712993575153208,0.3333333333333333,-0.013989092759813321,0.6666666666666666,0.2442922374429224,0.3333333333333333,0.2779050490227052,0.6666666666666666,0.5045662100456622,0.3333333333333333,-0.19590028045862823
2023-08-08,0.2727272727272727,0.17808219178082194,0.6666666666666666,0.10958122661853767,0.6666666666666666,0.17767699855550004,0.3333333333333333,-0.06833730713673078,0.6666666666666666,0.615035764230577,0.6666666666666666,0.18678863950706415
2023-08-09,0.2727272727272727,-0.07356496787576604,0.3333333333333333,-0.30076549433598637,0.3333333333333333,-0.05922566618516668,0.3333333333333333,0.25968176711957697,0.6666666666666666,0.4703196347031964,0.6666666666666666,0.10933969141876927
2023-08-10,0.2727272727272727,-0.324074074074074,0.6666666666666666,0.10185185185185185,0.3333333333333333,-0.2568915451961508,0.3333333333333333,0.21101805498255247,0.3333333333333333,-0.05517372590682454,0.3333333333333333,-0.018349396085439344
2023-08-11,0.2727272727272727,-0.7080628158042481,0.0,-0.41913548377194887,0.0,-0.6073059360730594,0.3333333333333333,0.12300715284611541,0.3333333333333333,0.07744894808829489,0.0,-0.3416865356836539
2023-08-14,0.2727272727272727,-0.28703703703703703,0.3333333333333333,0.11268723396380222,0.0,-0.22069490362729816,0.3333333333333333,0.0,0.3333333333333333,0.23854214911071145,0.0,0.07339758434175737
2023-08-15,0.2727272727272727,-0.44140847027683483,0.3333333333333333,-0.027334922854692318,0.6666666666666666,0.054669845709384636,0.3333333333333333,-0.3181818181818182,0.0,-0.3727272727272728,0.0,-0.39090909090909093
2023-08-16,0.2727272727272727,-0.5321324864777409,0.6666666666666666,0.15945371665237182,0.3333333333333333,-0.18678863950706415,0.6666666666666666,-0.045454545454545456,0.3333333333333333,-0.41818181818181827,0.3333333333333333,-0.3272727272727273
2023-08-18,0.2727272727272727,-0.34025236250506014,0.3333333333333333,0.3669879217087868,0.3333333333333333,-0.41457966329616674,0.6666666666666666,-0.20909090909090913,0.3333333333333333,-0.350798176635218,0.3333333333333333,-0.23636363636363636
2023-08-21,0.2727272727272727,-0.19770585116612122,0.6666666666666666,0.3334067107755508,0.6666666666666666,0.17351598173515984,0.6666666666666666,0.2687934080711411,0.6666666666666666,-0.013667461427346159,0.6666666666666666,-0.01822328190312821
2023-08-22,0.2727272727272727,-0.18391241968941507,0.3333333333333333,0.12557077625570778,0.3333333333333333,0.0958904109589041,0.6666666666666666,0.2004561009344103,0.3333333333333333,0.06833730713673078,0.3333333333333333,-0.17767699855550004
2023-08-23,0.2727272727272727,-0.30345549248753495,0.6666666666666666,0.615520081431786,0.3333333333333333,-0.14840182648401826,0.6666666666666666,0.26423758759535904,0.3333333333333333,0.04100238428203847,0.3333333333333333,-0.28246086949848725
2023-08-24,0.2727272727272727,-0.5413071845204607,0.6666666666666666,0.45873490213598356,0.6666666666666666,-0.24545454545454545,1.0,0.10000000000000002,1.0,-0.17272727272727276,0.3333333333333333,-0.39090909090909093
2023-08-25,0.2727272727272727,-0.5459564115674083,0.3333333333333333,0.44711947499054977,0.6666666666666666,-0.3645855083628165,1.0,-0.06528953149632799,0.6666666666666666,-0.43837256861820223,0.3333333333333333,-0.4243819547261319
2023-08-28,0.2727272727272727,-0.6566567759875893,0.6666666666666666,-0.07373350181457747,0.6666666666666666,-0.6842123177406109,1.0,-0.10959018359453357,0.6666666666666666,-0.17808404834111702,0.3333333333333333,-0.5479509179726677
2023-08-29,0.2727272727272727,-0.5455746176327195,0.3333333333333333,-0.19817881409735535,0.6666666666666666,-0.547945205479452,0.6666666666666666,0.1138955118945513,0.3333333333333333,0.0958904109589041,0.3333333333333333,-0.4738053294813334
2023-08-30,0.2727272727272727,-0.6761394833909772,0.6666666666666666,-0.2494721542166709,0.3333333333333333,-0.7448452997421311,0.6666666666666666,-0.2870166899742693,0.3333333333333333,0.12300715284611541,0.3333333333333333,-0.601368302803231
2023-08-31,0.2727272727272727,-0.8104432008587533,0.3333333333333333,-0.11927107455535574,0.0,-0.8246035061165515,0.0,-0.45454545454545453,0.3333333333333333,-0.5454545454545455,0.0,-0.8272727272727273
2023-09-01,0.2727272727272727,-0.9046279984679281,0.3333333333333333,-0.07460849471900438,0.0,-0.7831050228310504,0.0,-0.2961283309258334,0.0,-0.8018244037376412,0.0,-0.792712762786077
2023-09-04,0.2727272727272727,-0.7740631327096704,0.3333333333333333,-0.25346698687038677,0.0,-0.5319634703196348,0.3333333333333333,-0.4601378680539873,0.3333333333333333,-0.5045662100456622,0.0,-0.6195915847063591
2023-09-05,0.2727272727272727,-0.5502376485526572,0.3333333333333333,-0.10022805046720515,0.0,-0.8242009132420091,0.3333333333333333,-0.33713071520787186,0.3333333333333333,-0.5547945205479452,0.0,-0.8109360446892052
2023-09-06,0.2727272727272727,-0.7888106377466155,0.0,-0.319280496230773,0.0,-0.8551927515557802,0.0,-0.5137830903923016,0.0,-0.8322036990946033,0.0,-0.6330541649476574
2023-09-07,0.2727272727272727,-0.8791860079241938,0.0,-0.4367919967623608,0.0,-0.8105022831050228,0.0,-0.7061521737462181,0.0,-0.792712762786077,0.0,-0.6697056099399616
2023-09-08,0.2727272727272727,-0.7042952122737638,0.3333333333333333,-0.28703703703703703,0.0,-0.6296296296296297,0.0,-0.5504818825631803,0.0,-0.5046083923495819,0.0,-0.6972770512466951
2023-09-11,0.2727272727272727,-0.8935205624012185,0.0,-0.07356496787576604,0.0,-0.33789954337899547,0.3333333333333333,-0.6514823280368335,0.3333333333333333,-0.25570776255707767,0.3333333333333333,-0.3781330994899103
2023-09-12,0.2727272727272727,-0.6871520352486344,0.3333333333333333,-0.10329663113348535,0.0,-0.7037037037037036,0.0,-0.5137830903923016,0.3333333333333333,-0.3211144314951885,0.0,-0.7706746355884524
2023-09-13,0.2727272727272727,-0.8828169405536697,0.0,-0.34427915784743424,0.0,-0.41818181818181827,0.3333333333333333,-0.5545454545454546,0.0,-0.30000000000000004,0.3333333333333333,-0.5090909090909091
2023-09-14,0.2727272727272727,-0.5963553727767786,0.3333333333333333,-0.02974089582579659,0.0,-0.4727272727272727,0.3333333333333333,-0.4909090909090909,0.3333333333333333,-0.31963803548405617,0.0,-0.38181818181818183
2023-09-15,0.2727272727272727,-0.7678668180857438,0.0,-0.2698404210155566,0.3333333333333333,-0.2545454545454546,0.3333333333333333,-0.5272727272727273,0.3333333333333333,-0.3599098175867821,0.3333333333333333,-0.3545454545454546
2023-09-18,0.2727272727272727,-0.6059241232790129,0.0,-0.3146426544510455,0.0,-0.615035764230577,0.3333333333333333,-0.4090909090909091,0.3333333333333333,-0.33257489473208984,0.0,-0.15454545454545454
2023-09-19,0.2727272727272727,-0.9025696840865168,0.0,-0.1767919999757095,0.0,-0.25512594664379495,0.3333333333333333,-0.6727272727272727,0.3333333333333333,-0.48181818181818187,0.0,-0.17272727272727276
2023-09-20,0.2727272727272727,-0.9025696840865168,0.0,-0.26606624323887046,0.3333333333333333,-0.2369026647406667,0.3333333333333333,-0.7000000000000001,0.3333333333333333,-0.45454545454545453,0.0,-0.22727272727272727
2023-09-21,0.2727272727272727,-0.8382709675438977,0.0,-0.160930171455096,0.3333333333333333,-0.16363636363636366,0.3333333333333333,-0.8000000000000002,0.3333333333333333,-0.5330309956665001,0.0,-0.24545454545454545
2023-09-22,0.2727272727272727,-0.5570834332722122,0.3333333333333333,-0.07289312761251283,0.3333333333333333,0.34043827137371024,0.3333333333333333,-0.5545454545454546,0.3333333333333333,-0.3234632537805257,0.0,0.02727272727272728
2023-09-25,0.2727272727272727,-0.47489079557631203,0.3333333333333333,0.18115789195666254,0.3333333333333333,0.03653006119817785,0.3333333333333333,-0.27272727272727276,0.3333333333333333,-0.1926686588971131,0.3333333333333333,0.14545454545454548
2023-09-26,0.2727272727272727,-0.6164447827192512,0.3333333333333333,0.45873490213598356,0.3333333333333333,0.2870166899742693,0.0,-0.5545454545454546,0.6666666666666666,-0.14578625522502567,0.3333333333333333,-0.23636363636363636
2023-09-27,0.2727272727272727,-0.5570834332722122,0.3333333333333333,0.4909090909090909,0.3333333333333333,0.5877008413758847,0.3333333333333333,-0.5363636363636364,0.6666666666666666,-0.06897007348075543,0.3333333333333333,0.045454545454545456
2023-09-29,0.2727272727272727,-0.6804759528508358,0.0,-0.377020460363301,0.3333333333333333,-0.28246086949848725,0.3333333333333333,-0.29157251045005134,0.0,-0.24657534246575344,0.3333333333333333,-0.05922566618516668
2023-10-02,0.2727272727272727,-0.6514035610330966,0.3333333333333333,-0.1834939608543934,0.3333333333333333,-0.20501192141019234,0.3333333333333333,-0.3090909090909091,0.6666666666666666,0.17272727272727276,0.3333333333333333,-0.3181818181818182
2023-10-03,0.2727272727272727,-0.8073734277593311,0.3333333333333333,-0.5720775535473553,0.3333333333333333,-0.15034207570080774,0.3333333333333333,0.009090909090909092,0.6666666666666666,-0.045454545454545456,0.0,-0.48181818181818187
2023-10-04,0.2727272727272727,-0.6789276551612556,0.3333333333333333,0.05454545454545456,0.0,-0.5056960728118078,0.3333333333333333,-0.10000000000000002,0.6666666666666666,-0.18265030599088924,0.0,-0.5090909090909091
2023-10-05,0.2727272727272727,-0.669752957118536,0.3333333333333333,-0.03644656380625642,0.3333333333333333,-0.41286141192238524,0.3333333333333333,-0.009090909090909092,0.6666666666666666,-0.01822328190312821,0.0,-0.7000000000000001
2023-10-06,0.2727272727272727,-0.8401914075580906,0.3333333333333333,0.13762047064079508,0.0,-0.39180056091725646,0.6666666666666666,0.3181818181818182,0.3333333333333333,0.18181818181818182,0.3333333333333333,-0.4272727272727273
2023-10-09,0.2727272727272727,-0.7198196351735642,0.0,-0.21101805498255247,0.3333333333333333,-0.3578132236660672,0.3333333333333333,0.08181818181818183,0.3333333333333333,-0.05454545454545456,0.3333333333333333,-0.1272727272727273
2023-10-10,0.2727272727272727,-0.30979579235317956,0.0,-0.14545454545454548,0.3333333333333333,0.18678863950706415,0.3333333333333333,-0.06363636363636364,0.3333333333333333,-0.20909090909090913,0.6666666666666666,0.10909090909090911
2023-10-11,0.2727272727272727,-0.43280294519929496,0.6666666666666666,0.4090909090909091,0.6666666666666666,-0.009174698042719672,0.3333333333333333,0.15454545454545454,0.3333333333333333,-0.08181818181818183,0.6666666666666666,-0.06363636363636364
2023-10-12,0.2727272727272727,-0.4000000000000001,0.3333333333333333,-0.08257228238447704,0.0,-0.36363636363636365,0.3333333333333333,0.5272727272727273,0.0,-0.4510262271024232,0.3333333333333333,-0.33636363636363636
2023-10-13,0.2727272727272727,-0.17579908675799086,0.3333333333333333,-0.10034188133917428,0.3333333333333333,-0.5102518932875899,0.3333333333333333,0.12756297332189748,0.0,-0.5068493150684932,0.3333333333333333,-0.3872447404414744
2023-10-16,0.2727272727272727,-0.3735772790141283,0.6666666666666666,0.7980473713255417,0.3333333333333333,-0.24545454545454545,0.6666666666666666,0.4727272727272727,0.0,-0.6514823280368335,0.6666666666666666,0.018181818181818184
2023-10-17,0.2727272727272727,0.01839124196894151,0.6666666666666666,-0.0228310502283105,0.3333333333333333,-0.009111640951564104,0.3333333333333333,0.49202861138446163,0.3333333333333333,-0.26027397260273977,0.3333333333333333,0.04555820475782052
2023-10-18,0.2727272727272727,-0.377020460363301,0.6666666666666666,0.004566210045662101,0.3333333333333333,0.03644656380625642,0.6666666666666666,0.28246086949848725,0.0,-0.3826889199656924,0.3333333333333333,0.21867938283753854
2023-10-19,0.2727272727272727,-0.243683956088475,0.6666666666666666,0.3607305936073059,0.3333333333333333,0.009111640951564104,0.3333333333333333,0.20501192141019234,0.0,-0.5512542775696284,0.3333333333333333,0.18223281903128208
2023-10-20,0.2727272727272727,-0.21149928264282739,0.3333333333333333,0.05530188804444803,0.3333333333333333,-0.3553539971110001,0.3333333333333333,0.06833730713673078,0.0,-0.4373587656750771,0.3333333333333333,-0.0956722299914231
2023-10-23,0.2727272727272727,-0.642228862990377,0.3333333333333333,-0.4100238428203847,0.3333333333333333,-0.3545454545454546,0.0,0.009090909090909092,0.3333333333333333,-0.5195745535550244,0.0,-0.5454545454545455
2023-10-24,0.2727272727272727,-0.6932107367468608,0.0,-0.5963553727767786,0.0,-0.6181818181818182,0.3333333333333333,0.03636363636363637,0.0,-0.8036613463599127,0.0,-0.7181818181818183
2023-10-25,0.2727272727272727,-0.7064517492894148,0.0,-0.7981987297166115,0.3333333333333333,-0.38181818181818183,0.3333333333333333,0.07272727272727274,0.0,-0.3872447404414744,0.0,-0.7727272727272727
2023-10-26,0.2727272727272727,-0.9513617446607793,0.3333333333333333,-0.33257489473208984,0.0,-0.5454545454545455,0.6666666666666666,0.3727272727272728,0.0,-0.5,0.0,-0.6636363636363638
2023-10-27,0.2727272727272727,-0.9653523585528497,0.3333333333333333,-0.27524094128159016,0.0,-0.615035764230577,0.3333333333333333,0.17272727272727276,0.0,-0.7061521737462181,0.0,-0.7818181818181819
2023-10-30,0.2727272727272727,-0.9153240856757687,0.0,-0.2765041508812218,0.0,-0.7545454545454545,0.3333333333333333,0.26363636363636367,0.0,-0.47708429822142295,0.0,-0.6454545454545455
2023-10-31,0.2727272727272727,-0.867650956213489,0.0,-0.40368671387966554,0.3333333333333333,-0.6727272727272727,0.6666666666666666,0.13636363636363638,0.3333333333333333,-0.2733492285469231,0.0,-0.7272727272727273
2023-11-01,0.2727272727272727,-0.867650956213489,0.3333333333333333,-0.17213957892371712,0.0,-0.7545454545454545,0.3333333333333333,0.02727272727272728,0.3333333333333333,-0.09132515299544462,0.0,-0.6818181818181819
2023-11-02,0.2727272727272727,-0.8867202079984009,0.3333333333333333,0.022831288248861156,0.0,-0.790909090909091,0.3333333333333333,-0.009090909090909092,0.3333333333333333,0.21818181818181823,0.0,-0.7727272727272727
2023-11-03,0.2727272727272727,-0.6202505492151159,0.3333333333333333,0.1412304347492436,0.0,-0.9181818181818183,0.3333333333333333,0.045454545454545456,0.6666666666666666,0.4000000000000001,0.0,-0.8272727272727273
2023-11-06,0.2727272727272727,-0.559175304775695,0.6666666666666666,0.24545454545454545,0.0,-0.8272727272727273,0.3333333333333333,0.27272727272727276,0.3333333333333333,0.1272727272727273,0.0,-0.6363636363636364
2023-11-07,0.2727272727272727,-0.42203610996510493,0.6666666666666666,0.13667461427346156,0.3333333333333333,-0.3272727272727273,0.6666666666666666,-0.045454545454545456,0.3333333333333333,0.10909090909090911,0.0,-0.4272727272727273
2023-11-08,0.2727272727272727,-0.5257235788751361,1.0,0.4727272727272727,0.0,-0.7727272727272727,0.6666666666666666,0.3181818181818182,0.3333333333333333,0.19090909090909092,0.0,-0.690909090909091
2023-11-09,0.2727272727272727,-0.42922821907858977,0.3333333333333333,0.36363636363636365,0.3333333333333333,-0.17272727272727276,0.3333333333333333,0.009090909090909092,0.3333333333333333,-0.018181818181818184,0.0,-0.5454545454545455
2023-11-10,0.2727272727272727,-0.34421955788890796,0.3333333333333333,0.12903362817551056,0.6666666666666666,-0.06636172981430676,0.3333333333333333,0.4200957037790453,0.0,0.02974836164089613,0.0,-0.34703558138268964
2023-11-13,0.2727272727272727,-0.43936041808092746,0.3333333333333333,-0.06295091741915994,0.6666666666666666,-0.16856535760393593,0.6666666666666666,0.12756297332189748,0.3333333333333333,-0.0956722299914231,0.0,-0.5102518932875899
2023-11-14,0.2727272727272727,-0.3333368084333729,0.3333333333333333,0.5022883414749454,0.3333333333333333,-0.03644656380625642,0.3333333333333333,0.20909090909090913,0.6666666666666666,0.38181818181818183,0.3333333333333333,-0.07272727272727274
2023-11-15,0.2727272727272727,-0.6100917431192662,0.0,0.059908470224344194,0.0,-0.5148754899385868,0.3333333333333333,0.0,0.3333333333333333,-0.12785521419362247,0.0,-0.6392760709681123
2023-11-16,0.2727272727272727,-0.5649217389969744,0.3333333333333333,0.06513389472789297,0.0,-0.4555820475782052,0.0,-0.08181818181818183,0.6666666666666666,-0.13636363636363638,0.3333333333333333,-0.45454545454545453
2023-11-17,0.2727272727272727,-0.6287032256579232,0.3333333333333333,-0.2140113683916483,0.0,-0.41457966329616674,0.0,-0.16363636363636366,0.6666666666666666,0.26363636363636367,0.3333333333333333,-0.17272727272727276
2023-11-20,0.2727272727272727,-0.9454545454545454,0.0,-0.629285308902091,0.0,-0.9545454545454546,0.3333333333333333,-0.38181818181818183,0.0,-0.8454545454545455,0.0,-0.8272727272727273
2023-11-21,0.2727272727272727,-0.9545454545454546,0.0,-0.5818181818181819,0.0,-0.8636363636363636,0.3333333333333333,-0.03636363636363637,0.3333333333333333,-0.5785892004243207,0.3333333333333333,-0.7000000000000001
2023-11-22,0.2727272727272727,-0.9727272727272729,0.0,-0.7339758434175736,0.0,-0.7181818181818183,0.3333333333333333,-0.21818181818181823,0.3333333333333333,-0.30979579235317956,0.0,-0.7818181818181819
2023-11-23,0.2727272727272727,-0.6181818181818182,0.3333333333333333,-0.2935903373670295,0.3333333333333333,-0.5818181818181819,0.6666666666666666,0.06363636363636364,0.0,-0.5545454545454546,0.3333333333333333,-0.46363636363636374
2023-11-24,0.2727272727272727,-0.7152638146977822,0.0,-0.6606437893829143,0.3333333333333333,-0.6636363636363638,0.3333333333333333,-0.10909090909090911,0.0,-0.7454545454545456,0.3333333333333333,-0.44545454545454555
2023-11-27,0.2727272727272727,-0.6469265075610514,0.0,-0.29557340266613363,0.0,-0.7090909090909092,0.3333333333333333,-0.20909090909090913,0.0,-0.7545454545454545,0.3333333333333333,-0.4000000000000001
2023-11-28,0.2727272727272727,-0.8154918651649874,0.3333333333333333,0.04767312946227962,0.0,-0.8454545454545455,0.0,-0.27272727272727276,0.0,-0.8636363636363636,0.0,-0.5818181818181819
2023-11-29,0.2727272727272727,-0.701596353270436,0.6666666666666666,0.32566947363946475,0.0,-0.7000000000000001,0.3333333333333333,-0.24545454545454545,0.0,-0.6560381485126154,0.0,-0.5272727272727273
2023-11-30,0.2727272727272727,-0.787037037037037,0.3333333333333333,0.08451542547285165,0.0,-0.8073734277593312,0.3333333333333333,0.1651445647689541,0.3333333333333333,-0.3640591652094763,0.0,-0.8624216160156492
2023-12-01,0.2727272727272727,-0.7944763436065663,0.3333333333333333,-0.07906976744186049,0.0,-0.8414348964652163,0.3333333333333333,0.2069102204422663,0.0,-0.7482858585131612,0.0,-0.8414348964652163
2023-12-04,0.2727272727272727,-0.748866254562646,0.6666666666666666,0.288450105223526,0.3333333333333333,-0.48181818181818187,0.3333333333333333,0.26363636363636367,0.0,-0.317262338011475,0.0,-0.7181818181818183
2023-12-05,0.2727272727272727,-0.5972555683287607,0.6666666666666666,0.8620436566990362,0.3333333333333333,-0.2876742319356506,0.3333333333333333,0.14155398714293918,0.0,-0.6261467889908258,0.0,-0.5844809791708456
2023-12-06,0.2727272727272727,-0.7142932988287192,0.3333333333333333,0.5265715300648173,0.0,-0.46119202262699543,0.0,-0.3653006119817785,0.0,-0.35987595552344753,0.0,-0.40639693082972855
2023-12-07,0.2727272727272727,-0.9216981340741337,0.0,-0.37393385473109375,0.3333333333333333,-0.4328029451992949,0.0,-0.4510262271024232,0.6666666666666666,0.2779050490227052,0.3333333333333333,-0.2779050490227052
2023-12-08,0.2727272727272727,-0.8512786410308465,0.0,-0.5068545991247178,0.3333333333333333,-0.2511441707374727,0.0,-0.6636363636363638,0.3333333333333333,0.0956722299914231,0.3333333333333333,-0.11818181818181818
2023-12-11,0.2727272727272727,-1.0,0.0,-0.6330541649476574,0.0,-0.5148077137633719,0.0,-0.5272727272727273,0.3333333333333333,-0.24545454545454545,0.3333333333333333,-0.3090909090909091
2023-12-12,0.18181818181818182,-0.8812877264060406,0.0,-0.604814736759006,0.0,-0.5818181818181819,0.0,-0.6363636363636364,0.3333333333333333,-0.08181818181818183,0.0,-0.3545454545454546
2023-12-13,0.2727272727272727,-0.8264926346087739,0.0,-0.6280768420189677,0.3333333333333333,0.0730601223963557,0.0,-0.3727272727272728,0.3333333333333333,-0.5090909090909091,0.0,-0.46363636363636374
2023-12-14,0.2727272727272727,-0.8000000000000002,0.3333333333333333,-0.4738053294813334,0.3333333333333333,-0.16363636363636366,0.0,-0.5363636363636364,0.0,-0.3545454545454546,0.0,-0.5454545454545455
2023-12-15,0.2727272727272727,-0.9020524542048464,0.0,-0.365296803652968,0.0,-0.3826889199656924,0.3333333333333333,-0.4692495090055514,0.0,-0.4874727909086796,0.3333333333333333,-0.615035764230577
2023-12-18,0.2727272727272727,-0.6436934689129528,0.3333333333333333,0.12873869378259056,0.0,-0.2779050490227052,0.0,-0.4145796632961667,0.0,-0.47139711523266176,0.0,-0.6332590461337052
2023-12-19,0.2727272727272727,-0.45766710216763273,0.6666666666666666,-0.011441677554190817,0.0,-0.3781330994899103,0.0,-0.44647040662664117,0.0,-0.365296803652968,0.0,-0.6514823280368335
2023-12-20,0.2727272727272727,-0.6682311472037469,0.3333333333333333,-0.3729986882666207,0.0,-0.25057012616801283,0.3333333333333333,-0.2733492285469231,0.3333333333333333,-0.22831050228310504,0.0,-0.6378148666094873
2023-12-21,0.2727272727272727,-0.6620654183645976,0.3333333333333333,-0.28109288992257253,0.0,-0.630143555668568,0.3333333333333333,0.13698772949316693,0.0,-0.6743810823637132,0.0,-0.6666736168667459
2023-12-22,0.2727272727272727,-0.6896715738353066,0.3333333333333333,-0.22425688006214006,0.0,-0.8063802242134231,0.6666666666666666,0.2687934080711411,0.3333333333333333,-0.3416865356836539,0.0,-0.6514823280368335
2023-12-27,0.2727272727272727,-0.8200476856407694,0.3333333333333333,-0.5287705633524583,0.0,-0.5909090909090909,0.6666666666666666,0.1272727272727273,0.3333333333333333,-0.2779050490227052,0.0,-0.5181818181818182
2023-12-28,0.2727272727272727,-0.718381116519239,0.0,-0.3862160813477717,0.0,-0.6697529571185361,0.3333333333333333,-0.1743192628116738,0.3333333333333333,-0.2620751980574165,0.0,-0.6514035610330967
2023-12-29,0.2727272727272727,-0.7632365417110727,0.3333333333333333,0.43607305936073065,0.0,-0.7289312761251283,0.3333333333333333,-0.0956722299914231,0.0,-0.6270039299696568,0.0,-0.5831450209001027
2024-01-02,0.2727272727272727,-0.6374150947947472,0.3333333333333333,0.4377926670240537,0.3333333333333333,-0.5277777777777778,0.3333333333333333,0.0642228862990377,0.6666666666666666,-0.14679516868351475,0.3333333333333333,-0.3211144314951885
2024-01-03,0.2727272727272727,-0.723744292237443,0.6666666666666666,0.4654575577074376,0.3333333333333333,-0.6958820912259709,0.3333333333333333,0.004555820475782052,0.6666666666666666,0.06378148666094874,0.3333333333333333,-0.4965844318602437
2024-01-04,0.2727272727272727,-0.8059360730593609,0.6666666666666666,0.5618952258525017,0.0,-0.7061521737462181,0.3333333333333333,0.20956774188597443,0.3333333333333333,-0.2733492285469231,0.3333333333333333,-0.4738053294813334
2024-01-05,0.2727272727272727,-0.25114155251141557,0.6666666666666666,0.19817881409735535,0.3333333333333333,-0.6086972458829516,0.6666666666666666,0.13667461427346156,0.3333333333333333,-0.29157251045005134,0.3333333333333333,-0.6241474051821412
2024-01-08,0.2727272727272727,-0.751248226425348,0.0,-0.5944763583800309,0.3333333333333333,-0.6820348917848417,0.3333333333333333,-0.5504818825631803,0.0,-0.6436934689129528,0.0,-0.45873490213598356
2024-01-09,0.2727272727272727,-0.6995999108586054,0.3333333333333333,-0.4689766702080085,0.3333333333333333,-0.6115087954673052,0.6666666666666666,-0.532132486477741,0.3333333333333333,-0.7706746355884524,0.0,-0.6055300708194984
2024-01-10,0.2727272727272727,-0.7042952122737638,0.0,-0.4074074074074074,0.0,-0.8165481258020507,0.3333333333333333,-0.44038550605054433,0.0,-0.7402474892498958,0.0,-0.779849333631172
2024-01-11,0.2727272727272727,-0.9145291883606759,0.0,-0.5963553727767786,0.0,-0.790909090909091,0.3333333333333333,-0.3090909090909091,0.0,-0.5818181818181819,0.0,-0.7090909090909092
2024-01-12,0.2727272727272727,-0.6165266180860226,0.3333333333333333,-0.21818181818181823,0.0,-0.8363636363636365,0.0,-0.24545454545454545,0.0,-0.2545454545454546,0.0,-0.8090909090909091
2024-01-15,0.2727272727272727,-0.9534625892455922,0.0,-0.23636363636363636,0.3333333333333333,-0.9181818181818183,0.3333333333333333,-0.10909090909090911,0.0,-0.10909090909090911,0.3333333333333333,-0.5727272727272729
2024-01-16,0.2727272727272727,-0.8178746352094061,0.3333333333333333,-0.1834939608543934,0.3333333333333333,-0.8636363636363636,0.6666666666666666,-0.17272727272727276,0.3333333333333333,-0.19590028045862823,0.3333333333333333,-0.5636363636363637
2024-01-17,0.2727272727272727,-0.8104432008587533,0.3333333333333333,0.40045428748314876,0.3333333333333333,-0.7517103785040387,0.6666666666666666,-0.05454545454545456,0.3333333333333333,-0.44545454545454555,0.3333333333333333,-0.6181818181818182
2024-01-18,0.2727272727272727,-0.8467406314626085,0.3333333333333333,-0.08374357893586239,0.3333333333333333,-0.6287032256579232,0.6666666666666666,0.1272727272727273,0.0,-0.44545454545454555,0.3333333333333333,-0.6000000000000001
2024-01-19,0.2727272727272727,-0.8773564268609992,0.0,-0.26606624323887046,0.0,-0.5466984570938462,0.6666666666666666,-0.20000000000000004,0.3333333333333333,-0.5545454545454546,0.0,-0.8090909090909091
2024-01-22,0.2727272727272727,-0.8295124526436655,0.6666666666666666,-0.08276408817690652,0.3333333333333333,-0.6241474051821412,0.3333333333333333,-0.21818181818181823,0.3333333333333333,-0.6090909090909091,0.6666666666666666,-0.6818181818181819
2024-01-23,0.2727272727272727,-0.8281309472546391,0.3333333333333333,-0.25775443049023705,0.0,-0.4566257649772231,0.3333333333333333,-0.3727272727272728,0.3333333333333333,-0.6879288918430899,0.3333333333333333,-0.6272727272727273
2024-01-24,0.2727272727272727,-0.688058614897195,0.0,-0.21412356236175648,0.0,-0.7420091324200913,0.3333333333333333,-0.36902145853834617,0.3333333333333333,0.029680365296803655,0.0,-0.7289312761251283
2024-01-25,0.2727272727272727,-0.718381116519239,0.0,-0.29110868773982235,0.0,-0.7890240316738917,0.3333333333333333,-0.3853373177942262,0.3333333333333333,-0.0597715363990599,0.0,-0.5504818825631803
2024-01-26,0.2727272727272727,-0.6432562938767042,0.0,0.03286710990610898,0.0,-0.6203703703703703,0.3333333333333333,-0.3853373177942262,0.3333333333333333,-0.45978104922353774,0.0,-0.5413071845204607
2024-01-29,0.2727272727272727,-0.2579908675799087,0.3333333333333333,0.27713471988914806,0.3333333333333333,-0.3949771689497717,0.0,-0.4783611499571155,0.6666666666666666,0.05936073059360731,0.3333333333333333,-0.4009122018688206
2024-01-30,0.2727272727272727,-0.23112188659465455,0.3333333333333333,-0.4868757612687457,0.0,-0.4965635331614208,0.0,-0.7517103785040385,0.3333333333333333,-0.12756297332189748,0.3333333333333333,-0.20501192141019234
2024-01-31,0.2727272727272727,-0.7620157251091086,0.0,-0.30542852525592423,0.0,-0.6621004566210046,0.3333333333333333,-0.3735772790141283,0.3333333333333333,-0.22831050228310504,0.0,-0.4100238428203847
2024-02-01,0.2727272727272727,-0.6392760709681123,0.3333333333333333,-0.3578132236660672,0.0,-0.5056960728118078,0.3333333333333333,-0.27272727272727276,0.0,-0.19590028045862823,0.3333333333333333,-0.41818181818181827
2024-02-02,0.2727272727272727,-0.6384456075238476,0.0,-0.7214611872146118,0.3333333333333333,-0.7168949771689498,0.3333333333333333,-0.26423758759535904,0.0,-0.6757990867579909,0.3333333333333333,-0.692484712318872
2024-02-05,0.2727272727272727,-0.601368302803231,0.0,-0.6115087954673052,0.3333333333333333,-0.3402379764254179,0.3333333333333333,0.10933969141876927,0.0,-0.1415525114155251,0.3333333333333333,-0.6560381485126155
2024-02-06,0.2727272727272727,-0.6697056099399616,0.0,-0.4054680223446026,0.3333333333333333,-0.40460732331671323,0.3333333333333333,0.1640095371281539,0.0,0.0956722299914231,0.3333333333333333,-0.6788172508915258
2024-02-07,0.2727272727272727,-0.408949949458463,0.0,-0.21449942231713762,0.0,-0.29110868773982235,0.3333333333333333,-0.21401136839164833,0.3333333333333333,-0.36837944267508405,0.3333333333333333,-0.3768461052113807
2024-02-12,0.2727272727272727,-0.6332590461337052,0.0,-0.629926671124233,0.0,-0.6636363636363638,0.3333333333333333,0.10909090909090911,0.0,-0.346242356159436,0.0,-0.6363636363636364
2024-02-13,0.2727272727272727,-0.7061521737462181,0.6666666666666666,0.0,0.0,-0.7090909090909092,0.3333333333333333,-0.03636363636363637,0.3333333333333333,-0.475983756275312,0.0,-0.6090909090909091
2024-02-15,0.2727272727272727,-0.19406392694063926,0.3333333333333333,-0.05256003308242462,0.3333333333333333,-0.4965844318602437,0.0,-0.49202861138446163,0.0,-0.2528795770729457,0.3333333333333333,-0.3963563813930385
2024-02-16,0.2727272727272727,-0.3538812785388128,0.0,-0.19125236282038274,0.3333333333333333,-0.4646936885297694,0.0,-0.4009122018688206,0.0,-0.5284751751907181,0.3333333333333333,-0.36446563806256416
2024-02-19,0.2727272727272727,-0.43636363636363645,0.0,-0.013667461427346159,0.3333333333333333,-0.5090909090909091,0.0,-0.39090909090909093,0.0,-0.7000000000000001,0.3333333333333333,-0.46363636363636374
2024-02-20,0.2727272727272727,-0.5512542775696283,0.3333333333333333,0.37813309948991036,0.3333333333333333,-0.46363636363636374,0.0,-0.3454545454545455,0.0,-0.6423706870852693,0.3333333333333333,-0.4272727272727273
2024-02-21,0.2727272727272727,-0.45454545454545453,0.6666666666666666,0.22323520331332056,0.3333333333333333,-0.43636363636363645,0.3333333333333333,-0.3181818181818182,0.3333333333333333,-0.3181818181818182,0.0,-0.3454545454545455
2024-02-22,0.2727272727272727,-0.09090909090909091,0.3333333333333333,0.15596986672623442,0.3333333333333333,0.0,0.0,-0.33636363636363636,0.3333333333333333,-0.20000000000000004,0.0,-0.13636363636363638
2024-02-23,0.2727272727272727,-0.5022883414749454,0.0,-0.2698404210155566,0.0,-0.28181818181818186,0.0,-0.16363636363636366,0.0,-0.3454545454545455,0.3333333333333333,-0.18181818181818182
2024-02-26,0.2727272727272727,-0.5092592592592592,0.3333333333333333,-0.563436169819011,0.0,-0.004597810492235377,0.0,-0.41286141192238524,0.0,-0.597715363990599,0.3333333333333333,-0.018349396085439344
2024-02-27,0.2727272727272727,-0.5931426319344967,0.3333333333333333,-0.4481274169454284,0.3333333333333333,0.14679516868351475,0.0,-0.5090909090909091,0.0,-0.5818181818181819,0.3333333333333333,-0.22727272727272727
2024-02-28,0.2727272727272727,-0.5875418959121594,0.3333333333333333,-0.3440293074485975,0.3333333333333333,-0.17011898821270896,0.3333333333333333,-0.173121178079718,0.3333333333333333,-0.7198196351735643,0.6666666666666666,-0.7699336604071668
2024-02-29,0.2727272727272727,-0.8138468670729141,0.3333333333333333,-0.5963553727767786,0.0,-0.6287032256579232,0.6666666666666666,-0.03636363636363637,0.0,-0.2414584852164488,0.3333333333333333,-0.48181818181818187
2024-03-01,0.2727272727272727,-0.7648202260998421,0.3333333333333333,-0.32566947363946475,0.3333333333333333,-0.6651497894641797,0.3333333333333333,-0.1272727272727273,0.3333333333333333,-0.45454545454545453,0.0,-0.7727272727272727
2024-03-04,0.2727272727272727,-0.6913103069727536,0.0,0.13211879379767952,0.3333333333333333,-0.49202861138446163,0.3333333333333333,-0.26363636363636367,0.0,-0.19090909090909092,0.0,-0.4090909090909091
2024-03-05,0.2727272727272727,-0.7037037037037036,0.0,0.0,0.3333333333333333,-0.39451201583694584,0.3333333333333333,-0.7156264473321344,0.3333333333333333,0.2258088493071435,0.6666666666666666,0.009174698042719672
2024-03-06,0.2727272727272727,-0.11981694044868837,0.3333333333333333,0.24012009007506574,0.3333333333333333,-0.3356401659331826,0.0,-0.41286141192238524,0.6666666666666666,0.21149928264282739,0.6666666666666666,-0.23854214911071145
2024-03-07,0.2727272727272727,-0.3990729999126215,0.3333333333333333,0.3126511134720057,0.3333333333333333,-0.6620847108818942,0.0,0.05504818825631804,0.3333333333333333,0.18349396085439343,0.6666666666666666,-0.4862589962641426
2024-03-08,0.2727272727272727,-0.6131885659718173,0.0,-0.34943359740988866,0.0,-0.5958904109589042,0.0,0.050114025233602574,0.3333333333333333,-0.2733492285469231,0.3333333333333333,-0.48291697043289755
2024-03-13,0.2727272727272727,-0.7465529250101895,1.0,0.14679516868351475,0.3333333333333333,-0.5446549641583774,0.3333333333333333,0.009174698042719672,0.3333333333333333,-0.3578132236660672,0.3333333333333333,-0.587180674734059
2024-03-14,0.2727272727272727,-0.7143160539074536,0.0,-0.28045039104832037,0.6666666666666666,-0.5694775594727565,0.0,-0.13667461427346156,0.3333333333333333,-0.17767699855550004,0.3333333333333333,-0.6378148666094873
2024-03-15,0.2727272727272727,-0.8560454735665932,0.6666666666666666,-0.009174698042719672,0.3333333333333333,-0.8000000000000002,0.3333333333333333,-0.02727272727272728,0.3333333333333333,-0.30523997187739754,0.6666666666666666,-0.3090909090909091
2024-03-18,0.2727272727272727,-0.450585428239067,0.3333333333333333,-0.1608745667378532,0.6666666666666666,-0.591324200913242,0.6666666666666666,-0.13667461427346156,0.6666666666666666,0.050114025233602574,0.3333333333333333,-0.2779050490227052
2024-03-19,0.2727272727272727,-0.5747263115294222,0.3333333333333333,-0.22146118721461192,0.3333333333333333,-0.4908675799086758,0.6666666666666666,0.02277910237891026,0.6666666666666666,0.1913444599828462,0.3333333333333333,-0.346242356159436
2024-03-20,0.2727272727272727,-0.320022147627808,0.6666666666666666,0.16705381391691135,0.3333333333333333,-0.2988703184166069,0.6666666666666666,0.21150822534098337,0.6666666666666666,-0.004598004898717029,0.3333333333333333,-0.46439849477042
2024-03-21,0.2727272727272727,-0.6148170459575759,0.0,0.023262105259961773,0.6666666666666666,-0.2326210525996177,0.6666666666666666,-0.07443873683187767,0.3333333333333333,-0.018609684207969417,0.6666666666666666,-0.29310252627551836
2024-03-22,0.2727272727272727,-0.6733710503344879,0.3333333333333333,-0.4413583330248919,0.3333333333333333,-0.4187178946793119,0.3333333333333333,-0.3489315788994266,0.3333333333333333,-0.20935894733965596,0.3333333333333333,-0.5955098946550214
2024-03-25,0.2727272727272727,-0.6928890517934586,0.3333333333333333,0.4238095238095238,0.3333333333333333,-0.6606437893829143,0.3333333333333333,0.08374357893586239,0.3333333333333333,-0.04896182465934662,0.3333333333333333,-0.6652962104349067
2024-03-26,0.2727272727272727,-0.5211784570825853,0.0,-0.5596565806059,0.6666666666666666,-0.27524094128159016,0.3333333333333333,0.1284457725980754,0.6666666666666666,0.05069178249752201,0.3333333333333333,-0.49543369430686224
2024-03-27,0.2727272727272727,-0.26729245888149883,0.0,-0.413802944301184,0.6666666666666666,0.01839124196894151,0.0,0.2369026647406667,0.3333333333333333,-0.20956774188597443,0.3333333333333333,-0.15034207570080774
2024-03-28,0.2727272727272727,-0.21179343552183935,0.0,-0.2685185185185185,0.6666666666666666,0.21101805498255247,0.0,0.2935903373670295,0.3333333333333333,0.11111111111111112,0.3333333333333333,-0.15596986672623442
2024-04-01,0.2727272727272727,-0.041573210601458535,0.0,-0.4965844318602437,0.6666666666666666,0.45890410958904115,0.0,0.1640095371281539,0.3333333333333333,-0.27231192578974145,0.3333333333333333,-0.18678863950706415
2024-04-02,0.2727272727272727,-0.14318744883070408,0.0,-0.3464101615137754,0.3333333333333333,-0.2844156393243098,0.3333333333333333,0.1009216784699164,0.3333333333333333,-0.11034745181364908,0.6666666666666666,0.2018433569398328
2024-04-03,0.2727272727272727,-0.04566257649772231,0.0,-0.22331621049563305,0.6666666666666666,-0.03636363636363637,0.0,-0.1272727272727273,0.6666666666666666,0.16363636363636366,0.6666666666666666,0.2545454545454546
2024-04-04,0.2727272727272727,-0.39541170233224243,0.3333333333333333,-0.04196727827943996,0.3333333333333333,-0.009111640951564104,0.0,0.013667461427346159,0.6666666666666666,-0.11415525114155252,0.6666666666666666,0.21867938283753854
2024-04-05,0.2727272727272727,-0.5277777777777778,0.3333333333333333,-0.013793431476706135,0.0,0.0,0.3333333333333333,0.1743192628116738,0.6666666666666666,-0.004608343863411092,0.6666666666666666,0.41286141192238524
2024-04-16,0.2727272727272727,-0.7986678723789822,0.3333333333333333,-0.009216687726822183,0.0,-0.6018518518518517,0.3333333333333333,0.11009637651263608,0.3333333333333333,0.05504818825631804,0.0,-0.14679516868351475
2024-04-17,0.2727272727272727,-0.6341722051115373,0.6666666666666666,0.07356496787576604,0.3333333333333333,-0.06436934689129528,0.3333333333333333,0.04100238428203847,0.6666666666666666,-0.050114025233602574,0.0,-0.17767699855550004
2024-04-18,0.2727272727272727,-0.6918125838424672,0.3333333333333333,0.030440777365910467,0.0,-0.4593085456138707,0.0,0.009304842103984709,0.3333333333333333,0.2354830614568576,0.0,-0.06048147367590061
2024-04-19,0.2727272727272727,-0.6774481285444883,0.3333333333333333,0.013698630136986304,0.3333333333333333,-0.21609709313506273,0.3333333333333333,0.33257489473208984,0.3333333333333333,-0.027397260273972608,0.0,-0.02277910237891026
2024-04-22,0.2727272727272727,-0.5456621004566211,0.0,-0.6831340297708838,0.3333333333333333,-0.3789954337899544,0.3333333333333333,0.4874727909086796,0.3333333333333333,-0.22323520331332058,0.6666666666666666,0.346242356159436
2024-04-23,0.2727272727272727,-0.3858447488584475,0.3333333333333333,-0.03652968036529681,0.3333333333333333,0.03189074333047437,0.3333333333333333,0.4646936885297694,0.6666666666666666,0.12300715284611541,0.3333333333333333,0.04100238428203847
2024-04-24,0.2727272727272727,-0.4833682445228318,0.3333333333333333,0.1539600717839002,0.3333333333333333,-0.420480264659397,0.0,-0.08581163303210332,0.3333333333333333,0.07627700713964738,0.0,-0.7150969419341943
2024-04-25,0.2727272727272727,-0.7553463925626939,0.3333333333333333,0.26812427789642196,0.0,-0.6714764524710393,0.0,-0.09304842103984709,0.3333333333333333,-0.3256694736394648,0.0,-0.7583446314747538
2024-04-26,0.2727272727272727,-0.5064875915215464,0.6666666666666666,0.47781848256749654,0.0,-0.7557924699407896,0.0,-0.086560589039859,0.3333333333333333,-0.23744292237442924,0.0,-0.6469265075610514
2024-04-29,0.2727272727272727,-0.6832804300715202,0.3333333333333333,-0.1529019144215989,0.3333333333333333,-0.26812427789642196,0.3333333333333333,0.05922566618516668,0.3333333333333333,-0.04100238428203847,0.3333333333333333,0.173121178079718
2024-04-30,0.2727272727272727,-0.7297643389702615,0.3333333333333333,-0.1640095371281539,0.3333333333333333,-0.11890728845841324,0.0,-0.15034207570080774,0.3333333333333333,-0.5102518932875899,0.0,-0.5330309956665001
2024-05-02,0.2727272727272727,-0.7577425244898882,0.3333333333333333,0.02098363913971998,0.3333333333333333,-0.26812427789642196,0.0,-0.19590028045862823,0.3333333333333333,-0.593607305936073,0.0,-0.5421426366180642
2024-05-03,0.2727272727272727,-0.9047263650205452,0.0,-0.3862324114922304,0.0,-0.4312108080078245,0.0,-0.07272727272727274,0.3333333333333333,-0.4885895685256288,0.0,-0.6545454545454547
2024-05-06,0.2727272727272727,-0.8991204081865278,0.3333333333333333,0.014870447912898295,0.0,-0.346242356159436,0.0,-0.3545454545454546,0.0,-0.4909090909090909,0.0,-0.30000000000000004
2024-05-07,0.2727272727272727,-0.7080628158042481,0.3333333333333333,-0.17767699855550004,0.0,-0.3862160813477717,0.0,-0.10478387094298722,0.3333333333333333,-0.4783611499571155,0.0,-0.36902145853834617
2024-05-08,0.2727272727272727,-0.8698630136986302,0.0,-0.7562661989798206,0.0,-0.8196347031963469,0.0,-0.33257489473208984,0.0,-0.8291593265923334,0.0,-0.5193635342391539
2024-05-13,0.2727272727272727,-0.8246035061165515,0.3333333333333333,-0.17431926281167376,0.0,-0.7614999375457329,0.0,-0.38181818181818183,0.0,-0.8272727272727273,0.0,-0.3545454545454546
2024-05-14,0.2727272727272727,-0.8756597221654879,0.3333333333333333,0.39090909090909093,0.0,-0.881818181818182,0.3333333333333333,-0.33636363636363636,0.0,-0.8727272727272729,0.0,-0.45454545454545453
2024-05-15,0.2727272727272727,-0.748866254562646,0.3333333333333333,0.3302891295379082,0.0,-0.4783611499571155,0.6666666666666666,0.0,0.0,-0.4383607343781342,0.0,-0.5090909090909091
2024-05-16,0.2727272727272727,-0.9066082746806284,0.3333333333333333,0.40368671387966554,0.0,-0.642228862990377,0.3333333333333333,0.13636363636363638,0.0,-0.07272727272727274,0.0,-0.3454545454545455
2024-05-17,0.2727272727272727,-0.8995527570051296,0.3333333333333333,0.1620886401717507,0.0,-0.27524094128159016,0.3333333333333333,-0.07272727272727274,0.0,-0.3356543576063431,0.0,-0.3090909090909091
2024-05-20,0.18181818181818182,-0.8929408132532822,0.3333333333333333,0.16552817635381303,0.0,-0.3872447404414744,0.3333333333333333,-0.22727272727272727,0.3333333333333333,-0.42337031573130424,0.0,-0.36363636363636365
2024-05-21,0.2727272727272727,-0.849323922857635,0.3333333333333333,0.41286141192238524,0.0,-0.1767919999757095,0.0,-0.5363636363636364,0.0,-0.3090909090909091,0.3333333333333333,-0.29090909090909095
2024-05-22,0.2727272727272727,-0.8675799086757991,0.6666666666666666,0.1425622821162295,0.3333333333333333,-0.07305936073059362,0.0,-0.7107079942220002,0.3333333333333333,-0.39726027397260283,0.3333333333333333,-0.20501192141019234
2024-05-27,0.2727272727272727,-0.827605888602368,0.3333333333333333,0.36782483937883015,0.0,-0.24200913242009137,0.3333333333333333,-0.29157251045005134,0.0,-0.45978104922353774,0.0,-0.009111640951564104
2024-05-28,0.2727272727272727,-0.8036529680365296,0.3333333333333333,0.4816564436808503,0.0,-0.4337899543378996,0.0,-0.5968124823274489,0.0,-0.5730593607305936,0.0,-0.2687934080711411
2024-05-29,0.2727272727272727,-0.768348623853211,0.6666666666666666,0.5905413689031164,0.0,-0.04789131426105757,0.0,-0.2602766860370172,0.0,-0.5652188711770265,0.0,-0.3698668696315507
2024-05-30,0.2727272727272727,-0.6912515795116637,0.0,-0.05517372590682454,0.0,-0.4930066485916347,0.0,-0.7248011453748541,0.3333333333333333,-0.3548424774826541,0.0,-0.1009216784699164
2024-05-31,0.2727272727272727,-0.6004763062142652,0.0,-0.2768885968114178,0.3333333333333333,-0.4439370891026038,0.3333333333333333,-0.3653006119817785,0.6666666666666666,-0.09132515299544462,0.3333333333333333,-0.3105055201845117
2024-06-03,0.2727272727272727,-0.69725504228085,0.3333333333333333,-0.16666666666666669,0.0,-0.8470319634703197,0.3333333333333333,-0.1138955118945513,0.6666666666666666,-0.08447488584474887,0.3333333333333333,-0.050114025233602574
2024-06-04,0.2727272727272727,-0.7643040606199466,0.3333333333333333,0.12668706033013283,0.0,-0.38127853881278534,0.0,-0.7107079942220002,0.3333333333333333,-0.40867579908675805,0.3333333333333333,0.02277910237891026
2024-06-05,0.2727272727272727,-0.7898572950972258,0.3333333333333333,0.5486346299035302,0.0,-0.4828387927868526,0.0,-0.6484085862676569,0.6666666666666666,-0.08695674941185023,0.0,-0.315071777834284
2024-06-06,0.2727272727272727,-0.3862160813477717,0.3333333333333333,0.15777304647708298,0.3333333333333333,-0.4036867138796656,0.3333333333333333,-0.44956020409326397,0.3333333333333333,-0.19310804067388584,0.3333333333333333,-0.24771684715343112
2024-06-07,0.2727272727272727,-0.7459973765332414,0.3333333333333333,-0.012420300032365961,0.0,-0.6970405327946539,0.3333333333333333,-0.05922566618516668,0.3333333333333333,-0.03881278538812786,0.3333333333333333,-0.5922566618516668
2024-06-10,0.2727272727272727,-0.6217397483556241,0.6666666666666666,-0.28603877677367767,0.3333333333333333,-0.43280294519929496,0.0,-0.3454545454545455,0.0,-0.5272727272727273,0.3333333333333333,-0.7818181818181819
2024-06-11,0.2727272727272727,-0.2119047619047619,0.3333333333333333,-0.29110868773982235,0.3333333333333333,-0.3520588344553019,0.3333333333333333,0.21401136839164833,0.3333333333333333,0.023262105259961773,0.0,-0.3256694736394648
2024-06-12,0.2727272727272727,-0.08020075313873368,0.3333333333333333,-0.04879500364742666,0.3333333333333333,-0.1620886401717507,0.0,-0.247900273203854,0.3333333333333333,-0.11493915422653816,0.3333333333333333,-0.09534625892455922
2024-06-13,0.2727272727272727,-0.1142857142857143,0.3333333333333333,0.10329663113348536,0.0,-0.31171221048348774,0.0,-0.08374357893586239,0.3333333333333333,0.2837976841715336,0.3333333333333333,-0.004652421051992354
2024-06-14,0.2727272727272727,-0.21469801604867728,0.3333333333333333,-0.18652123679751093,0.3333333333333333,-0.3954557894193501,0.0,0.08839599998785475,0.0,-0.16748715787172477,0.6666666666666666,-0.04187178946793119
2024-06-19,0.2727272727272727,-0.15396007178390017,0.0,-0.280466440026358,0.3333333333333333,-0.23854214911071145,0.0,-0.11927107455535572,0.3333333333333333,0.08333333333333333,0.3333333333333333,-0.1284457725980754
2024-06-20,0.2727272727272727,-0.06573421981221796,0.3333333333333333,-0.2758686295341226,0.6666666666666666,-0.2844156393243098,0.3333333333333333,0.22936745106799178,0.3333333333333333,0.01839124196894151,0.6666666666666666,0.009174698042719672
2024-06-21,0.2727272727272727,0.04629629629629629,0.0,-0.3302891295379082,0.3333333333333333,-0.2935903373670295,0.3333333333333333,-0.009174698042719672,0.0,-0.6147047688622179,0.3333333333333333,0.02752409412815902
2024-06-24,0.2727272727272727,-0.3464101615137754,0.0,-0.564782494724905,0.3333333333333333,-0.4312108080078246,0.0,0.09174698042719671,0.0,-0.6666825213741298,0.6666666666666666,-0.1651445647689541
2024-06-25,0.2727272727272727,-0.40033603045315264,0.0,-0.4444444444444445,0.3333333333333333,-0.49656353316142077,0.0,0.1651445647689541,0.0,-0.31193973345246884,0.3333333333333333,-0.2935903373670295
2024-06-26,0.2727272727272727,-0.28641338632466395,0.0,-0.43679199676236086,0.6666666666666666,0.03218467344564764,0.0,0.009174698042719672,0.3333333333333333,-0.1609233672282382,0.3333333333333333,-0.2018433569398328
2024-06-27,0.2727272727272727,-0.5224238076205372,0.0,-0.5517372590682452,0.3333333333333333,-0.3218467344564764,0.0,0.08257228238447704,0.3333333333333333,-0.42203610996510493,0.3333333333333333,-0.42203610996510493
2024-06-28,0.2727272727272727,-0.38236853543489746,0.0,-0.4631533123722522,0.6666666666666666,-0.17162516331286226,0.3333333333333333,0.027334922854692318,0.3333333333333333,-0.497716894977169,0.3333333333333333,-0.36902145853834617
2024-07-01,0.2727272727272727,-0.5694775594727565,0.3333333333333333,-0.2726248784031353,0.3333333333333333,-0.48625899626414265,0.3333333333333333,-0.07272727272727274,0.0,-0.5421426366180643,0.6666666666666666,-0.39090909090909093
2024-07-02,0.2727272727272727,-0.5502376485526572,0.3333333333333333,0.07227697925903549,0.3333333333333333,-0.33638532009321004,0.3333333333333333,-0.18223281903128208,0.0,-0.7380429170766923,0.3333333333333333,-0.17767699855550004
2024-07-03,0.2727272727272727,-0.5484827557301444,0.6666666666666666,0.18518518518518515,0.3333333333333333,-0.30345549248753495,0.3333333333333333,-0.22019275302527216,0.0,-0.5688312786486196,0.3333333333333333,-0.3578132236660672
2024-07-04,0.18181818181818182,-0.8048688419946773,0.3333333333333333,-0.15068650244248366,0.3333333333333333,-0.8883849927775,0.3333333333333333,-0.33636363636363636,0.3333333333333333,-0.5205533720740343,0.3333333333333333,-0.6363636363636364
2024-07-05,0.2727272727272727,-0.7275119223876548,0.6666666666666666,0.2568915451961508,0.0,-0.7990950887101403,0.3333333333333333,-0.17272727272727276,0.0,-0.5512542775696283,0.3333333333333333,-0.48181818181818187
2024-07-08,0.2727272727272727,-0.8276408817690653,0.6666666666666666,0.18223281903128208,0.0,-0.862421616015649,0.0,0.17272727272727276,0.3333333333333333,0.3727272727272728,0.0,-0.6454545454545455
2024-07-09,0.2727272727272727,-0.7872251916092037,0.6666666666666666,0.5263281920352008,0.0,-0.6399149894617012,0.0,-0.1556100741669289,0.6666666666666666,0.26147064085531874,0.0,-0.7872039046091698
2024-07-10,0.2727272727272727,-0.7671312851617349,1.0,0.6241474051821412,0.0,-0.7000000000000001,0.0,0.0,0.6666666666666666,0.27272727272727276,0.0,-0.7272727272727273
2024-07-11,0.2727272727272727,-0.719047619047619,0.0,0.06295091741915994,0.3333333333333333,-0.580952380952381,0.3333333333333333,-0.144225052611763,0.3333333333333333,0.35672186537523964,0.3333333333333333,-0.4001082104713425
2024-07-12,0.2727272727272727,-0.8498050347983338,0.0,-0.011657577299844433,0.0,-0.8246355616415105,0.0,-0.8234785262026467,0.0,-0.6141195788629908,0.0,-0.2558831578595795
2024-07-15,0.2727272727272727,-0.8839599998785472,0.0,-0.35404637720121124,0.0,-0.7723018946307308,0.0,-0.5636363636363637,0.3333333333333333,-0.20000000000000004,0.0,-0.6818181818181819
2024-07-16,0.2727272727272727,-0.7946094413035744,0.3333333333333333,-0.25114155251141557,0.0,-0.8206934419090481,0.3333333333333333,-0.523919354714936,0.3333333333333333,0.03652968036529681,0.0,-0.8246035061165514
2024-07-17,0.2727272727272727,-0.7371623221798728,0.3333333333333333,-0.05380919557654953,0.0,-0.849849556143675,0.3333333333333333,-0.12561536840379356,0.3333333333333333,-0.2984339788760175,0.0,-0.8467406314626085
2024-07-18,0.2727272727272727,-0.5869126768948031,0.6666666666666666,0.13888888888888887,0.3333333333333333,-0.648148148148148,0.3333333333333333,-0.45873490213598356,0.3333333333333333,-0.532132486477741,0.0,-0.6605782590758164
2024-07-19,0.2727272727272727,-0.7414219162701059,0.6666666666666666,0.11735929413190535,0.6666666666666666,-0.8643883725402509,0.3333333333333333,-0.5877008413758847,0.3333333333333333,-0.6115087954673052,0.3333333333333333,-0.6241474051821412
2024-07-22,0.2727272727272727,-0.6949046094434469,0.0,-0.324074074074074,0.0,-0.8240740740740741,0.0,-0.1009216784699164,0.0,-0.6436934689129528,0.0,-0.7706746355884524
2024-07-23,0.2727272727272727,-0.906193173125576,0.3333333333333333,-0.4131865245339414,0.0,-0.8240740740740741,0.0,-0.37616261975150656,0.0,-0.0642228862990377,0.0,-0.7156264473321344
2024-07-24,0.2727272727272727,-0.8206934419090481,0.3333333333333333,0.11670511105274636,0.3333333333333333,-0.7724321626955434,0.3333333333333333,-0.523919354714936,0.0,-0.6560381485126155,0.3333333333333333,-0.7471545580282566
2024-07-25,0.2727272727272727,-0.8113673800691726,0.3333333333333333,-0.34880749227427255,0.0,-0.7172584367887189,0.3333333333333333,-0.4145796632961667,0.0,-0.36446563806256416,0.0,-0.605924123279013
2024-07-26,0.2727272727272727,-0.8216777476527244,0.3333333333333333,-0.17471679870494436,0.0,-0.8046168361411911,0.3333333333333333,-0.6238794669049377,0.3333333333333333,-0.6866432356482527,0.0,-0.5229577884350213
2024-07-29,0.2727272727272727,-0.8700027367225702,0.3333333333333333,-0.49580054640770804,0.0,-0.8636363636363636,0.0,-0.7454545454545456,0.0,-0.4000000000000001,0.0,-0.690909090909091
2024-07-30,0.2727272727272727,-0.7763946481696393,0.0,-0.47477563734255246,0.3333333333333333,-0.42009132420091333,0.3333333333333333,-0.10022805046720515,0.0,-0.24601430569223082,0.3333333333333333,-0.5330309956665001
2024-07-31,0.2727272727272727,-0.6644819060911327,0.3333333333333333,0.5136986301369864,0.3333333333333333,-0.18391241968941507,0.3333333333333333,0.07744894808829489,0.0,0.15068493150684933,0.3333333333333333,-0.30979579235317956
2024-08-01,0.2727272727272727,-0.697277051246695,0.3333333333333333,0.5321324864777409,0.3333333333333333,-0.26363636363636367,0.3333333333333333,0.06363636363636364,0.6666666666666666,0.013698772949316694,0.3333333333333333,-0.07272727272727274
2024-08-02,0.2727272727272727,-0.7990950887101403,0.0,-0.07443873683187767,0.0,-0.6000000000000001,0.3333333333333333,-0.10000000000000002,0.6666666666666666,0.06833730713673078,0.0,-0.5272727272727273
2024-08-05,0.2727272727272727,-0.669752957118536,0.0,-0.027334922854692318,0.3333333333333333,-0.3090909090909091,0.0,-0.33636363636363636,0.0,-0.7380429170766925,0.0,-0.16363636363636366
2024-08-06,0.2727272727272727,-0.7577425244898882,0.3333333333333333,0.06994546379906659,0.0,-0.3417467148021271,0.3333333333333333,-0.20501192141019234,0.0,-0.39726027397260283,0.0,-0.36446563806256416
2024-08-07,0.2727272727272727,-0.840960529318794,0.0,-0.1643835616438356,0.0,-0.5603659185211924,0.3333333333333333,-0.054669845709384636,0.0,-0.39180056091725646,0.0,-0.5512542775696284
2024-08-08,0.2727272727272727,-0.858116330321033,0.6666666666666666,0.5675953683430672,0.0,-0.6606437893829143,0.3333333333333333,-0.09090909090909091,0.3333333333333333,-0.23636363636363636,0.0,-0.41818181818181827
2024-08-09,0.2727272727272727,-0.6449724917173475,1.0,0.6405597970141418,0.0,0.14955883865909508,0.3333333333333333,0.04566257649772231,0.6666666666666666,0.21461410953929488,0.3333333333333333,-0.13698772949316693
2024-08-12,0.2727272727272727,-0.5684931506849316,0.3333333333333333,-0.2990867579908676,0.3333333333333333,-0.350798176635218,0.3333333333333333,0.31890743330474364,0.3333333333333333,-0.05922566618516668,0.0,-0.49202861138446163
2024-08-13,0.2727272727272727,-0.6529166956178182,0.6666666666666666,0.7562661989798207,0.0,-0.13211879379767952,0.3333333333333333,-0.14545454545454548,0.6666666666666666,-0.20000000000000004,0.0,-0.3727272727272728
2024-08-14,0.2727272727272727,-0.8188261051506543,0.6666666666666666,0.4495602040932639,0.3333333333333333,0.046524210519923545,0.0,-0.4090909090909091,0.3333333333333333,0.10045766829498909,0.3333333333333333,-0.4272727272727273
2024-08-15,0.2727272727272727,-0.3861509473153654,0.3333333333333333,0.2961283309258334,0.3333333333333333,0.3486385256233475,0.0,-0.3727272727272728,0.3333333333333333,0.15596986672623442,0.0,-0.36363636363636365
2024-08-16,0.2727272727272727,-0.33411557360187344,0.3333333333333333,0.23082003053691977,0.0,0.17808219178082194,0.0,-0.2687934080711411,0.6666666666666666,0.5057591541458915,0.0,-0.6378148666094873
2024-08-19,0.2727272727272727,-0.8104432008587533,0.3333333333333333,0.26606624323887046,0.0,-0.48625899626414265,0.0,-0.20909090909090913,0.6666666666666666,0.027334922854692318,0.0,-0.7181818181818183
2024-08-20,0.2727272727272727,-0.5443332630831055,0.3333333333333333,0.10045766829498909,0.0,-0.45873490213598356,0.0,-0.21818181818181823,0.3333333333333333,0.02746060132357569,0.0,-0.46363636363636374
2024-08-21,0.2727272727272727,-0.3404012571554575,0.6666666666666666,0.226027397260274,0.3333333333333333,-0.4452054794520548,0.0,-0.4646936885297694,0.6666666666666666,0.13013698630136988,0.0,-0.3052399718773975
2024-08-22,0.2727272727272727,-0.33497431574344955,0.0,-0.17899695893563106,0.3333333333333333,-0.4692495090055514,0.0,-0.28181818181818186,1.0,0.009090909090909092,0.0,-0.2545454545454546
2024-08-23,0.2727272727272727,-0.40368671387966554,0.3333333333333333,0.01982726388386439,0.3333333333333333,-0.3578132236660672,0.3333333333333333,0.06363636363636364,0.3333333333333333,0.12096294735180121,0.3333333333333333,-0.4090909090909091
2024-08-26,0.2727272727272727,-0.450585428239067,0.0,0.17162516331286226,0.3333333333333333,-0.06833730713673078,0.0,0.07744894808829489,0.0,-0.11212844003107003,0.3333333333333333,-0.3006841514016155
2024-08-27,0.2727272727272727,-0.45978104922353774,0.0,-0.25577123220557213,0.3333333333333333,0.004566210045662101,0.3333333333333333,-0.050114025233602574,0.3333333333333333,-0.44292237442922383,0.3333333333333333,-0.25057012616801283
2024-08-28,0.2727272727272727,-0.5655546025421946,0.0,-0.15366129509994902,0.3333333333333333,-0.17767699855550007,0.0,-0.13636363636363638,0.0,-0.3545454545454546,0.3333333333333333,-0.3181818181818182
2024-08-29,0.2727272727272727,-0.6605782590758164,0.0,-0.4495602040932639,0.0,-0.6272727272727273,0.0,0.21818181818181823,0.0,-0.6423706870852693,0.3333333333333333,-0.26363636363636367
2024-08-30,0.2727272727272727,-0.39541170233224243,0.0,-0.6896715738353066,0.0,-0.8473826084954618,0.0,-0.15034207570080774,0.0,-0.8810091716726931,0.3333333333333333,-0.4874727909086796
2024-09-02,0.2727272727272727,-0.07834184567798856,0.3333333333333333,0.14712993575153208,0.3333333333333333,-0.18349396085439343,0.3333333333333333,0.02752409412815902,0.3333333333333333,-0.3218467344564764,0.3333333333333333,-0.37616261975150656
2024-09-03,0.2727272727272727,-0.35862921839435946,0.0,-0.3310423554409471,0.3333333333333333,-0.2666730085496519,0.0,0.2018433569398328,0.0,-0.6207044164517759,0.3333333333333333,-0.5780059766913394
2024-09-04,0.2727272727272727,-0.6041205748612752,0.3333333333333333,0.4406564219341196,0.0,-0.4337899543378996,0.0,-0.07744894808829489,0.0,-0.7511415525114155,0.0,-0.5831450209001027
2024-09-05,0.2727272727272727,-0.6423706870852693,0.0,-0.350798176635218,0.0,-0.5,0.0,0.16363636363636366,0.3333333333333333,-0.5,0.0,-0.6727272727272727
2024-09-06,0.2727272727272727,-0.5922566618516668,0.0,-0.22883355108381637,0.0,-0.6887889887622873,0.0,-0.22323520331332058,0.0,-0.6575342465753424,0.0,-0.7517103785040385
2024-09-09,0.2727272727272727,-0.27853881278538817,0.3333333333333333,-0.18678863950706415,0.0,-0.3721461187214612,0.0,-0.15034207570080774,0.3333333333333333,-0.33257489473208984,0.0,-0.1640095371281539
2024-09-10,0.2727272727272727,-0.12300715284611541,0.3333333333333333,-0.03669879217087869,0.3333333333333333,0.0,0.0,-0.4909090909090909,0.0,-0.23234684426488467,0.3333333333333333,-0.08181818181818183
2024-09-11,0.2727272727272727,-0.3059392625347395,0.0,-0.15454545454545454,0.3333333333333333,-0.23636363636363636,0.3333333333333333,0.02727272727272728,0.0,-0.19090909090909092,0.0,-0.009090909090909092
2024-09-12,0.2727272727272727,-0.2545454545454546,0.3333333333333333,0.0642228862990377,0.3333333333333333,-0.15454545454545454,0.3333333333333333,-0.06363636363636364,0.0,-0.38181818181818183,0.3333333333333333,0.14545454545454548
2024-09-13,0.2727272727272727,-0.16363636363636366,0.6666666666666666,0.5479509179726677,0.6666666666666666,-0.10478387094298722,0.3333333333333333,-0.09090909090909091,0.6666666666666666,-0.3690214585383462,0.6666666666666666,0.4000000000000001
2024-09-17,0.2727272727272727,-0.5,0.0,0.0956722299914231,0.0,-0.33636363636363636,0.3333333333333333,0.018181818181818184,0.0,-0.5922566618516668,0.0,-0.09090909090909091
2024-09-18,0.2727272727272727,-0.5193635342391539,0.3333333333333333,-0.14545454545454548,0.3333333333333333,-0.16363636363636366,0.3333333333333333,0.05454545454545456,0.0,-0.46363636363636374,0.3333333333333333,0.30000000000000004
2024-09-19,0.2727272727272727,-0.5296803652968037,0.3333333333333333,-0.10115183082917831,0.3333333333333333,-0.27853881278538817,0.3333333333333333,-0.29157251045005134,0.3333333333333333,-0.2870166899742693,0.3333333333333333,0.15945371665237182
2024-09-20,0.2727272727272727,-0.6560381485126154,0.3333333333333333,0.44545454545454555,0.3333333333333333,-0.009090909090909092,0.3333333333333333,-0.13636363636363638,0.3333333333333333,-0.10909090909090911,0.3333333333333333,0.5
2024-09-23,0.2727272727272727,-0.4727272727272727,0.3333333333333333,0.16363636363636366,0.3333333333333333,-0.13636363636363638,0.3333333333333333,-0.24545454545454545,0.0,-0.4954336943068623,0.3333333333333333,0.09090909090909091
2024-09-24,0.2727272727272727,-0.5181818181818182,0.3333333333333333,0.08200476856407693,0.3333333333333333,-0.2779050490227052,0.3333333333333333,-0.03636363636363637,0.3333333333333333,-0.4738053294813334,0.3333333333333333,-0.4090909090909091
2024-09-25,0.18181818181818182,-0.4611920226269954,0.3333333333333333,0.25968176711957697,0.3333333333333333,-0.35535399711100013,0.3333333333333333,0.0,0.3333333333333333,-0.19178282129043372,0.3333333333333333,-0.3454545454545455
2024-09-26,0.2727272727272727,-0.3669879217087868,0.3333333333333333,-0.03644656380625642,0.6666666666666666,-0.045454545454545456,0.3333333333333333,-0.20000000000000004,0.3333333333333333,-0.27272727272727276,0.3333333333333333,-0.30000000000000004
2024-09-27,0.2727272727272727,-0.3486385256233475,0.6666666666666666,0.013957263155977066,0.3333333333333333,-0.15454545454545454,0.3333333333333333,-0.15454545454545454,0.3333333333333333,-0.4727272727272727,0.3333333333333333,-0.5363636363636364
2024-09-30,0.2727272727272727,-0.43636363636363645,0.6666666666666666,0.4312108080078245,0.6666666666666666,0.07744894808829489,0.3333333333333333,0.02727272727272728,0.3333333333333333,-0.11818181818181818,0.3333333333333333,-0.05454545454545456
2024-10-01,0.2727272727272727,-0.41096318847950086,0.6666666666666666,0.6674238124719146,0.3333333333333333,0.31193973345246884,0.3333333333333333,-0.05454545454545456,0.3333333333333333,-0.14545454545454548,0.3333333333333333,0.3545454545454546
2024-10-02,0.2727272727272727,-0.42694063926940634,0.3333333333333333,0.5182648401826485,0.6666666666666666,-0.05517372590682453,0.3333333333333333,-0.25968176711957697,0.6666666666666666,-0.03644656380625642,0.3333333333333333,0.18678863950706415
2024-10-03,0.2727272727272727,-0.16894977168949774,0.3333333333333333,0.2990867579908676,0.3333333333333333,-0.091324200913242,0.3333333333333333,-0.20501192141019234,0.3333333333333333,-0.20501192141019234,0.6666666666666666,0.01822328190312821
2024-10-04,0.2727272727272727,-0.5375868161422822,0.3333333333333333,0.01141552511415525,0.3333333333333333,-0.6560381485126155,0.6666666666666666,-0.33713071520787186,0.3333333333333333,-0.4646936885297694,0.6666666666666666,-0.24145848521644878
2024-10-07,0.2727272727272727,-0.39090909090909093,0.3333333333333333,-0.07762638004612794,0.0,-0.3371307152078719,0.0,-0.3727272727272728,0.0,-0.4000000000000001,0.3333333333333333,-0.39090909090909093
2024-10-08,0.2727272727272727,-0.30979579235317956,0.3333333333333333,-0.16856535760393593,0.0,-0.632420091324201,0.0,-0.11845133237033335,0.0,-0.2733492285469231,0.3333333333333333,-0.2961283309258334
2024-10-09,0.2727272727272727,-0.22323520331332058,0.3333333333333333,-0.12300715284611541,0.3333333333333333,-0.11845133237033335,0.0,0.06378148666094874,0.6666666666666666,0.05922566618516668,0.6666666666666666,-0.25057012616801283
2024-10-10,0.2727272727272727,-0.09174698042719671,0.6666666666666666,0.19310804067388584,0.0,-0.8073734277593312,0.0,0.09174698042719671,0.3333333333333333,-0.17471679870494436,0.6666666666666666,0.0
2024-10-11,0.2727272727272727,-0.3690214585383462,0.3333333333333333,0.20956774188597443,0.0,-0.5272727272727273,0.3333333333333333,-0.10000000000000002,0.3333333333333333,-0.14545454545454548,0.0,-0.4090909090909091
2024-10-14,0.2727272727272727,-0.5625429276548994,0.3333333333333333,-0.27970083685883906,0.0,-0.29557340266613363,0.3333333333333333,0.30510802855858954,0.0,0.019069251784911846,0.3333333333333333,-0.5434736758699876
2024-10-15,0.2727272727272727,-0.6001623157070137,0.3333333333333333,-0.05,0.3333333333333333,-0.15818231576774006,0.3333333333333333,0.3582364210034113,0.3333333333333333,0.10025516477866213,0.3333333333333333,-0.24192589470360243
2024-10-16,0.2727272727272727,-0.4543936147931674,0.0,-0.3944053188733077,0.3333333333333333,-0.3396267367954419,0.3333333333333333,0.3256694736394648,0.0,-0.21401136839164833,0.3333333333333333,-0.5396808420311131
2024-10-17,0.2727272727272727,-0.5898680145166197,0.0,-0.6761234037828132,0.0,-0.4781722911924792,0.3333333333333333,0.3578132236660672,0.0,-0.5747263115294221,0.3333333333333333,-0.3578132236660672
2024-10-18,0.2727272727272727,-0.43636363636363645,0.3333333333333333,-0.39173718897796794,0.3333333333333333,0.02727272727272728,0.3333333333333333,-0.07272727272727274,0.6666666666666666,0.3143516128289616,0.3333333333333333,0.2545454545454546
2024-10-21,0.2727272727272727,-0.2824608694984872,0.0,-0.22019275302527214,0.3333333333333333,-0.27272727272727276,0.3333333333333333,0.10909090909090911,0.3333333333333333,-0.027334922854692318,0.3333333333333333,0.03636363636363637
2024-10-22,0.2727272727272727,-0.39443261619270736,0.6666666666666666,0.21169509870286277,0.3333333333333333,-0.31193973345246884,0.0,-0.587180674734059,0.6666666666666666,0.07356496787576604,0.3333333333333333,0.02752409412815902
2024-10-23,0.2727272727272727,-0.1510301437153188,0.0,-0.5077585786931416,0.3333333333333333,-0.05922566618516668,0.3333333333333333,0.2277910237891026,0.3333333333333333,-0.23112188659465455,0.3333333333333333,-0.04100238428203847
2024-10-24,0.2727272727272727,-0.16476015678034778,0.0,-0.1589798404142843,0.3333333333333333,0.03189074333047437,0.3333333333333333,0.02277910237891026,0.0,-0.19590028045862823,0.3333333333333333,0.04555820475782052
2024-10-25,0.2727272727272727,-0.23503302418890412,0.0,-0.2252927141195335,0.3333333333333333,-0.10478387094298722,0.3333333333333333,-0.06378148666094874,0.3333333333333333,-0.26484018264840187,0.0,-0.15034207570080774
2024-10-28,0.2727272727272727,0.13888888888888887,0.0,-0.44700935475087594,0.6666666666666666,0.11927107455535572,0.3333333333333333,-0.1926686588971131,0.0,-0.7064517492894147,0.3333333333333333,-0.1009216784699164
2024-10-29,0.2727272727272727,0.17169419763682556,0.0,-0.15207534749256604,0.6666666666666666,0.09174698042719671,0.3333333333333333,-0.03669879217087869,0.0,-0.6055300708194984,0.0,-0.3027650354097492
2024-10-30,0.2727272727272727,0.10185185185185185,0.3333333333333333,0.2023036616583566,0.3333333333333333,-0.15172774624376748,0.3333333333333333,-0.1926686588971131,0.0,-0.6972770512466951,0.3333333333333333,-0.04587349021359836
2024-10-31,0.2727272727272727,-0.21710454425206127,0.0,-0.3172489239642411,0.3333333333333333,-0.13242009132420093,0.0,-0.3143516128289616,0.0,-0.3264840182648402,0.3333333333333333,0.0
2024-11-01,0.2727272727272727,-0.25240535194348834,0.3333333333333333,-0.025646670059657754,0.0,-0.33333333333333337,0.3333333333333333,-0.26423758759535904,0.3333333333333333,-0.42694063926940634,0.3333333333333333,0.03644656380625642
2024-11-04,0.2727272727272727,-0.5149547751303623,0.0,0.34943359740988866,0.3333333333333333,-0.3781330994899103,0.3333333333333333,-0.4783611499571155,0.0,-0.39180056091725646,0.3333333333333333,-0.08200476856407694
2024-11-05,0.2727272727272727,-0.10933969141876927,0.3333333333333333,0.14679516868351475,0.3333333333333333,-0.30979579235317956,0.3333333333333333,-0.3272727272727273,0.0,-0.41457966329616674,0.3333333333333333,-0.14545454545454548
2024-11-06,0.2727272727272727,-0.15068493150684933,0.3333333333333333,0.42299856528565477,0.3333333333333333,-0.42009132420091333,0.0,-0.3006841514016155,0.0,-0.09360730593607307,0.3333333333333333,-0.2323468442648847
2024-11-07,0.2727272727272727,0.04176345347922784,0.6666666666666666,0.24012009007506574,0.6666666666666666,0.21296296296296297,0.0,-0.3394638275806278,0.6666666666666666,0.4036867138796656,0.6666666666666666,0.05504818825631804
2024-11-08,0.2727272727272727,-0.08200476856407693,0.3333333333333333,0.5454545454545455,0.3333333333333333,-0.29090909090909095,0.0,-0.7000000000000001,0.3333333333333333,-0.13211879379767952,0.3333333333333333,-0.36363636363636365
2024-11-11,0.2727272727272727,-0.28506425051859335,0.3333333333333333,0.29425987150306415,0.6666666666666666,-0.24056261216234404,0.0,-0.27524094128159016,0.3333333333333333,0.0,0.3333333333333333,-0.4770842982214229
2024-11-12,0.2727272727272727,-0.2666730085496519,0.3333333333333333,0.29425987150306415,0.3333333333333333,-0.037562411321267405,0.0,-0.2660662432388705,0.0,-0.4862589962641426,0.3333333333333333,-0.1743192628116738
2024-11-13,0.2727272727272727,-0.4569770301539018,0.3333333333333333,0.2629368792488718,0.3333333333333333,-0.2476190476190476,0.0,-0.4187178946793119,0.0,-0.1628347368197324,0.3333333333333333,0.09770084209183945
2024-11-14,0.2727272727272727,-0.2666730085496519,0.6666666666666666,0.1379343147670613,0.3333333333333333,0.08333333333333333,0.3333333333333333,-0.09174698042719671,0.3333333333333333,-0.3148148148148148,0.6666666666666666,0.15596986672623442
2024-11-15,0.2727272727272727,-0.20737547385349914,0.6666666666666666,0.2988576819952995,0.6666666666666666,0.4036867138796656,0.3333333333333333,-0.0642228862990377,0.3333333333333333,-0.28703703703703703,0.6666666666666666,0.2568915451961508
2024-11-18,0.2727272727272727,-0.3778962349703948,0.6666666666666666,0.0,0.3333333333333333,0.10933969141876927,0.3333333333333333,-0.31890743330474364,0.3333333333333333,-0.26027397260273977,0.6666666666666666,0.25968176711957697
2024-11-19,0.2727272727272727,-0.5866441940428039,0.6666666666666666,-0.009195620984470755,0.3333333333333333,0.0,0.3333333333333333,-0.1640095371281539,0.3333333333333333,-0.5057591541458915,0.3333333333333333,0.01822328190312821
2024-11-20,0.2727272727272727,-0.2482817665807104,0.6666666666666666,0.226027397260274,0.6666666666666666,0.11415525114155252,0.3333333333333333,-0.49202861138446163,0.6666666666666666,-0.17767699855550004,0.6666666666666666,0.36446563806256416
2024-11-21,0.2727272727272727,-0.709707563237083,0.3333333333333333,-0.1241408832903552,0.0,-0.26940639269406397,0.3333333333333333,-0.14123043474924363,0.3333333333333333,-0.5251141552511416,0.3333333333333333,-0.013667461427346159
2024-11-22,0.2727272727272727,-0.6018518518518517,0.6666666666666666,0.21101805498255247,0.0,-0.2574773875651811,0.3333333333333333,-0.4862589962641426,0.3333333333333333,-0.4036867138796656,0.3333333333333333,0.07339758434175737
2024-11-25,0.2727272727272727,-0.4526667539153692,0.3333333333333333,0.09347427416193442,0.3333333333333333,0.013825031590233277,0.0,-0.3926981578804119,0.3333333333333333,-0.059361349447039004,0.3333333333333333,0.027397545898633392
2024-11-26,0.2727272727272727,-0.473594504567854,0.3333333333333333,0.2505701261680129,0.3333333333333333,-0.11927107455535574,0.3333333333333333,-0.29090909090909095,0.3333333333333333,-0.26363636363636367,0.6666666666666666,-0.06363636363636364
2024-11-28,0.2727272727272727,-0.20277358949630941,0.6666666666666666,0.2277910237891026,0.3333333333333333,0.15632555673600285,0.0,-0.25057012616801283,0.3333333333333333,0.054669845709384636,0.3333333333333333,0.07744894808829489
2024-11-29,0.2727272727272727,-0.25,0.6666666666666666,0.037562411321267405,0.0,-0.7632365417110727,0.3333333333333333,0.1926686588971131,0.3333333333333333,0.11009637651263608,0.0,-0.7064517492894147
2024-12-02,0.2727272727272727,-0.4444444444444445,0.3333333333333333,0.14085904245475275,0.3333333333333333,-0.28506425051859335,0.0,0.03669879217087869,0.3333333333333333,-0.14679516868351475,0.0,-0.49543369430686224
2024-12-03,0.2727272727272727,-0.2666730085496519,0.6666666666666666,0.523063691087071,0.3333333333333333,0.3401826484018265,0.3333333333333333,-0.15489789617658978,0.6666666666666666,0.2762557077625571,0.6666666666666666,0.24145848521644878
2024-12-04,0.2727272727272727,-0.6788172508915258,0.3333333333333333,-0.03669879217087869,0.0,-0.45454545454545453,0.3333333333333333,0.05454545454545456,0.3333333333333333,-0.4090909090909091,0.3333333333333333,-0.4000000000000001
2024-12-05,0.2727272727272727,-0.6103891839705953,0.3333333333333333,0.37649664426800933,0.0,-0.1608745667378532,0.3333333333333333,-0.20470652628766361,0.3333333333333333,0.353583999951419,0.3333333333333333,-0.13957263155977062
2024-12-06,0.2727272727272727,-0.6118070469355152,0.3333333333333333,0.14921698943800876,0.3333333333333333,0.07512482264253481,0.0,0.07443873683187767,0.3333333333333333,0.2558831578595795,0.3333333333333333,0.10235326314383181
2024-12-09,0.2727272727272727,-0.8604321748053716,0.6666666666666666,-0.27524094128159016,0.0,-0.5,0.0,-0.5,0.0,-0.415529446129273,0.0,-0.4000000000000001
2024-12-10,0.2727272727272727,-0.6161066059595406,0.6666666666666666,-0.013825472011112007,0.0,-0.38161827085553635,0.3333333333333333,-0.04100238428203847,0.3333333333333333,0.086560589039859,0.0,-0.4874727909086796
2024-12-11,0.2727272727272727,-0.3280190742563077,0.6666666666666666,-0.08736209307562355,0.0,-0.669752957118536,0.3333333333333333,0.14545454545454548,0.3333333333333333,0.21412356236175645,0.3333333333333333,-0.24545454545454545
2024-12-12,0.2727272727272727,-0.5104266412734632,0.3333333333333333,0.08735839935247217,0.0,-0.027978185519626643,0.3333333333333333,0.21867938283753854,0.3333333333333333,0.29223744292237447,0.0,0.01822328190312821
2024-12-13,0.2727272727272727,-0.614704768862218,0.3333333333333333,-0.1931162057461152,0.3333333333333333,-0.5780059766913394,0.6666666666666666,0.29090909090909095,0.6666666666666666,-0.20956774188597443,0.3333333333333333,-0.5272727272727273
2024-12-16,0.2727272727272727,-0.5413071845204607,0.3333333333333333,-0.019069251784911846,0.3333333333333333,-0.5688312786486196,0.3333333333333333,-0.19090909090909092,0.6666666666666666,-0.4272727272727273,0.3333333333333333,-0.5727272727272729
2024-12-17,0.2727272727272727,-0.35535399711100013,0.3333333333333333,-0.03669879217087869,0.3333333333333333,-0.3735772790141283,0.3333333333333333,0.27272727272727276,0.3333333333333333,-0.523919354714936,0.3333333333333333,-0.44545454545454555
2024-12-18,0.2727272727272727,-0.5205533720740343,0.0,-0.3242042931338284,0.0,-0.4236913042477308,0.0,-0.17272727272727276,0.0,-0.2505701261680129,0.0,-0.6727272727272727
2024-12-19,0.2727272727272727,-0.5273972602739726,0.3333333333333333,-0.6224272589479806,0.3333333333333333,-0.20319634703196346,0.3333333333333333,-0.2961283309258334,0.3333333333333333,-0.22654521557297821,0.6666666666666666,-0.08200476856407694
2024-12-20,0.2727272727272727,-0.5743722132203791,0.3333333333333333,-0.25180366967663975,0.3333333333333333,-0.052511415525114166,0.0,-0.4646936885297694,0.3333333333333333,-0.10550569718723389,0.3333333333333333,-0.2277910237891026
2024-12-23,0.2727272727272727,-0.2758686295341226,0.0,-0.22131760318935656,0.3333333333333333,-0.5,0.0,-0.22019275302527216,0.3333333333333333,-0.3364091020290097,0.3333333333333333,-0.5046083923495819
2024-12-24,0.2727272727272727,-0.42299856528565477,0.0,-0.09883693657685838,0.0,-0.7419433620091858,0.0,-0.02752409412815902,0.3333333333333333,-0.05990847022434419,0.3333333333333333,-0.3486385256233476
2024-12-27,0.2727272727272727,-0.39360195230458483,0.3333333333333333,-0.23854214911071148,0.0,-0.8636363636363636,0.0,-0.3454545454545455,0.3333333333333333,-0.15034207570080774,0.0,-0.6181818181818182
2024-12-30,0.2727272727272727,-0.32420091324200917,0.3333333333333333,0.11670511105274636,0.0,-0.8538812785388127,0.3333333333333333,-0.10478387094298722,0.0,-0.1640095371281539,0.0,-0.8063802242134231
2025-01-02,0.2727272727272727,-0.43319812301484284,0.0,-0.12873869378259056,0.3333333333333333,-0.450585428239067,0.3333333333333333,-0.15489789617658978,0.3333333333333333,-0.06436934689129528,0.0,-0.7517103785040385
2025-01-03,0.2727272727272727,-0.7142932988287192,0.3333333333333333,0.13043512411777533,0.0,-0.35945082134606515,0.3333333333333333,0.11415644124430577,0.0,-0.34174311926605505,0.0,-0.8949864993553575
2025-01-06,0.2727272727272727,-0.4689766702080085,0.3333333333333333,-0.37071095813505295,0.0,-0.8356164383561645,0.3333333333333333,0.3006841514016155,0.0,-0.3416865356836539,0.0,-0.8883849927775002
2025-01-07,0.2727272727272727,-0.4470235950259549,0.3333333333333333,-0.5525114155251142,0.0,-0.3416865356836539,0.3333333333333333,0.173121178079718,0.3333333333333333,-0.42694063926940634,0.0,-0.8883849927775002
2025-01-08,0.2727272727272727,-0.37962962962962965,0.0,-0.32716515254078793,0.0,-0.474225442931001,0.3333333333333333,0.03669879217087869,0.3333333333333333,-0.44956020409326397,0.0,-0.8257228238447705
2025-01-09,0.2727272727272727,-0.5775220740644863,0.0,-0.7982012405769322,0.0,-0.7747247335011401,0.3333333333333333,-0.22936745106799178,0.3333333333333333,-0.6069109849750699,0.0,-0.83489752188749
2025-01-10,0.2727272727272727,-0.4792830297185495,0.0,-0.671280331866365,0.0,-0.6287032256579232,0.3333333333333333,-0.346242356159436,0.3333333333333333,-0.49202861138446163,0.0,-0.7836011218345129
2025-01-13,0.2727272727272727,-0.642228862990377,0.0,-0.29846642969749937,0.0,-0.6423706870852693,0.0,-0.45454545454545453,0.3333333333333333,-0.5102518932875899,0.0,-0.8181818181818182
2025-01-14,0.2727272727272727,-0.6238794669049377,0.3333333333333333,-0.13057906299265598,0.0,-0.7636363636363637,0.0,-0.41818181818181827,0.3333333333333333,-0.43280294519929496,0.3333333333333333,-0.5818181818181819
2025-01-15,0.2727272727272727,-0.3133773655852055,0.3333333333333333,0.18664387215001205,0.0,-0.7831050228310504,0.0,-0.29157251045005134,0.0,0.02277910237891026,0.3333333333333333,-0.523919354714936
2025-01-16,0.2727272727272727,-0.009259259259259259,0.6666666666666666,0.4689766702080085,0.3333333333333333,-0.22019275302527216,0.0,-0.14679516868351475,0.0,-0.32644454494871183,0.3333333333333333,-0.22936745106799178
2025-01-17,0.2727272727272727,-0.2685185185185185,0.6666666666666666,-0.08257228238447704,0.0,-0.11927107455535572,0.3333333333333333,0.22019275302527216,0.3333333333333333,-0.022989052461176884,0.0,-0.31193973345246884
2025-01-20,0.2727272727272727,-0.037123069759313634,0.6666666666666666,0.6759259259259258,0.3333333333333333,-0.11927107455535572,0.3333333333333333,-0.2844156393243098,0.3333333333333333,0.14253212525929668,0.3333333333333333,0.009174698042719672
2025-01-21,0.2727272727272727,-0.014285714285714287,0.3333333333333333,0.41406547362731955,0.3333333333333333,-0.31171221048348774,0.0,0.03256694736394648,0.0,0.03286710990610898,0.3333333333333333,-0.14887747366375534
2025-01-22,0.2727272727272727,-0.7577425244898882,0.3333333333333333,-0.23448833510400424,0.0,-0.40867579908675805,0.0,-0.22323520331332058,0.0,0.050114025233602574,0.3333333333333333,-0.07289312761251283
2025-01-23,0.2727272727272727,-0.3109057092342517,0.3333333333333333,-0.11573827732089892,0.0,-0.31568161092039076,0.3333333333333333,0.009196009797434058,0.3333333333333333,-0.12442924810000805,0.3333333333333333,-0.01379401469615109
2025-01-24,0.2727272727272727,-0.36153820896719874,0.3333333333333333,-0.004695301415158426,0.0,-0.09390602830316849,0.0,-0.26984042101555655,0.3333333333333333,-0.2937709479560797,0.0,-0.046524210519923545
2025-01-30,0.2727272727272727,-0.3218467344564764,0.3333333333333333,0.2850642505185934,0.3333333333333333,0.15632555673600285,0.0,-0.03644656380625642,0.3333333333333333,-0.42824712472351295,0.6666666666666666,0.2733492285469231
2025-01-31,0.2727272727272727,-0.4779595231511631,0.3333333333333333,-0.46403837199142045,0.6666666666666666,0.059774063683321374,0.0,-0.03678403918973623,0.0,-0.5023255813953489,0.6666666666666666,0.17472418615124713
2025-02-03,0.2727272727272727,-0.4825999068710773,0.3333333333333333,-0.06437206858203841,0.3333333333333333,-0.18894811748519744,0.0,-0.059774063683321374,0.0,-0.5553231257796656,0.3333333333333333,-0.04598004898717029
2025-02-04,0.2727272727272727,-0.6310921859083318,0.6666666666666666,0.11085716422417205,0.6666666666666666,-0.15208019212223206,0.0,0.0,0.6666666666666666,-0.5207594457518856,0.6666666666666666,-0.14713615675894492
2025-02-05,0.2727272727272727,-0.19489611623639658,0.6666666666666666,0.42301645068196675,0.6666666666666666,0.1639762220815878,0.3333333333333333,0.25748827432815363,0.6666666666666666,-0.06976744186046512,0.6666666666666666,0.08276408817690653
2025-02-06,0.2727272727272727,-0.3225840704387764,0.3333333333333333,0.32644454494871183,0.6666666666666666,-0.04597810492235377,0.6666666666666666,0.2935903373670295,0.6666666666666666,-0.354031407902124,0.6666666666666666,0.1743192628116738
2025-02-07,0.2727272727272727,-0.8122871448224076,0.3333333333333333,0.206901472150592,0.3333333333333333,-0.7402474892498958,0.3333333333333333,-0.3211144314951885,0.3333333333333333,-0.8689861830324864,0.3333333333333333,-0.4770842982214229
2025-02-10,0.2727272727272727,-0.8525707740185736,0.3333333333333333,0.45978104922353774,0.0,-0.5011613436536562,0.0,-0.3143516128289616,0.0,-0.7420091324200913,0.0,-0.26423758759535904
2025-02-11,0.2727272727272727,-0.38236853543489746,0.3333333333333333,-0.5228310502283106,0.6666666666666666,-0.35403140790212406,0.3333333333333333,-0.07744894808829489,0.6666666666666666,-0.2574773875651811,0.6666666666666666,-0.4646936885297694
2025-02-12,0.2727272727272727,-0.7688807316416231,0.3333333333333333,-0.12357011758526085,0.3333333333333333,-0.07305936073059362,0.3333333333333333,-0.5193635342391539,0.3333333333333333,-0.8196347031963469,0.3333333333333333,-0.4646936885297694
2025-02-13,0.2727272727272727,-0.44914937361344676,0.3333333333333333,0.14812372959592393,0.6666666666666666,-0.371850409805781,0.0,0.019069251784911846,0.3333333333333333,-0.17162326606420664,0.6666666666666666,-0.22883102141894218
2025-02-14,0.2727272727272727,-0.476939521242853,0.3333333333333333,0.2166083259556182,0.3333333333333333,-0.46594070127081316,0.0,-0.13879084718705073,0.0,-0.3469771179676268,0.3333333333333333,-0.2974089582579658
2025-02-17,0.2727272727272727,-0.2718922879412544,0.0,0.11927107455535572,1.0,0.19770585116612122,0.3333333333333333,-0.15596986672623442,0.6666666666666666,0.07339758434175737,0.6666666666666666,0.22936745106799178
2025-02-18,0.2727272727272727,-0.4510262271024232,0.0,-0.13698772949316693,0.6666666666666666,-0.4312108080078245,0.3333333333333333,-0.29090909090909095,0.6666666666666666,-0.18678863950706415,0.6666666666666666,0.02727272727272728
2025-02-19,0.2727272727272727,-0.3698630136986301,0.3333333333333333,0.09611009145520288,0.0,-0.6988671948197773,0.0,-0.15945371665237182,0.3333333333333333,-0.16856535760393593,0.3333333333333333,-0.009111640951564104
2025-02-20,0.2727272727272727,-0.6851851851851851,0.3333333333333333,-0.3521476061368819,0.3333333333333333,-0.22222222222222224,0.3333333333333333,0.2660662432388705,0.3333333333333333,-0.37242264987106555,0.3333333333333333,-0.2018433569398328
2025-02-21,0.2727272727272727,-0.7592592592592593,0.3333333333333333,-0.19245008972987523,0.3333333333333333,-0.5869126768948031,0.6666666666666666,0.2018433569398328,0.3333333333333333,-0.39451201583694584,0.3333333333333333,-0.5413071845204607
2025-02-24,0.2727272727272727,-0.37962962962962965,0.0,-0.612530651028675,0.3333333333333333,-0.170118988212709,0.3333333333333333,-0.5688312786486196,0.3333333333333333,-0.1195430727981198,0.0,-0.8073734277593312
2025-02-25,0.2727272727272727,-0.7592592592592593,0.6666666666666666,-0.24129995343553864,0.0,-0.589328732429104,0.3333333333333333,-0.3027650354097492,0.0,-0.09195620984470754,0.0,-0.7890240316738917
2025-02-26,0.2727272727272727,-0.6605782590758164,0.6666666666666666,0.0642228862990377,0.3333333333333333,-0.2047065262876636,0.3333333333333333,-0.26363636363636367,0.3333333333333333,-0.23636363636363636,0.0,-0.46363636363636374
2025-02-27,0.2727272727272727,-0.7431505414602934,0.6666666666666666,-0.26053557891157186,0.0,-0.3690214585383462,0.6666666666666666,0.009090909090909092,0.3333333333333333,-0.28181818181818186,0.0,-0.43636363636363645
2025-02-28,0.2727272727272727,-0.7523252395030131,0.6666666666666666,-0.22019275302527214,0.0,-0.22070423513841742,0.6666666666666666,-0.05454545454545456,0.3333333333333333,-0.4054680223446026,0.0,-0.39090909090909093
2025-03-03,0.2727272727272727,-0.8188261051506543,0.6666666666666666,-0.1834939608543934,0.0,-0.468996499669137,0.6666666666666666,0.10909090909090911,0.3333333333333333,-0.30000000000000004,0.0,-0.5363636363636364
2025-03-04,0.2727272727272727,-0.642034105174945,0.3333333333333333,0.4605896841472431,0.0,0.10115610777177464,0.6666666666666666,0.30000000000000004,0.0,-0.46469368852976933,0.0,-0.4000000000000001
2025-03-05,0.2727272727272727,-0.8507111474365273,0.0,-0.33497431574344955,0.0,-0.46439849477042,0.3333333333333333,0.03636363636363637,0.0,-0.6090909090909091,0.0,-0.6545454545454547
2025-03-06,0.2727272727272727,-0.8021285298120295,0.3333333333333333,0.30523997187739754,0.0,-0.3486385256233475,0.6666666666666666,0.5090909090909091,0.0,-0.4909090909090909,0.0,-0.48181818181818187
2025-03-07,0.2727272727272727,-0.7890240316738918,0.6666666666666666,-0.027524094128159017,0.0,-0.1834939608543934,0.3333333333333333,0.21818181818181823,0.0,-0.3545454545454546,0.0,-0.6545454545454547
2025-03-10,0.2727272727272727,-0.7080676267766532,0.3333333333333333,-0.23798689312716903,0.0,-0.42791874052673656,0.3333333333333333,0.33333680843337293,0.0,-0.5570834332722122,0.0,-0.5251196297238067
2025-03-11,0.2727272727272727,-0.8257228238447705,0.3333333333333333,-0.10909090909090911,0.0,-0.1913444599828462,0.3333333333333333,0.2545454545454546,0.0,-0.14545454545454548,0.0,-0.1272727272727273
2025-03-12,0.2727272727272727,-0.786259157786708,0.0,0.0,0.3333333333333333,0.21867938283753854,0.3333333333333333,-0.18181818181818182,0.0,-0.08200476856407693,0.3333333333333333,-0.045454545454545456
2025-03-13,0.2727272727272727,-0.827605888602368,0.3333333333333333,0.38711321631113615,0.3333333333333333,0.27713471988914806,0.0,-0.4601378680539873,0.3333333333333333,-0.04337899543378996,0.0,0.03189074333047437
2025-03-14,0.2727272727272727,-0.6897007348075543,0.0,-0.37813309948991036,0.0,-0.14374766315801685,0.6666666666666666,0.1272727272727273,0.0,-0.25968176711957697,0.0,-0.4909090909090909
2025-03-17,0.2727272727272727,-0.862421616015649,0.3333333333333333,-0.37176119782245726,0.3333333333333333,-0.3394638275806278,0.3333333333333333,0.08181818181818183,0.0,-0.4909090909090909,0.3333333333333333,0.03636363636363637
2025-03-18,0.2727272727272727,-0.6210110403690235,0.0,-0.20976176963403032,0.3333333333333333,-0.10909090909090911,0.3333333333333333,0.22727272727272727,0.3333333333333333,-0.5321324864777409,0.3333333333333333,0.10909090909090911
2025-03-19,0.2727272727272727,-0.7490397893707691,0.3333333333333333,0.2568915451961508,0.0,-0.43280294519929496,0.6666666666666666,0.5090909090909091,0.0,-0.3963563813930386,0.3333333333333333,-0.16363636363636366
2025-03-20,0.2727272727272727,-0.6792534735908838,0.3333333333333333,0.17431926281167376,0.6666666666666666,0.11927107455535574,0.6666666666666666,0.6272727272727273,0.0,-0.6363636363636364,0.0,-0.4272727272727273
2025-03-21,0.2727272727272727,-0.6061940195919104,0.6666666666666666,0.4555820475782052,0.3333333333333333,0.05977153639905991,0.3333333333333333,0.33713071520787186,0.0,-0.593607305936073,0.0,-0.4328029451992949
2025-03-24,0.2727272727272727,-0.697277051246695,0.3333333333333333,0.06378148666094874,0.0,-0.5046083923495819,0.6666666666666666,0.3454545454545455,0.0,-0.5785892004243207,0.0,-0.5454545454545455
2025-03-25,0.2727272727272727,-0.7443873683187767,0.6666666666666666,0.1461202447927114,0.0,-0.37616261975150656,0.6666666666666666,0.17272727272727276,0.3333333333333333,-0.17932219104996414,0.0,-0.5090909090909091
2025-03-26,0.2727272727272727,-0.63452467602295,0.0,-0.5443332630831055,0.0,-0.7363636363636363,0.3333333333333333,-0.11818181818181818,0.0,-0.5466984570938462,0.0,-0.3272727272727273
2025-03-27,0.2727272727272727,-0.611878525069479,0.0,-0.2779050490227052,0.0,-0.7000000000000001,0.0,-0.41818181818181827,0.0,-0.5056960728118078,0.0,-0.30000000000000004
2025-04-08,0.2727272727272727,-0.8109360446892052,0.0,0.3582364210034113,0.0,-0.4090909090909091,0.0,-0.3272727272727273,0.0,-0.30806632821404095,0.3333333333333333,-0.41818181818181827
2025-04-09,0.2727272727272727,-0.8610500699228079,0.3333333333333333,0.37813309948991036,0.0,-0.6363636363636364,0.0,-0.3727272727272728,0.0,-0.37330756576528695,0.0,-0.7181818181818183
2025-04-10,0.2727272727272727,-0.8019199560883944,0.6666666666666666,0.1412304347492436,0.3333333333333333,-0.5818181818181819,0.3333333333333333,-0.29090909090909095,0.3333333333333333,0.009132515299544463,0.0,-0.39090909090909093
2025-04-11,0.2727272727272727,-0.6803723898160625,0.3333333333333333,0.0,0.0,-0.6272727272727273,0.3333333333333333,-0.045454545454545456,0.3333333333333333,-0.27128228902430473,0.3333333333333333,-0.4727272727272727
2025-04-14,0.2727272727272727,-0.647492939187079,0.6666666666666666,0.4150097518744619,0.3333333333333333,-0.07289312761251283,0.0,-0.6970405327946539,0.6666666666666666,-0.052631716749277774,0.0,-0.2961283309258334
2025-04-15,0.2727272727272727,-0.6164447827192512,0.3333333333333333,0.26423758759535904,0.0,-0.38181818181818183,0.3333333333333333,-0.27272727272727276,0.6666666666666666,0.4272727272727273,0.0,-0.5090909090909091
2025-04-16,0.2727272727272727,-0.723533035248195,0.0,0.3835616438356164,0.3333333333333333,-0.3409619911148864,0.3333333333333333,-0.08200476856407694,0.6666666666666666,0.726027397260274,0.3333333333333333,-0.18678863950706415
2025-04-17,0.2727272727272727,-0.8377050334963209,0.3333333333333333,0.14286321078149072,0.0,-0.19311620574611524,0.3333333333333333,0.13334214206279385,0.6666666666666666,0.3954284212896645,0.0,-0.4138204408845326
2025-04-21,0.2727272727272727,-0.7899625734105961,0.3333333333333333,0.630143555668568,0.6666666666666666,0.03636363636363637,0.3333333333333333,0.10909090909090911,0.3333333333333333,0.4601378680539873,0.6666666666666666,-0.08181818181818183
2025-04-22,0.2727272727272727,-0.5388127853881279,0.3333333333333333,0.15331847922615696,0.3333333333333333,-0.21004566210045666,0.3333333333333333,0.10022805046720515,0.0,0.06378148666094874,0.3333333333333333,-0.26423758759535904
2025-04-23,0.2727272727272727,-0.8689861830324863,0.3333333333333333,0.08675799086757992,0.3333333333333333,-0.5056960728118078,0.6666666666666666,0.3553539971110001,0.6666666666666666,0.4292237442922375,0.3333333333333333,-0.5831450209001027
2025-04-24,0.2727272727272727,-0.356987817206484,1.0,0.5102518932875899,0.3333333333333333,-0.33636363636363636,0.3333333333333333,0.2545454545454546,0.6666666666666666,0.31193973345246884,0.3333333333333333,-0.41818181818181827
2025-04-25,0.2727272727272727,-0.24256864502491862,0.3333333333333333,0.23836564731139806,0.3333333333333333,-0.36363636363636365,0.6666666666666666,0.33636363636363636,0.3333333333333333,0.07339758434175737,0.3333333333333333,-0.6363636363636364
2025-04-28,0.2727272727272727,-0.83489752188749,0.3333333333333333,-0.07272727272727274,0.0,-0.6000000000000001,0.3333333333333333,0.6090909090909091,0.6666666666666666,0.2545454545454546,0.0,-0.46363636363636374
2025-04-29,0.2727272727272727,-0.9248315565837565,0.3333333333333333,0.3027650354097492,0.0,-0.690909090909091,0.0,0.23636363636363636,0.3333333333333333,0.12756297332189748,0.0,-0.6272727272727273
2025-04-30,0.2727272727272727,-0.7460130026238063,0.3333333333333333,0.0,0.0,-0.5102518932875899,0.3333333333333333,0.3272727272727273,0.3333333333333333,0.26423758759535904,0.0,-0.38181818181818183
2025-05-02,0.2727272727272727,-0.8532469179729295,0.0,-0.11009637651263607,0.0,-0.6272727272727273,0.0,0.1272727272727273,0.3333333333333333,0.15981901774202809,0.0,-0.5545454545454546
2025-05-05,0.2727272727272727,-0.8807710121010885,0.0,0.14679516868351475,0.0,-0.8090909090909091,0.3333333333333333,0.3181818181818182,0.0,-0.38181818181818183,0.0,-0.6090909090909091
2025-05-06,0.2727272727272727,-0.7380429170766925,0.3333333333333333,0.3210170525874725,0.0,-0.7454545454545456,0.3333333333333333,0.3272727272727273,0.0,-0.15034207570080774,0.0,-0.4000000000000001
2025-05-07,0.2727272727272727,-0.7927127627860772,0.0,0.13026778945578593,0.0,-0.6727272727272727,0.0,0.5181818181818182,0.0,-0.28310797428587836,0.0,-0.17272727272727276
2025-05-08,0.2727272727272727,-0.6758061321662903,0.3333333333333333,0.31636463153548017,0.0,-0.33636363636363636,0.3333333333333333,0.5545454545454546,0.3333333333333333,0.18223281903128208,0.3333333333333333,0.10909090909090911
2025-05-09,0.2727272727272727,-0.4000000000000001,0.3333333333333333,0.6606437893829143,0.0,-0.4727272727272727,0.3333333333333333,0.5363636363636364,0.3333333333333333,-0.1552527600922559,0.0,-0.23636363636363636
2025-05-14,0.2727272727272727,-0.7334870966009104,0.0,0.13762047064079508,0.0,-0.1272727272727273,0.3333333333333333,0.6363636363636364,0.0,-0.05454545454545456,0.3333333333333333,0.10000000000000002
2025-05-15,0.2727272727272727,-0.870161710874372,0.6666666666666666,0.4954336943068623,0.0,-0.6272727272727273,0.3333333333333333,0.3454545454545455,0.3333333333333333,-0.03669879217087869,0.3333333333333333,0.02727272727272728
2025-05-16,0.2727272727272727,-0.535481725809726,0.6666666666666666,0.3143516128289616,0.3333333333333333,0.5011402523360258,0.3333333333333333,0.4272727272727273,0.3333333333333333,0.0,0.3333333333333333,0.009090909090909092
2025-05-19,0.2727272727272727,-0.16628219864210794,0.3333333333333333,0.09174698042719671,0.6666666666666666,0.41286141192238524,0.3333333333333333,0.45873490213598356,0.3333333333333333,0.1009216784699164,0.3333333333333333,-0.018349396085439344
2025-05-20,0.2727272727272727,-0.21659216158032132,0.0,0.03669879217087869,0.3333333333333333,0.28506425051859335,0.0,0.4036867138796656,0.0,-0.009174698042719672,0.3333333333333333,0.02752409412815902
2025-05-21,0.2727272727272727,0.05977406368332138,0.3333333333333333,0.3059392625347395,0.3333333333333333,0.5747506123396285,0.3333333333333333,0.5272727272727273,0.0,0.13636363636363638,0.6666666666666666,0.3272727272727273
2025-05-22,0.2727272727272727,-0.4009122018688206,0.0,0.26940920133656165,0.0,-0.02727272727272728,0.0,0.5818181818181819,0.0,0.12756297332189748,0.3333333333333333,0.20909090909090913
2025-05-23,0.2727272727272727,-0.4155251141552512,0.3333333333333333,0.12357011758526085,0.0,-0.3858447488584475,0.3333333333333333,0.4373587656750771,0.3333333333333333,0.14611872146118723,0.3333333333333333,0.15034207570080774
2025-05-26,0.2727272727272727,-0.5995564622314027,0.3333333333333333,-0.018349396085439344,0.3333333333333333,-0.523919354714936,0.3333333333333333,-0.26363636363636367,0.3333333333333333,-0.05454545454545456,0.3333333333333333,-0.16363636363636366
2025-05-27,0.2727272727272727,-0.432495411548413,0.6666666666666666,0.744271243264863,0.0,-0.3052399718773975,0.3333333333333333,0.13211879379767952,0.3333333333333333,0.2009132420091324,0.3333333333333333,0.14123043474924363
2025-05-28,0.2727272727272727,-0.6164447827192512,0.3333333333333333,0.037219368415938835,0.3333333333333333,-0.3181818181818182,0.3333333333333333,-0.14545454545454548,0.3333333333333333,-0.1412304347492436,0.3333333333333333,-0.19090909090909092
2025-06-02,0.2727272727272727,-0.5243633603503052,0.3333333333333333,0.42299856528565477,0.3333333333333333,-0.21101805498255247,0.0,-0.5596565806059,0.0,-0.14253212525929668,0.0,-0.1009216784699164
2025-06-03,0.2727272727272727,-0.7037037037037036,0.0,-0.00962250448649376,0.3333333333333333,-0.49543369430686224,0.0,-0.5963553727767786,0.0,-0.6605782590758164,0.0,-0.5229577884350213
2025-06-04,0.2727272727272727,-0.6009985811402785,0.0,-0.603693046106853,0.3333333333333333,-0.3394638275806278,0.0,-0.642228862990377,0.0,-0.7004682672384859,0.3333333333333333,-0.2844156393243098
2025-06-05,0.2727272727272727,-0.46471577997929137,0.0,-0.3547619047619048,0.3333333333333333,-0.30240736837950305,0.0,-0.5443332630831055,0.0,-0.6150844853857538,0.3333333333333333,-0.3070597894314954
2025-06-10,0.2727272727272727,-0.6350852961085883,0.3333333333333333,-0.25,0.0,-0.5780059766913394,0.0,-0.6238794669049377,0.0,-0.5011613436536562,0.0,-0.6147047688622179
2025-06-11,0.2727272727272727,-0.6307203969890955,0.3333333333333333,-0.6872146118721462,0.3333333333333333,-0.5421426366180642,0.0,-0.5740333799485386,0.3333333333333333,-0.6195915847063591,0.3333333333333333,-0.5968124823274489
2025-06-12,0.2727272727272727,-0.6689458755944951,0.0,-0.28046644002635807,0.3333333333333333,-0.5193635342391539,0.0,-0.6241474051821412,0.0,-0.6423706870852695,0.0,-0.5649217389969745
2025-06-13,0.2727272727272727,-0.6123724356957946,0.3333333333333333,-0.3062653255143375,0.0,-0.5688312786486196,0.0,-0.6789276551612556,0.3333333333333333,-0.37616261975150656,0.0,-0.37616261975150656
2025-06-16,0.2727272727272727,-0.8197398021361535,0.3333333333333333,-0.6029683407538887,0.3333333333333333,-0.5785892004243206,0.3333333333333333,-0.7836011218345129,0.3333333333333333,-0.7107079942220002,0.0,-0.4738053294813334
2025-06-17,0.2727272727272727,-0.8104432008587533,0.3333333333333333,-0.42203610996510493,0.0,-0.7090909090909092,0.3333333333333333,-0.5181818181818182,0.3333333333333333,-0.4000000000000001,0.3333333333333333,-0.3727272727272728
2025-06-18,0.2727272727272727,-0.7327371081941809,0.3333333333333333,-0.42574739929207706,0.0,-0.5844809791708456,0.3333333333333333,-0.5844809791708456,0.3333333333333333,-0.5342521450233512,0.0,-0.47032453792653983
2025-06-19,0.2727272727272727,-0.7710501596030269,0.0,-0.42857597929723157,0.0,-0.8173601193092296,0.0,-0.5981797521201623,0.3333333333333333,-0.4472477064220184,0.0,-0.5342521450233512
2025-06-20,0.2727272727272727,-0.8301916363193683,0.3333333333333333,-0.6854655452308528,0.0,-0.7724321626955434,0.0,-0.6332590461337052,0.3333333333333333,-0.6797523738796736,0.3333333333333333,-0.7471545580282566
2025-06-23,0.2727272727272727,-0.7407877969250659,0.0,0.0,0.3333333333333333,-0.6330541649476574,0.0,-0.6363636363636364,0.0,-0.601368302803231,0.3333333333333333,-0.7727272727272727
2025-06-24,0.2727272727272727,-0.8867202079984009,0.0,0.0,0.0,-0.790909090909091,0.0,-0.5909090909090909,0.3333333333333333,-0.41818181818181827,0.0,-0.6818181818181819
2025-06-25,0.2727272727272727,-0.8143297960173025,0.3333333333333333,0.1767928385499737,0.3333333333333333,-0.5877008413758847,0.0,-0.5421426366180642,0.6666666666666666,-0.20956774188597443,0.3333333333333333,-0.5649217389969745
2025-06-26,0.2727272727272727,-0.8951041647625558,0.0,0.11954307279811982,0.0,-0.452054794520548,0.0,-0.7517103785040385,0.3333333333333333,0.054669845709384636,0.3333333333333333,-0.4601378680539873
2025-06-30,0.2727272727272727,-0.833331116723567,0.3333333333333333,-0.06689458755944952,0.6666666666666666,-0.13211879379767952,0.3333333333333333,-0.6287032256579232,0.3333333333333333,0.06392694063926942,0.3333333333333333,-0.4555820475782052
2025-07-01,0.2727272727272727,-0.7770628278831779,0.0,-0.07744894808829489,0.0,-0.041002384282038465,0.0,-0.5727272727272729,0.3333333333333333,0.050228834147494544,0.0,-0.29090909090909095
2025-07-02,0.2727272727272727,-0.8460329013639334,0.0,-0.3396267367954419,0.3333333333333333,0.045454545454545456,0.0,-0.38181818181818183,0.3333333333333333,0.06363636363636364,0.0,-0.22727272727272727
2025-07-03,0.2727272727272727,-0.7678668180857438,0.3333333333333333,-0.11009637651263607,0.0,0.027524094128159017,0.3333333333333333,-0.4090909090909091,0.3333333333333333,0.03644656380625642,0.3333333333333333,-0.21818181818181823
2025-07-04,0.2727272727272727,-0.7425987375524745,0.0,-0.3909196615906929,0.0,0.0642228862990377,0.0,-0.17272727272727276,0.3333333333333333,0.05454545454545456,0.0,-0.22727272727272727
2025-07-07,0.2727272727272727,-0.7632365417110727,0.0,-0.317351598173516,0.6666666666666666,-0.05517372590682453,0.0,-0.050114025233602574,0.3333333333333333,-0.0684931506849315,0.0,-0.13211879379767952
2025-07-08,0.2727272727272727,-0.7126907593011395,0.0,-0.676213004783397,0.3333333333333333,0.06513389472789297,0.3333333333333333,-0.20909090909090913,0.3333333333333333,0.13636363636363638,0.3333333333333333,-0.08181818181818183
2025-07-09,0.2727272727272727,-0.7156264473321344,0.3333333333333333,-0.06939542359352537,0.3333333333333333,0.2935903373670295,0.0,-0.5454545454545455,0.6666666666666666,0.5831450209001027,0.3333333333333333,-0.07272727272727274
2025-07-10,0.2727272727272727,-0.7339758434175736,0.3333333333333333,-0.37616261975150656,0.6666666666666666,-0.04555820475782052,0.0,-0.6636363636363638,0.3333333333333333,0.11009637651263607,0.3333333333333333,-0.5090909090909091
2025-07-11,0.2727272727272727,-0.6575201605867645,0.0,-0.2344982498345685,0.3333333333333333,-0.03644656380625642,0.6666666666666666,-0.4727272727272727,0.6666666666666666,0.22323520331332056,0.3333333333333333,-0.5272727272727273
2025-07-14,0.2727272727272727,-0.8720815992723809,0.3333333333333333,0.19634907894020592,0.3333333333333333,-0.10092167846991638,0.3333333333333333,-0.5090909090909091,0.3333333333333333,0.22883834436313075,0.0,-0.3545454545454546
2025-07-15,0.2727272727272727,-0.5603659185211924,0.6666666666666666,0.23234684426488467,0.3333333333333333,0.15034207570080774,0.3333333333333333,-0.20909090909090913,0.3333333333333333,0.0,0.0,-0.28181818181818186
2025-07-16,0.2727272727272727,-0.46469368852976933,0.6666666666666666,0.0956722299914231,0.6666666666666666,0.13636363636363638,0.3333333333333333,-0.03636363636363637,0.0,-0.17767699855550007,0.0,-0.5272727272727273
2025-07-17,0.2727272727272727,-0.6132867628931904,0.3333333333333333,0.27272727272727276,0.0,-0.0045662576497722315,0.6666666666666666,-0.06363636363636364,0.0,-0.4965844318602437,0.0,-0.6454545454545455
2025-07-18,0.2727272727272727,-0.5963365493191479,0.6666666666666666,0.0827605888602368,0.3333333333333333,0.04347837470592511,0.6666666666666666,0.009111640951564104,0.6666666666666666,0.1138955118945513,0.0,-0.3872447404414744
2025-07-21,0.2727272727272727,-0.7597273895982704,0.3333333333333333,0.11890728845841324,0.6666666666666666,0.25114155251141557,0.6666666666666666,0.10478387094298722,0.6666666666666666,0.1913444599828462,0.0,-0.4965844318602437
2025-07-22,0.2727272727272727,-0.4419145861508591,0.3333333333333333,0.19590028045862823,0.6666666666666666,0.29090909090909095,0.6666666666666666,0.11818181818181818,0.6666666666666666,0.18678863950706415,0.3333333333333333,-0.24545454545454545
2025-07-23,0.2727272727272727,-0.14187680167196615,0.3333333333333333,0.09153342043352654,0.6666666666666666,0.7334870966009104,0.3333333333333333,0.07289312761251283,0.3333333333333333,0.1616735967834499,0.3333333333333333,0.04555820475782052
2025-07-24,0.2727272727272727,-0.5391934084333683,0.0,0.2914692743661729,0.6666666666666666,0.5844748858447489,0.3333333333333333,-0.05922566618516668,0.0,-0.07568886972127647,0.3333333333333333,0.15489789617658978
2025-07-25,0.2727272727272727,0.11187214611872147,0.3333333333333333,0.5222594630330306,0.6666666666666666,0.678082191780822,0.3333333333333333,-0.20501192141019234,0.3333333333333333,0.11899344656358452,0.6666666666666666,0.30979579235317956
2025-07-28,0.2727272727272727,-0.15208019212223206,0.3333333333333333,-0.05707762557077626,0.6666666666666666,0.8264840182648403,0.3333333333333333,-0.07744894808829489,0.0,0.09839842696604104,0.6666666666666666,0.6514823280368335
2025-07-29,0.2727272727272727,0.24200913242009137,0.3333333333333333,-0.2009132420091324,0.6666666666666666,0.49202861138446163,0.3333333333333333,0.346242356159436,0.0,-0.17123287671232876,0.6666666666666666,0.4555820475782052
2025-07-30,0.2727272727272727,0.07744894808829489,0.0,0.13334214206279385,0.3333333333333333,0.27272727272727276,0.3333333333333333,0.07272727272727274,0.0,-0.4054680223446026,0.3333333333333333,0.41818181818181827
2025-07-31,0.2727272727272727,0.004555820475782052,0.3333333333333333,0.26053557891157186,0.6666666666666666,0.33636363636363636,0.3333333333333333,0.15454545454545454,0.3333333333333333,0.3090909090909091,0.6666666666666666,0.4000000000000001
2025-08-01,0.2727272727272727,-0.20909090909090913,0.0,0.27758169437410146,0.3333333333333333,0.045454545454545456,0.3333333333333333,-0.06363636363636364,0.3333333333333333,-0.11845133237033335,0.3333333333333333,0.10909090909090911
2025-08-04,0.2727272727272727,-0.7780340736849756,0.0,-0.019112739302699862,0.3333333333333333,-0.6073059360730594,0.3333333333333333,-0.07289312761251283,0.3333333333333333,-0.1963470319634703,0.0,-0.5512542775696284
2025-08-05,0.2727272727272727,-0.6621073592169735,0.3333333333333333,-0.055048188256318034,0.3333333333333333,-0.6272727272727273,0.0,-0.3454545454545455,0.0,-0.2277910237891026,0.3333333333333333,-0.4272727272727273
2025-08-06,0.2727272727272727,-0.8401914075580906,0.0,0.013794014696151088,0.0,-0.7181818181818183,0.0,-0.24545454545454545,0.0,-0.4464704066266411,0.0,-0.5363636363636364
2025-08-07,0.2727272727272727,-0.4373587656750771,0.0,-0.3027650354097492,0.0,-0.5181818181818182,0.0,-0.5090909090909091,0.0,-0.41913548377194887,0.0,-0.38181818181818183
2025-08-08,0.2727272727272727,-0.5388184026731233,0.0,-0.1926686588971131,0.0,-0.6545454545454547,0.3333333333333333,-0.4090909090909091,0.0,-0.31963803548405617,0.3333333333333333,-0.5272727272727273
2025-08-11,0.2727272727272727,-0.39726441553018416,0.0,0.38356564258086745,0.3333333333333333,-0.3727272727272728,0.0,-0.6363636363636364,0.3333333333333333,0.22727272727272727,0.3333333333333333,-0.39090909090909093
2025-08-12,0.2727272727272727,-0.3516018390324618,0.3333333333333333,-0.15945371665237182,0.6666666666666666,-0.20909090909090913,0.0,-0.29090909090909095,0.0,-0.22727272727272727,0.0,-0.6272727272727273
2025-08-13,0.2727272727272727,-0.534252145023351,0.0,-0.3486385256233475,0.0,-0.46363636363636374,0.0,-0.3454545454545455,0.3333333333333333,0.33636363636363636,0.0,-0.6454545454545455
2025-08-14,0.2727272727272727,-0.6849386474658347,0.0,-0.4236913042477308,0.0,-0.7818181818181819,0.0,-0.5727272727272729,0.3333333333333333,0.03636363636363637,0.0,-0.6272727272727273
2025-08-15,0.2727272727272727,-0.6970405327946539,0.6666666666666666,0.21101805498255247,0.0,-0.4236913042477308,0.0,-0.4727272727272727,0.3333333333333333,-0.27272727272727276,0.0,-0.5545454545454546
2025-08-19,0.2727272727272727,-0.7881569423102951,0.3333333333333333,-0.39090909090909093,0.0,-0.8246035061165515,0.0,-0.5818181818181819,0.3333333333333333,-0.3272727272727273,0.0,-0.690909090909091
2025-08-20,0.2727272727272727,-0.9066082746806284,0.0,-0.4601378680539873,0.0,-0.8272727272727273,0.0,-0.6000000000000001,0.3333333333333333,-0.23636363636363636,0.0,-0.6636363636363638
2025-08-21,0.2727272727272727,-0.862421616015649,0.3333333333333333,-0.1272727272727273,0.0,-0.9339431975353206,0.0,-0.6636363636363638,0.0,-0.4909090909090909,0.0,-0.7363636363636363
2025-08-22,0.2727272727272727,-0.6851027299088374,0.3333333333333333,-0.20909090909090913,0.0,-0.5740333799485386,0.0,-0.3727272727272728,0.3333333333333333,-0.05454545454545456,0.3333333333333333,-0.05454545454545456
2025-08-25,0.2727272727272727,-0.8347732955601938,0.0,-0.6788172508915258,0.0,-0.7061521737462181,0.3333333333333333,-0.23636363636363636,0.3333333333333333,-0.28181818181818186,0.3333333333333333,-0.2545454545454546
2025-08-26,0.2727272727272727,-0.914053440948592,0.3333333333333333,-0.31193973345246884,0.0,-0.9157199156321926,0.3333333333333333,-0.10000000000000002,0.6666666666666666,-0.08181818181818183,0.3333333333333333,-0.13636363636363638
2025-08-27,0.2727272727272727,-0.8301097575961701,0.3333333333333333,-0.045980048987170286,0.0,-0.5603659185211924,0.6666666666666666,0.10000000000000002,0.3333333333333333,-0.3090909090909091,0.0,-0.2545454545454546
2025-08-28,0.2727272727272727,-0.9082951062292475,0.3333333333333333,-0.07289312761251283,0.0,-0.6818181818181819,0.3333333333333333,-0.3272727272727273,0.0,-0.4272727272727273,0.0,-0.6454545454545455
2025-08-29,0.2727272727272727,-0.8173515981735161,0.0,-0.23598570061495325,0.3333333333333333,-0.4738053294813334,0.0,-0.6287032256579232,0.3333333333333333,-0.11845133237033335,0.0,-0.4419145861508591
2025-09-01,0.2727272727272727,-0.7471545580282566,0.0,0.33636363636363636,0.0,-0.6818181818181819,0.0,-0.5545454545454546,0.3333333333333333,-0.2935903373670295,0.0,-0.3090909090909091
2025-09-02,0.2727272727272727,-0.8564942494470258,0.0,-0.15945371665237182,0.0,-0.3371307152078719,0.0,-0.7363636363636363,0.3333333333333333,0.09111640951564104,0.0,-0.46363636363636374
2025-09-03,0.2727272727272727,-0.9272727272727275,0.0,-0.2698404210155566,0.0,-0.11818181818181818,0.3333333333333333,0.11818181818181818,0.3333333333333333,-0.09090909090909091,0.0,-0.5727272727272729
2025-09-04,0.2727272727272727,-0.8883849927775,0.0,0.07627700713964738,0.0,0.03636363636363637,0.3333333333333333,0.11818181818181818,0.3333333333333333,0.0,0.0,-0.46363636363636374
2025-09-08,0.2727272727272727,-0.779849333631172,0.3333333333333333,-0.04587349021359835,0.0,-0.4000000000000001,0.3333333333333333,-0.07272727272727274,0.3333333333333333,-0.14545454545454548,0.0,-0.7363636363636363
2025-09-09,0.2727272727272727,-0.7653778399313848,0.0,0.013794014696151088,0.0,-0.26363636363636367,0.3333333333333333,-0.06363636363636364,0.3333333333333333,0.045454545454545456,0.0,-0.5818181818181819
2025-09-10,0.2727272727272727,-0.8073734277593311,0.3333333333333333,-0.18181818181818182,0.0,-0.3727272727272728,0.3333333333333333,0.0,0.6666666666666666,0.20000000000000004,0.0,-0.5
2025-09-11,0.2727272727272727,-0.7077699357146958,0.0,-0.0917469804271967,0.0,-0.39090909090909093,0.3333333333333333,-0.10909090909090911,0.6666666666666666,0.08181818181818183,0.3333333333333333,-0.4727272727272727
2025-09-12,0.2727272727272727,-0.7890240316738918,0.0,0.3727272727272728,0.0,-0.33636363636363636,0.0,-0.009090909090909092,0.6666666666666666,0.4692495090055514,0.3333333333333333,-0.36363636363636365
2025-09-15,0.2727272727272727,-0.8899457101438083,0.3333333333333333,0.2277910237891026,0.0,-0.6000000000000001,0.0,-0.3727272727272728,0.6666666666666666,0.4373587656750771,0.3333333333333333,-0.5272727272727273
2025-09-16,0.2727272727272727,-0.7523252395030131,0.0,-0.2870166899742693,0.0,-0.41818181818181827,0.0,-0.09090909090909091,0.3333333333333333,0.4909090909090909,0.0,-0.3545454545454546
2025-09-17,0.2727272727272727,-0.7625650275119625,0.0,-0.22936745106799178,0.0,0.0,0.0,0.16363636363636366,0.3333333333333333,0.25571042838724495,0.0,-0.29090909090909095
2025-09-18,0.2727272727272727,-0.8564942494470258,0.0,-0.36324238699864525,0.0,-0.33636363636363636,0.3333333333333333,0.10000000000000002,0.3333333333333333,0.09090909090909091,0.0,-0.4727272727272727
2025-09-19,0.2727272727272727,-0.7551665363983315,0.3333333333333333,-0.24771684715343115,0.0,-0.14545454545454548,0.3333333333333333,0.2545454545454546,0.3333333333333333,0.19090909090909092,0.0,-0.6090909090909091
2025-09-22,0.2727272727272727,-0.7699336604071668,0.3333333333333333,-0.0045662576497722315,0.0,-0.36363636363636365,0.6666666666666666,0.36363636363636365,0.3333333333333333,0.07289312761251283,0.3333333333333333,-0.29090909090909095
2025-09-23,0.2727272727272727,-0.4738053294813334,0.0,-0.041002384282038465,0.3333333333333333,0.13636363636363638,0.6666666666666666,0.45454545454545453,0.3333333333333333,0.22727272727272727,0.0,-0.30000000000000004
2025-09-24,0.2727272727272727,-0.5636363636363637,0.0,0.055048188256318034,0.0,-0.14545454545454548,0.3333333333333333,0.3181818181818182,0.6666666666666666,0.5545454545454546,0.0,-0.39090909090909093
2025-09-25,0.2727272727272727,-0.3545454545454546,0.3333333333333333,0.17767699855550007,0.3333333333333333,0.03636363636363637,0.6666666666666666,0.6000000000000001,0.3333333333333333,0.4829169704328976,0.3333333333333333,-0.27272727272727276
2025-09-26,0.2727272727272727,-0.25968176711957697,0.3333333333333333,0.11415644124430578,0.3333333333333333,-0.3272727272727273,0.3333333333333333,-0.018181818181818184,0.6666666666666666,0.36363636363636365,0.0,-0.5363636363636364
2025-09-29,0.2727272727272727,-0.20501192141019234,0.3333333333333333,0.09111640951564104,0.3333333333333333,-0.2687934080711411,0.6666666666666666,-0.08181818181818183,0.6666666666666666,0.5330309956665001,0.6666666666666666,-0.045454545454545456
2025-09-30,0.2727272727272727,-0.3181818181818182,0.3333333333333333,0.3027650354097492,0.3333333333333333,-0.24545454545454545,0.6666666666666666,-0.018181818181818184,0.6666666666666666,0.11872269889407801,0.6666666666666666,-0.06363636363636364
2025-10-01,0.2727272727272727,-0.14123043474924363,0.3333333333333333,0.27127081904188727,0.6666666666666666,-0.15489789617658978,0.6666666666666666,0.24601430569223082,0.6666666666666666,0.24601430569223082,0.6666666666666666,0.18678863950706415
2025-10-02,0.2727272727272727,-0.20000000000000004,0.0,0.3486385256233475,0.3333333333333333,-0.33636363636363636,0.0,0.30000000000000004,0.6666666666666666,0.35535399711100013,0.0,-0.07272727272727274
2025-10-03,0.2727272727272727,-0.5181818181818182,0.3333333333333333,0.027524094128159017,0.3333333333333333,-0.7272727272727273,0.3333333333333333,-0.11818181818181818,0.3333333333333333,0.018181818181818184,0.0,-0.5727272727272729
2025-10-06,0.2727272727272727,-0.4009122018688206,0.0,-0.2687934080711411,0.3333333333333333,-0.4000000000000001,0.3333333333333333,0.16363636363636366,0.3333333333333333,-0.14545454545454548,0.3333333333333333,-0.41818181818181827
2025-10-07,0.2727272727272727,-0.4312108080078245,0.0,-0.173121178079718,0.3333333333333333,-0.43636363636363645,0.3333333333333333,-0.20000000000000004,0.3333333333333333,-0.18678863950706415,0.3333333333333333,-0.38181818181818183
2025-10-08,0.2727272727272727,-0.4464704066266411,0.3333333333333333,0.1834939608543934,0.3333333333333333,-0.6090909090909091,0.3333333333333333,-0.19090909090909092,0.0,-0.29090909090909095,0.3333333333333333,-0.48181818181818187
2025-10-09,0.2727272727272727,-0.4555820475782052,0.0,-0.09090909090909091,0.3333333333333333,-0.5272727272727273,0.3333333333333333,-0.16363636363636366,0.3333333333333333,-0.4373587656750771,0.0,-0.5727272727272729
2025-10-10,0.2727272727272727,-0.6849386474658347,0.3333333333333333,-0.16363636363636366,0.0,-0.790909090909091,0.0,-0.18181818181818182,0.3333333333333333,-0.027334922854692318,0.0,-0.690909090909091
2025-10-13,0.2727272727272727,-0.8382709675438977,0.3333333333333333,-0.09589141064521686,0.0,-0.6818181818181819,0.3333333333333333,-0.30000000000000004,0.0,-0.3302891295379082,0.0,-0.5272727272727273
2025-10-14,0.2727272727272727,-0.5877008413758847,0.3333333333333333,-0.22331621049563305,0.0,-0.7636363636363637,0.0,-0.17272727272727276,0.0,-0.36363636363636365,0.0,-0.45454545454545453
2025-10-15,0.2727272727272727,-0.7198196351735642,0.3333333333333333,0.1272727272727273,0.0,-0.690909090909091,0.3333333333333333,0.045454545454545456,0.3333333333333333,-0.21818181818181823,0.0,-0.6000000000000001
2025-10-16,0.2727272727272727,-0.7198196351735642,0.6666666666666666,0.8104432008587533,0.0,-0.6000000000000001,0.0,-0.15454545454545454,0.3333333333333333,-0.10000000000000002,0.0,-0.8090909090909091
2025-10-17,0.2727272727272727,-0.5011402523360258,0.3333333333333333,0.07627700713964738,0.0,-0.6090909090909091,0.3333333333333333,-0.18181818181818182,0.3333333333333333,0.01822328190312821,0.0,-0.7090909090909092
2025-10-20,0.2727272727272727,-0.35862921839435946,0.3333333333333333,0.1815710233756487,0.0,-0.7152638146977822,0.6666666666666666,0.15034207570080774,0.3333333333333333,-0.136986301369863,0.0,-0.7653778399313848
2025-10-21,0.2727272727272727,-0.5432431021727506,0.3333333333333333,0.3777055045149596,0.0,-0.8564942494470259,0.3333333333333333,0.21412356236175648,0.3333333333333333,-0.15489789617658978,0.0,-0.7517103785040385
2025-10-22,0.2727272727272727,-0.6620847108818944,0.3333333333333333,0.1640095371281539,0.3333333333333333,-0.7061521737462181,0.3333333333333333,0.10478387094298722,0.6666666666666666,-0.1963470319634703,0.0,-0.8883849927775002
2025-10-23,0.2727272727272727,-0.6738079679310082,0.0,0.5195525856225977,0.3333333333333333,-0.7425987375524745,0.0,-0.1913444599828462,0.0,-0.30593607305936077,0.3333333333333333,-0.33713071520787186
2025-10-24,0.2727272727272727,-0.3219178082191781,0.0,0.022989052461176884,0.0,-0.514807713763372,0.0,0.05922566618516668,0.0,-0.09817351598173515,0.0,-0.3553539971110001
2025-10-27,0.2727272727272727,-0.7523252395030131,0.3333333333333333,0.05454545454545456,0.3333333333333333,-0.23636363636363636,0.0,-0.06363636363636364,0.0,0.0,0.6666666666666666,-0.02727272727272728
2025-10-28,0.2727272727272727,-0.540451737818961,0.0,0.20366186046459658,0.6666666666666666,0.07289312761251283,0.3333333333333333,-0.18678863950706415,0.3333333333333333,0.0,0.6666666666666666,0.086560589039859
2025-10-29,0.2727272727272727,-0.28641338632466395,0.0,0.004663030919937774,0.6666666666666666,-0.11657577299844434,0.0,-0.2512307368075871,0.3333333333333333,0.10958122661853767,0.3333333333333333,-0.13026778945578593
2025-10-30,0.2727272727272727,-0.19720265943665385,0.3333333333333333,-0.16864092920158788,0.3333333333333333,-0.03256694736394648,0.0,-0.26053557891157186,0.0,0.11631052629980886,0.3333333333333333,-0.10700568419582417
2025-10-31,0.2727272727272727,-0.3690214585383462,0.0,-0.07928014538839828,0.3333333333333333,0.02727272727272728,0.0,-0.26363636363636367,0.3333333333333333,0.3872447404414744,0.3333333333333333,-0.1272727272727273
2025-11-03,0.2727272727272727,-0.4510262271024232,0.3333333333333333,0.06833730713673078,0.3333333333333333,-0.46363636363636374,0.0,-0.24545454545454545,0.3333333333333333,0.13636363636363638,0.3333333333333333,-0.20000000000000004
2025-11-04,0.2727272727272727,-0.4403855060505443,0.3333333333333333,0.15596986672623442,0.0,-0.6818181818181819,0.0,-0.20909090909090913,0.3333333333333333,-0.2004561009344103,0.0,-0.36363636363636365
2025-11-05,0.2727272727272727,-0.45873490213598356,0.6666666666666666,0.6636363636363638,0.3333333333333333,-0.5727272727272729,0.0,-0.27272727272727276,0.3333333333333333,-0.18181818181818182,0.3333333333333333,-0.5909090909090909
2025-11-06,0.2727272727272727,-0.6697056099399616,1.0,0.6238794669049377,0.0,-0.5636363636363637,0.0,-0.5636363636363637,0.6666666666666666,0.3881319002306396,0.3333333333333333,-0.4727272727272727
2025-11-07,0.2727272727272727,-0.5454545454545455,0.6666666666666666,0.346242356159436,0.3333333333333333,-0.5181818181818182,0.3333333333333333,-0.38181818181818183,0.6666666666666666,0.26363636363636367,0.3333333333333333,-0.46363636363636374
2025-11-10,0.2727272727272727,-0.3826889199656924,0.6666666666666666,0.4481274169454284,0.3333333333333333,-0.10000000000000002,0.3333333333333333,-0.17272727272727276,0.0,-0.05454545454545456,0.0,-0.45454545454545453
2025-11-11,0.2727272727272727,-0.4510262271024232,0.3333333333333333,0.3027650354097492,0.0,-0.6000000000000001,0.3333333333333333,0.2545454545454546,0.3333333333333333,0.06363636363636364,0.0,-0.8363636363636365
2025-11-12,0.2727272727272727,-0.4063926940639269,0.0,0.2914394324961108,0.0,-0.39180056091725646,0.3333333333333333,0.10022805046720515,0.0,0.03881278538812786,0.0,-0.44647040662664117
2025-11-13,0.2727272727272727,-0.615035764230577,0.3333333333333333,0.1651445647689541,0.0,-0.6818181818181819,0.6666666666666666,0.26363636363636367,0.3333333333333333,0.041002384282038465,0.0,-0.7636363636363637
2025-11-14,0.2727272727272727,-0.7334870966009104,0.3333333333333333,0.2323468442648847,0.0,-0.8291593265923334,0.6666666666666666,0.18223281903128208,0.6666666666666666,0.5342465753424658,0.0,-0.692484712318872
2025-11-17,0.2727272727272727,-0.3826889199656924,1.0,0.7769543156827231,0.0,-0.7107079942220003,0.3333333333333333,0.3181818181818182,0.6666666666666666,0.41286141192238524,0.0,-0.3181818181818182
2025-11-18,0.2727272727272727,-0.5,0.3333333333333333,0.4727272727272727,0.0,-0.6742614304157438,0.6666666666666666,0.20000000000000004,0.3333333333333333,0.39090909090909093,0.0,-0.3545454545454546
2025-11-19,0.2727272727272727,-0.5727272727272729,0.3333333333333333,0.15945371665237182,0.0,-0.6788172508915258,0.3333333333333333,0.14545454545454548,0.3333333333333333,0.5272727272727273,0.0,-0.6272727272727273
2025-11-20,0.2727272727272727,-0.3727272727272728,0.0,-0.20005410523567121,0.0,-0.523919354714936,0.6666666666666666,0.28181818181818186,0.0,0.38181818181818183,0.0,-0.6727272727272727
2025-11-21,0.2727272727272727,-0.5545454545454546,0.0,0.027334922854692318,0.0,-0.41457966329616674,0.0,0.07272727272727274,0.3333333333333333,0.5056960728118078,0.0,-0.7636363636363637
2025-11-24,0.2727272727272727,-0.36363636363636365,0.3333333333333333,0.18181818181818182,0.3333333333333333,-0.07272727272727274,0.3333333333333333,-0.03636363636363637,0.3333333333333333,0.43280294519929496,0.0,0.009090909090909092
2025-11-25,0.2727272727272727,-0.5148077137633719,0.3333333333333333,0.37616261975150656,0.6666666666666666,0.33257489473208984,0.3333333333333333,0.28181818181818186,0.3333333333333333,0.16856535760393596,0.3333333333333333,0.10000000000000002
2025-11-26,0.2727272727272727,-0.5413071845204607,0.6666666666666666,0.5137830903923016,0.6666666666666666,0.41871789467931186,0.3333333333333333,-0.16363636363636366,0.3333333333333333,-0.2545454545454546,0.3333333333333333,0.17272727272727276
2025-11-27,0.2727272727272727,-0.3402379764254179,0.3333333333333333,-0.4092051338089486,0.6666666666666666,0.004663030919937774,0.3333333333333333,-0.1138955118945513,0.3333333333333333,-0.07990867579908675,0.3333333333333333,0.1913444599828462
2025-11-28,0.2727272727272727,-0.10933969141876927,0.6666666666666666,0.3454545454545455,0.6666666666666666,-0.018181818181818184,0.3333333333333333,0.1272727272727273,0.3333333333333333,-0.2844156393243098,0.6666666666666666,-0.07272727272727274
2025-12-01,0.2727272727272727,-0.15489789617658978,0.3333333333333333,0.004597810492235377,0.3333333333333333,-0.06378148666094874,0.3333333333333333,0.3006841514016155,0.6666666666666666,0.14123043474924363,0.3333333333333333,0.004555820475782052
2025-12-02,0.2727272727272727,-0.2779050490227052,0.6666666666666666,0.3241772803435014,0.3333333333333333,-0.39090909090909093,0.6666666666666666,0.27272727272727276,0.0,-0.4909090909090909,0.3333333333333333,-0.08181818181818183
2025-12-03,0.2727272727272727,-0.5011402523360258,0.0,-0.004555820475782052,0.0,-0.17272727272727276,0.3333333333333333,-0.07272727272727274,0.0,-0.5056960728118078,0.0,0.045454545454545456
2025-12-04,0.2727272727272727,-0.46363636363636374,0.3333333333333333,0.30523997187739754,0.3333333333333333,-0.16363636363636366,0.3333333333333333,0.02727272727272728,0.3333333333333333,0.02727272727272728,0.3333333333333333,0.19090909090909092
2025-12-05,0.2727272727272727,-0.6469265075610514,0.3333333333333333,0.03669879217087869,0.0,-0.43636363636363645,0.3333333333333333,0.19090909090909092,0.3333333333333333,-0.45454545454545453,0.0,-0.09090909090909091
2025-12-08,0.2727272727272727,-0.5193635342391539,0.3333333333333333,-0.2545454545454546,0.3333333333333333,-0.14545454545454548,0.6666666666666666,-0.018181818181818184,0.0,-0.013667461427346159,0.0,0.1272727272727273
2025-12-09,0.2727272727272727,-0.39954337899543385,0.3333333333333333,-0.15945371665237182,0.0,-0.10478387094298722,0.6666666666666666,0.11845133237033335,0.3333333333333333,-0.05922566618516668,0.0,-0.13211879379767952
2025-12-10,0.2727272727272727,-0.6789276551612556,0.0,-0.3735772790141283,0.0,-0.33257489473208984,0.6666666666666666,-0.4272727272727273,0.3333333333333333,-0.4063969308297286,0.0,-0.5090909090909091
2025-12-11,0.2727272727272727,-0.7620157251091086,0.0,-0.09111640951564104,0.0,-0.36902145853834617,0.3333333333333333,-0.31890743330474364,0.3333333333333333,-0.03189074333047437,0.3333333333333333,-0.04555820475782052
2025-12-12,0.2727272727272727,-0.8018244037376412,0.3333333333333333,-0.14712993575153208,0.0,-0.5022831050228311,0.3333333333333333,-0.25968176711957697,0.3333333333333333,-0.173121178079718,0.3333333333333333,-0.4145796632961667
2025-12-15,0.2727272727272727,-0.6544639560997149,0.0,-0.6332590461337052,0.0,-0.6605939689883975,0.3333333333333333,-0.09111640951564104,0.0,-0.19770585116612122,0.0,-0.5877008413758847
2025-12-16,0.2727272727272727,-0.5345678881556867,0.3333333333333333,-0.3055555555555555,0.3333333333333333,-0.6514035610330967,0.6666666666666666,0.07339758434175737,0.0,-0.06960575579871306,0.0,-0.31193973345246884
2025-12-17,0.2727272727272727,-0.413802944301184,0.3333333333333333,-0.004695301415158426,0.3333333333333333,-0.22936745106799178,0.6666666666666666,0.009174698042719672,0.0,0.19770585116612122,0.0,-0.24771684715343112
2025-12-18,0.2727272727272727,-0.4272727272727273,0.3333333333333333,-0.24771684715343115,0.3333333333333333,-0.6727272727272727,0.3333333333333333,-0.14545454545454548,0.6666666666666666,0.08257228238447704,0.0,-0.13636363636363638
2025-12-19,0.2727272727272727,-0.5454545454545455,0.0,-0.3027650354097492,0.0,-0.6727272727272727,0.0,-0.30000000000000004,0.3333333333333333,0.1138955118945513,0.3333333333333333,0.02727272727272728
2025-12-22,0.2727272727272727,-0.5090909090909091,0.3333333333333333,0.027524094128159017,0.0,-0.5545454545454546,0.3333333333333333,-0.29090909090909095,0.3333333333333333,-0.009090909090909092,0.3333333333333333,0.045454545454545456
2025-12-23,0.2727272727272727,-0.5,0.3333333333333333,0.04555820475782052,0.0,-0.33636363636363636,0.3333333333333333,-0.06363636363636364,0.3333333333333333,-0.15489789617658978,0.3333333333333333,-0.08181818181818183
2025-12-24,0.2727272727272727,-0.5181818181818182,0.0,-0.21101805498255247,0.0,-0.5363636363636364,0.0,-0.06363636363636364,0.0,-0.13636363636363638,0.0,-0.4909090909090909
2025-12-29,0.2727272727272727,-0.7156264473321344,0.0,-0.45766204283788436,0.0,-0.6469265075610514,0.3333333333333333,-0.44545454545454555,0.3333333333333333,-0.43280294519929496,0.3333333333333333,-0.7272727272727273
2025-12-30,0.2727272727272727,-0.7402474892498958,0.3333333333333333,-0.3303799808609346,0.0,-0.7334870966009104,0.3333333333333333,-0.346242356159436,0.3333333333333333,-0.10958904109589043,0.3333333333333333,-0.605924123279013
2026-01-02,0.2727272727272727,-0.7586387312188373,0.0,-0.2896620610108288,0.0,-0.7488584474885845,0.3333333333333333,-0.35990981758678214,0.0,-0.33257489473208984,0.3333333333333333,-0.4601378680539873
2026-01-05,0.2727272727272727,-0.6195915847063591,0.0,-0.011657577299844433,0.0,-0.6605939689883975,0.3333333333333333,-0.3416865356836539,0.0,-0.6469265075610514,0.0,-0.7653778399313848
2026-01-06,0.2727272727272727,-0.6560381485126155,0.0,-0.22374429223744294,0.3333333333333333,-0.514807713763372,0.3333333333333333,-0.18678863950706415,0.0,-0.4601378680539873,0.3333333333333333,-0.20956774188597443
2026-01-07,0.2727272727272727,-0.5688312786486196,0.3333333333333333,-0.365655170486763,0.3333333333333333,-0.4679096001787033,0.3333333333333333,-0.07339758434175737,0.0,-0.15596986672623442,0.3333333333333333,-0.5229577884350213
2026-01-08,0.2727272727272727,-0.5454545454545455,0.0,-0.009090909090909092,0.3333333333333333,-0.07272727272727274,0.3333333333333333,-0.05454545454545456,0.3333333333333333,-0.26363636363636367,0.0,-0.5545454545454546
2026-01-09,0.2727272727272727,-0.6818181818181819,0.0,-0.4385927910529725,0.0,-0.6636363636363638,0.0,-0.08181818181818183,0.0,-0.46363636363636374,0.0,-0.8000000000000002
2026-01-12,0.2727272727272727,-0.5091324200913242,0.0,-0.2821133706562353,0.0,-0.6552511415525115,0.3333333333333333,0.04100238428203847,0.3333333333333333,-0.5831450209001027,0.0,-0.7334870966009104
2026-01-13,0.2727272727272727,-0.5228310502283106,0.3333333333333333,-0.22831050228310504,0.0,-0.7517103785040385,0.3333333333333333,0.03189074333047437,0.3333333333333333,-0.3052399718773975,0.0,-0.6241474051821412
2026-01-14,0.2727272727272727,-0.5576096074727421,0.3333333333333333,-0.1574074074074074,0.3333333333333333,-0.4735744807002439,0.6666666666666666,0.15596986672623442,0.6666666666666666,-0.6055300708194984,0.3333333333333333,-0.6238794669049377
2026-01-15,0.2727272727272727,-0.5284751751907181,0.3333333333333333,0.03653006119817785,0.0,-0.41457966329616674,0.3333333333333333,-0.3727272727272728,0.0,-0.4909090909090909,0.0,-0.4727272727272727
2026-01-19,0.2727272727272727,-0.3090909090909091,0.3333333333333333,0.5229577884350213,0.3333333333333333,-0.43280294519929496,0.3333333333333333,-0.2545454545454546,0.3333333333333333,-0.02727272727272728,0.0,-0.6181818181818182
2026-01-20,0.2727272727272727,-0.7080628158042481,0.0,-0.05517372590682453,0.0,-0.5517372590682452,0.0,-0.14578625522502567,0.3333333333333333,0.009111640951564104,0.0,-0.5284751751907181
2026-01-21,0.2727272727272727,-0.7339758434175736,0.0,0.0,0.0,-0.7248011453748541,0.0,-0.4090909090909091,0.3333333333333333,-0.12300715284611541,0.0,-0.5090909090909091
2026-01-22,0.2727272727272727,-0.6560381485126154,0.0,-0.30000000000000004,0.0,-0.6000000000000001,0.3333333333333333,-0.10909090909090911,0.3333333333333333,-0.07272727272727274,0.3333333333333333,-0.4272727272727273
2026-01-23,0.2727272727272727,-0.4555820475782052,0.0,0.3143516128289616,0.0,-0.44545454545454555,0.3333333333333333,-0.18181818181818182,0.3333333333333333,0.02727272727272728,0.3333333333333333,-0.15454545454545454
2026-01-26,0.2727272727272727,-0.6545454545454547,0.3333333333333333,0.22936745106799178,0.0,-0.4090909090909091,0.3333333333333333,-0.23636363636363636,0.3333333333333333,-0.23636363636363636,0.0,-0.38181818181818183
2026-01-27,0.2727272727272727,-0.7272727272727273,0.3333333333333333,0.30000000000000004,0.0,-0.6545454545454547,0.3333333333333333,-0.26363636363636367,0.3333333333333333,0.018181818181818184,0.0,-0.5090909090909091
2026-01-28,0.2727272727272727,-0.6000000000000001,0.6666666666666666,0.19090909090909092,0.0,-0.5,0.6666666666666666,0.26363636363636367,0.3333333333333333,0.07272727272727274,0.0,-0.20000000000000004
2026-01-29,0.2727272727272727,-0.14545454545454548,0.3333333333333333,-0.17272727272727276,0.3333333333333333,-0.29090909090909095,0.0,-0.5727272727272729,0.3333333333333333,0.3090909090909091,0.0,-0.6090909090909091
2026-01-30,0.2727272727272727,-0.26423758759535904,0.0,-0.03636363636363637,0.3333333333333333,-0.4236913042477308,0.3333333333333333,-0.19090909090909092,0.0,0.10933969141876927,0.3333333333333333,-0.16363636363636366
2026-02-02,0.2727272727272727,-0.12756297332189748,0.0,0.02727272727272728,0.3333333333333333,-0.3963563813930386,0.3333333333333333,-0.14545454545454548,0.0,-0.02727272727272728,0.3333333333333333,-0.3090909090909091
2026-02-03,0.2727272727272727,-0.054669845709384636,0.0,0.2545454545454546,0.0,-0.601368302803231,0.3333333333333333,-0.018181818181818184,0.0,-0.16400953712815386,0.3333333333333333,-0.17272727272727276
2026-02-04,0.2727272727272727,-0.15596986672623442,0.0,0.21412356236175645,0.0,-0.6605939689883975,0.0,-0.009090909090909092,0.0,0.17272727272727276,0.3333333333333333,-0.38181818181818183
2026-02-05,0.2727272727272727,-0.3578132236660672,0.3333333333333333,0.6287032256579232,0.3333333333333333,-0.20184335693983277,0.0,-0.009090909090909092,0.0,0.07272727272727274,0.3333333333333333,-0.009090909090909092
2026-02-06,0.2727272727272727,-0.41286141192238524,0.6666666666666666,0.2568915451961508,0.0,-0.20000000000000004,0.6666666666666666,0.2545454545454546,0.3333333333333333,-0.027524094128159017,0.0,-0.10000000000000002
2026-02-09,0.2727272727272727,-0.4054680223446026,0.3333333333333333,0.22019275302527214,0.3333333333333333,-0.3181818181818182,0.3333333333333333,-0.2545454545454546,0.3333333333333333,-0.24771684715343115,0.6666666666666666,0.24545454545454545
2026-02-10,0.2727272727272727,-0.1958472986373865,0.0,0.6390956584207175,0.3333333333333333,0.21004566210045666,0.0,-0.10478387094298722,0.3333333333333333,-0.1640095371281539,0.6666666666666666,0.28246086949848725
2026-02-11,0.2727272727272727,-0.3582364210034113,0.3333333333333333,0.5603659185211924,0.3333333333333333,-0.03644656380625642,0.3333333333333333,-0.22727272727272727,0.3333333333333333,-0.02727272727272728,0.6666666666666666,0.36363636363636365
2026-02-12,0.2727272727272727,-0.6094671578109986,0.0,0.086560589039859,0.0,-0.2844156393243098,0.0,-0.10909090909090911,0.0,-0.25968176711957697,0.6666666666666666,0.23636363636363636
2026-02-13,0.2727272727272727,-0.413802944301184,1.0,0.8935205624012185,0.0,-0.1138955118945513,0.3333333333333333,-0.01822328190312821,0.6666666666666666,0.0410958904109589,0.3333333333333333,0.14123043474924363
2026-02-18,0.2727272727272727,-0.4312108080078245,0.3333333333333333,0.17431926281167376,0.6666666666666666,0.07272727272727274,0.3333333333333333,-0.2545454545454546,0.3333333333333333,-0.02727272727272728,0.3333333333333333,-0.05454545454545456
2026-02-19,0.2727272727272727,-0.08413511731449609,0.6666666666666666,0.5875418959121594,0.6666666666666666,0.47260273972602745,0.3333333333333333,-0.06378148666094874,0.3333333333333333,-0.12100456621004568,0.3333333333333333,-0.19590028045862823
2026-02-20,0.2727272727272727,-0.2069102204422663,0.3333333333333333,0.15034207570080774,0.6666666666666666,0.045454545454545456,0.3333333333333333,0.02727272727272728,0.3333333333333333,-0.3272727272727273,0.3333333333333333,-0.4727272727272727
2026-02-23,0.2727272727272727,-0.728310502283105,0.0,-0.15525114155251143,0.3333333333333333,-0.3280190742563078,0.3333333333333333,0.0956722299914231,0.3333333333333333,-0.25057012616801283,0.3333333333333333,-0.3826889199656924
2026-02-24,0.2727272727272727,-0.7699336604071668,0.3333333333333333,-0.1651445647689541,0.3333333333333333,-0.43636363636363645,0.3333333333333333,-0.05454545454545456,0.3333333333333333,-0.5694775594727565,0.3333333333333333,-0.4272727272727273
2026-02-25,0.2727272727272727,-0.7198196351735642,0.0,-0.15981901774202809,0.3333333333333333,-0.3727272727272728,0.3333333333333333,-0.38181818181818183,0.3333333333333333,-0.39180056091725646,0.3333333333333333,-0.45454545454545453
2026-02-26,0.2727272727272727,-0.5818181818181819,0.0,-0.045454545454545456,0.3333333333333333,-0.21818181818181823,0.3333333333333333,-0.1272727272727273,0.0,-0.692484712318872,0.3333333333333333,-0.4000000000000001
2026-02-27,0.2727272727272727,-0.639269406392694,0.3333333333333333,0.365296803652968,0.3333333333333333,-0.3143516128289616,0.6666666666666666,0.009111640951564104,0.0,-0.6118721461187215,0.3333333333333333,-0.39180056091725646
2026-03-02,0.2727272727272727,-0.8048688419946773,0.0,-0.23854214911071148,0.3333333333333333,-0.790909090909091,0.6666666666666666,0.4272727272727273,0.0,-0.6818181818181819,0.3333333333333333,-0.1272727272727273
2026-03-03,0.2727272727272727,-0.5184552004167002,0.0,-0.377020460363301,0.3333333333333333,-0.2779050490227052,0.3333333333333333,0.21412356236175648,0.0,-0.6879288918430899,0.3333333333333333,-0.4100238428203847
2026-03-04,0.2727272727272727,-0.7431505414602934,0.0,0.009174698042719672,0.3333333333333333,-0.38181818181818183,0.0,-0.48181818181818187,0.3333333333333333,-0.4000000000000001,0.6666666666666666,0.08181818181818183
2026-03-05,0.2727272727272727,-0.8000000000000002,0.3333333333333333,0.08181818181818183,0.0,-0.690909090909091,0.3333333333333333,-0.3181818181818182,0.3333333333333333,-0.29157251045005134,0.0,-0.19090909090909092
2026-03-06,0.2727272727272727,-0.7744894808829488,0.3333333333333333,0.027334922854692318,0.3333333333333333,-0.5272727272727273,0.3333333333333333,-0.3454545454545455,0.6666666666666666,0.02727272727272728,0.3333333333333333,-0.08181818181818183
2026-03-09,0.2727272727272727,-0.45454545454545453,0.0,-0.4090909090909091,0.0,-0.7545454545454545,0.3333333333333333,-0.21818181818181823,0.3333333333333333,-0.10092167846991638,0.3333333333333333,-0.30000000000000004
2026-03-10,0.2727272727272727,-0.6636363636363638,0.0,-0.7744894808829488,0.0,-0.6818181818181819,0.3333333333333333,-0.20909090909090913,0.0,-0.3578132236660672,0.0,-0.38181818181818183
2026-03-11,0.2727272727272727,-0.4727272727272727,0.3333333333333333,-0.5090909090909091,0.3333333333333333,-0.6363636363636364,0.6666666666666666,0.018181818181818184,0.0,-0.41913548377194887,0.3333333333333333,-0.30000000000000004
2026-03-12,0.2727272727272727,-0.6241474051821412,0.0,-0.5818181818181819,0.0,-0.6423706870852693,0.6666666666666666,-0.13636363636363638,0.0,-0.39083041639094745,0.3333333333333333,-0.39090909090909093
2026-03-13,0.2727272727272727,-0.5818181818181819,0.0,-0.44545454545454555,0.3333333333333333,-0.5454545454545455,0.3333333333333333,-0.3454545454545455,0.0,-0.46790960017870326,0.3333333333333333,-0.5363636363636364
2026-03-16,0.2727272727272727,-0.7198196351735642,0.0,-0.4054680223446026,0.0,-0.5,0.3333333333333333,-0.36363636363636365,0.0,-0.6280768420189677,0.3333333333333333,-0.5545454545454546
2026-03-17,0.2727272727272727,-0.7152638146977822,0.3333333333333333,0.03636363636363637,0.3333333333333333,-0.5694775594727565,0.0,-0.1272727272727273,0.3333333333333333,-0.5454545454545455,0.0,-0.4909090909090909
2026-03-25,0.2727272727272727,-0.690909090909091,0.3333333333333333,0.018349396085439344,0.0,-0.6545454545454547,0.0,-0.05454545454545456,0.3333333333333333,-0.39090909090909093,0.0,-0.5727272727272729
2026-03-26,0.2727272727272727,-0.8382709675438977,0.0,-0.4419145861508591,0.0,-0.6104799437547951,0.0,-0.24545454545454545,0.0,-0.3272727272727273,0.0,-0.38181818181818183
2026-03-27,0.2727272727272727,-0.6187214611872146,0.0,-0.20956774188597443,0.0,-0.24601430569223082,0.0,-0.20501192141019234,0.0,-0.39180056091725646,0.0,-0.16856535760393593
2026-03-30,0.2727272727272727,-0.8246035061165515,0.0,-0.5545454545454546,0.0,-0.4100238428203847,0.0,-0.41818181818181827,0.0,-0.5636363636363637,0.0,-0.41818181818181827
2026-03-31,0.2727272727272727,-0.7636363636363637,0.0,-0.46469368852976933,0.0,-0.3181818181818182,0.0,-0.5181818181818182,0.0,-0.48181818181818187,0.0,-0.48181818181818187
2026-04-01,0.2727272727272727,-0.8792733518259361,0.3333333333333333,-0.3669879217087868,0.0,-0.4909090909090909,0.0,-0.6363636363636364,0.3333333333333333,-0.3516018390324618,0.0,-0.6454545454545455
2026-04-02,0.2727272727272727,-0.8154918651649874,0.3333333333333333,-0.1926686588971131,0.0,-0.48181818181818187,0.0,-0.5727272727272729,0.0,-0.5909090909090909,0.0,-0.41818181818181827
2026-04-06,0.2727272727272727,-0.5636363636363637,0.0,-0.0642228862990377,0.0,-0.10933969141876927,0.3333333333333333,-0.3727272727272728,0.0,-0.4272727272727273,0.0,-0.21818181818181823
2026-04-07,0.2727272727272727,-0.39090909090909093,0.0,-0.4464704066266411,0.0,0.10000000000000002,0.3333333333333333,-0.3090909090909091,0.3333333333333333,-0.30000000000000004,0.0,-0.29090909090909095
2026-04-08,0.2727272727272727,-0.49202861138446163,0.3333333333333333,-0.03669879217087869,0.0,-0.15034207570080774,0.3333333333333333,0.02727272727272728,0.3333333333333333,0.27272727272727276,0.3333333333333333,-0.08181818181818183
2026-04-09,0.2727272727272727,-0.45454545454545453,0.6666666666666666,0.050114025233602574,0.3333333333333333,-0.08181818181818183,0.0,0.009090909090909092,0.3333333333333333,0.09090909090909091,0.3333333333333333,0.19090909090909092
2026-04-10,0.2727272727272727,-0.4909090909090909,0.3333333333333333,-0.03189074333047437,0.3333333333333333,-0.045454545454545456,0.3333333333333333,0.16363636363636366,0.3333333333333333,0.22727272727272727,0.3333333333333333,-0.11818181818181818
2026-04-13,0.2727272727272727,-0.48181818181818187,0.0,-0.39090909090909093,0.0,0.10000000000000002,0.3333333333333333,-0.17272727272727276,0.3333333333333333,0.6000000000000001,0.0,-0.11818181818181818
2026-04-14,0.2727272727272727,-0.8000000000000002,0.0,-0.46790960017870326,0.3333333333333333,-0.3454545454545455,0.0,-0.6363636363636364,0.6666666666666666,0.49202861138446163,0.0,-0.09090909090909091
2026-04-15,0.2727272727272727,-0.8883849927775,0.3333333333333333,0.3027650354097492,0.0,-0.45454545454545453,0.0,-0.6545454545454547,0.3333333333333333,-0.4965844318602437,0.3333333333333333,-0.3454545454545455
2026-04-16,0.2727272727272727,-0.7523252395030131,0.3333333333333333,0.11954812736664276,0.0,-0.5727272727272729,0.0,-0.3727272727272728,0.0,-0.6363636363636364,0.0,-0.5818181818181819
2026-04-17,0.2727272727272727,-0.8002164209426849,0.3333333333333333,-0.02277910237891026,0.0,-0.6000000000000001,0.0,-0.3181818181818182,0.0,-0.3181818181818182,0.0,-0.5272727272727273
2026-04-20,0.2727272727272727,-0.7465754886000482,0.3333333333333333,-0.027586862953412266,0.0,-0.6651497894641797,0.0,-0.2277910237891026,0.0,-0.4783611499571155,0.0,-0.6833730713673078
2026-04-21,0.2727272727272727,-0.7890240316738918,0.3333333333333333,0.06833730713673078,0.0,-0.7818181818181819,0.0,-0.3454545454545455,0.3333333333333333,-0.22727272727272727,0.0,-0.7363636363636363
2026-04-22,0.2727272727272727,-0.4452054794520548,0.3333333333333333,0.2168949771689498,0.0,-0.4328029451992949,0.3333333333333333,-0.04555820475782052,0.3333333333333333,0.01822328190312821,0.0,-0.6514823280368335
2026-04-23,0.2727272727272727,-0.43636363636363645,0.6666666666666666,0.40045428748314876,0.0,-0.38181818181818183,0.3333333333333333,-0.09090909090909091,0.3333333333333333,-0.6727272727272727,0.0,-0.46363636363636374
2026-04-24,0.2727272727272727,-0.3607343543320063,0.6666666666666666,0.5251196297238065,0.0,-0.5272727272727273,0.0,-0.24545454545454545,0.0,-0.38181818181818183,0.0,-0.6454545454545455
2026-04-27,0.2727272727272727,-0.16363636363636366,0.6666666666666666,0.6849386474658347,0.0,-0.5649217389969744,0.0,-0.09090909090909091,0.0,-0.16363636363636366,0.0,-0.5909090909090909
2026-04-28,0.2727272727272727,-0.6514823280368335,0.6666666666666666,0.45454545454545453,0.0,-0.7818181818181819,0.3333333333333333,-0.07272727272727274,0.3333333333333333,-0.3287705507836007,0.0,-0.5636363636363637
2026-04-29,0.2727272727272727,-0.5968124823274489,0.3333333333333333,0.6466865262269373,0.0,-0.7363636363636363,0.3333333333333333,0.15454545454545454,0.3333333333333333,-0.28181818181818186,0.0,-0.4090909090909091
2026-04-30,0.2727272727272727,-0.6636363636363638,0.6666666666666666,0.7218867690985736,0.0,-0.8272727272727273,0.3333333333333333,0.20909090909090913,0.0,-0.4090909090909091,0.0,-0.3090909090909091
2026-05-04,0.2727272727272727,-0.8018244037376412,0.3333333333333333,0.12125198706460912,0.0,-0.8909090909090911,0.0,-0.16363636363636366,0.3333333333333333,-0.28181818181818186,0.3333333333333333,-0.5
2026-05-05,0.2727272727272727,-0.7272727272727273,0.3333333333333333,0.296806747235195,0.0,-0.5363636363636364,0.3333333333333333,0.30000000000000004,0.0,-0.5968124823274489,0.3333333333333333,-0.16363636363636366
2026-05-06,0.2727272727272727,-0.4419145861508591,0.6666666666666666,0.5137830903923016,0.0,-0.3181818181818182,0.0,-0.02727272727272728,0.6666666666666666,0.1138955118945513,0.0,-0.11818181818181818
2026-05-07,0.2727272727272727,-0.6545454545454547,0.0,0.0,0.0,-0.44545454545454555,0.0,-0.17272727272727276,0.0,-0.5831450209001027,0.0,-0.38181818181818183
2026-05-08,0.2727272727272727,-0.7608220194556026,0.0,-0.16363636363636366,0.0,-0.4727272727272727,0.3333333333333333,-0.2545454545454546,0.0,-0.26363636363636367,0.0,-0.7181818181818183
2026-05-11,0.2727272727272727,-0.8363636363636365,0.0,-0.31890743330474364,0.0,-0.6727272727272727,0.3333333333333333,-0.15454545454545454,0.0,-0.1272727272727273,0.0,-0.790909090909091
2026-05-12,0.2727272727272727,-0.7289312761251283,0.3333333333333333,-0.3872447404414744,0.0,-0.7545454545454545,0.3333333333333333,-0.10000000000000002,0.3333333333333333,0.05454545454545456,0.3333333333333333,-0.6272727272727273
2026-05-13,0.2727272727272727,-0.5785892004243207,0.3333333333333333,-0.33636363636363636,0.3333333333333333,-0.6181818181818182,0.3333333333333333,0.22727272727272727,0.0,0.03636363636363637,0.3333333333333333,-0.48181818181818187
2026-05-18,0.2727272727272727,-0.26363636363636367,0.3333333333333333,0.2935903373670295,0.0,-0.6363636363636364,0.3333333333333333,-0.05454545454545456,0.0,-0.13211879379767952,0.0,-0.45454545454545453
2026-05-19,0.2727272727272727,-0.7454545454545456,0.0,0.15454545454545454,0.0,-0.690909090909091,0.3333333333333333,-0.38181818181818183,0.0,-0.3454545454545455,0.0,-0.5636363636363637
2026-05-20,0.2727272727272727,-0.7181818181818183,0.0,-0.4090909090909091,0.0,-0.43636363636363645,0.0,-0.2545454545454546,0.0,-0.5968124823274489,0.0,-0.6545454545454547
2026-05-21,0.2727272727272727,-0.8401914075580906,0.0,-0.4829169704328976,0.0,-0.5056960728118078,0.3333333333333333,-0.24545454545454545,0.0,-0.5662159485717567,0.0,-0.2545454545454546
2026-05-22,0.2727272727272727,-0.4829169704328976,0.0,-0.21818181818181823,0.0,-0.44545454545454555,0.3333333333333333,-0.30000000000000004,0.0,-0.6195915847063591,0.0,-0.5181818181818182
2026-05-25,0.2727272727272727,-0.6073059360730594,0.0,-0.26027397260273977,0.0,-0.4748858447488585,0.0,-0.1913444599828462,0.0,-0.610479943754795,0.0,-0.2733492285469231
2026-05-26,0.2727272727272727,-0.7425987375524745,0.0,0.054669845709384636,0.3333333333333333,-0.33636363636363636,0.0,-0.10000000000000002,0.0,-0.7727272727272727,0.3333333333333333,-0.03636363636363637
2026-05-29,0.2727272727272727,-0.6059241232790129,0.3333333333333333,-0.009304842103984709,0.3333333333333333,-0.3181818181818182,0.0,0.0,0.3333333333333333,-0.41818181818181827,0.3333333333333333,-0.11818181818181818
2026-06-02,0.2727272727272727,-0.6369863013698631,0.0,0.086560589039859,0.3333333333333333,-0.3006841514016155,0.0,-0.054669845709384636,0.3333333333333333,-0.5694775594727565,0.3333333333333333,-0.13211879379767952
2026-06-03,0.2727272727272727,-0.6666736168667458,0.6666666666666666,0.2277910237891026,0.3333333333333333,0.09090909090909091,0.3333333333333333,-0.03636363636363637,0.0,-0.6803723898160625,0.3333333333333333,0.0
2026-06-04,0.2727272727272727,-0.7061521737462181,1.0,0.4965844318602437,0.0,-0.16363636363636366,0.6666666666666666,0.0,0.3333333333333333,0.018521694664415903,0.0,-0.19090909090909092
2026-06-05,0.2727272727272727,-0.5272727272727273,0.3333333333333333,0.18181818181818182,0.0,-0.3272727272727273,0.3333333333333333,-0.17272727272727276,0.6666666666666666,0.10700568419582415,0.0,-0.33636363636363636
2026-06-08,0.2727272727272727,-0.009111640951564104,0.6666666666666666,0.04587349021359835,0.3333333333333333,-0.02727272727272728,0.3333333333333333,-0.6181818181818182,0.3333333333333333,-0.15818231576774008,0.0,-0.2545454545454546
2026-06-09,0.2727272727272727,-0.7334870966009104,0.0,-0.42337031573130424,0.0,-0.36363636363636365,0.0,-0.6090909090909091,0.0,-0.4009122018688206,0.0,-0.29090909090909095
2026-06-10,0.2727272727272727,-0.7454545454545456,0.0,0.10478387094298722,0.0,-0.33636363636363636,0.3333333333333333,-0.4727272727272727,0.0,-0.39090909090909093,0.0,-0.045454545454545456
2026-06-11,0.2727272727272727,-0.18764744237776723,0.0,-0.26484294368678946,0.6666666666666666,0.09090909090909091,0.0,-0.6545454545454547,0.6666666666666666,0.23636363636363636,0.3333333333333333,-0.07272727272727274
2026-06-12,0.2727272727272727,-0.5909090909090909,0.3333333333333333,0.5596565806059001,0.3333333333333333,-0.3272727272727273,0.3333333333333333,-0.009090909090909092,0.0,-0.5603659185211924,0.3333333333333333,-0.36363636363636365
2026-06-15,0.2727272727272727,-0.5570834332722122,0.3333333333333333,0.5688312786486196,0.6666666666666666,0.3090909090909091,0.3333333333333333,-0.22727272727272727,0.3333333333333333,-0.02727272727272728,0.3333333333333333,-0.20909090909090913
2026-06-17,0.2727272727272727,-0.4794570532260843,0.3333333333333333,0.21101805498255247,0.6666666666666666,0.10000000000000002,0.3333333333333333,-0.06363636363636364,0.3333333333333333,-0.39180056091725646,0.3333333333333333,-0.19090909090909092
2026-06-18,0.2727272727272727,-0.5181818181818182,0.0,-0.055048188256318034,0.3333333333333333,-0.2545454545454546,0.0,-0.3545454545454546,0.0,-0.4272727272727273,0.3333333333333333,-0.20000000000000004
2026-06-19,0.2727272727272727,-0.7517103785040387,0.0,-0.19069251784911848,0.0,-0.4272727272727273,0.0,-0.4272727272727273,0.3333333333333333,-0.3272727272727273,0.0,-0.5636363636363637
2026-06-22,0.2727272727272727,-0.46363636363636374,0.0,-0.18223281903128208,0.0,0.11818181818181818,0.3333333333333333,-0.02727272727272728,0.0,-0.2870166899742693,0.0,-0.3454545454545455
2026-06-23,0.2727272727272727,-0.3653006119817785,0.3333333333333333,-0.11009637651263607,0.3333333333333333,0.14545454545454548,0.3333333333333333,-0.20000000000000004,0.0,-0.6454545454545455,0.0,-0.5727272727272729
2026-06-24,0.2727272727272727,-0.4419145861508591,0.3333333333333333,-0.5024614736151742,0.3333333333333333,-0.24545454545454545,0.3333333333333333,-0.36363636363636365,0.3333333333333333,-0.4909090909090909,0.0,-0.3454545454545455
2026-06-25,0.2727272727272727,-0.4282471247235129,0.3333333333333333,-0.1349202105077783,0.3333333333333333,0.21818181818181823,0.3333333333333333,-0.26363636363636367,0.3333333333333333,-0.6181818181818182,0.0,-0.2545454545454546
2026-06-26,0.2727272727272727,-0.5958904109589042,0.3333333333333333,0.06621004566210047,0.3333333333333333,0.09817351598173515,0.3333333333333333,-0.25057012616801283,0.3333333333333333,-0.5466984570938462,0.0,-0.19590028045862823
2026-06-29,0.2727272727272727,-0.8165481258020508,0.3333333333333333,0.03189074333047437,0.0,-0.4000000000000001,0.3333333333333333,-0.3181818181818182,0.3333333333333333,-0.46363636363636374,0.0,0.018181818181818184
2026-06-30,0.2727272727272727,-0.83489752188749,0.3333333333333333,-0.2369026647406667,0.0,-0.4272727272727273,0.3333333333333333,-0.06363636363636364,0.3333333333333333,-0.5181818181818182,0.0,-0.2545454545454546
2026-07-01,0.2727272727272727,-0.8807710121010885,0.0,-0.055048188256318034,0.0,-0.3006841514016155,0.3333333333333333,-0.18181818181818182,0.0,-0.6363636363636364,0.3333333333333333,-0.3727272727272728
2026-07-02,0.2727272727272727,-0.7431505414602934,0.3333333333333333,0.11927107455535574,0.0,-0.6454545454545455,0.3333333333333333,0.03636363636363637,0.0,-0.45454545454545453,0.3333333333333333,-0.4727272727272727
2026-07-03,0.2727272727272727,-0.8077824353258719,0.3333333333333333,-0.04337899543378996,0.0,-0.42824712472351295,0.3333333333333333,0.07744894808829489,0.0,-0.8356164383561645,0.3333333333333333,0.013667461427346159
2026-07-06,0.2727272727272727,-0.7523252395030131,0.3333333333333333,0.1138955118945513,0.0,-0.6181818181818182,0.3333333333333333,0.19090909090909092,0.3333333333333333,0.06363636363636364,0.3333333333333333,-0.018181818181818184
2026-07-07,0.2727272727272727,-0.8532469179729295,0.3333333333333333,0.1834939608543934,0.3333333333333333,-0.6818181818181819,0.0,0.02727272727272728,0.3333333333333333,0.20000000000000004,0.3333333333333333,-0.1272727272727273
2026-07-08,0.2727272727272727,-0.534252145023351,0.3333333333333333,0.08200476856407693,0.6666666666666666,0.045454545454545456,0.0,-0.3454545454545455,0.0,-0.3545454545454546,0.3333333333333333,0.045454545454545456
2026-07-09,0.2727272727272727,-0.5,0.0,-0.20184335693983277,0.6666666666666666,0.10909090909090911,0.0,-0.6363636363636364,0.3333333333333333,-0.3826889199656924,0.3333333333333333,-0.11818181818181818
2026-07-10,0.2727272727272727,-0.5181818181818182,0.0,-0.4466324209912661,0.0,-0.5272727272727273,0.0,-0.5818181818181819,0.3333333333333333,-0.3545454545454546,0.3333333333333333,-0.07272727272727274
2026-07-13,0.2727272727272727,-0.7272727272727273,0.3333333333333333,0.04587349021359835,0.3333333333333333,-0.23636363636363636,0.0,-0.6000000000000001,0.0,-0.6651497894641797,0.0,-0.3727272727272728
2026-07-14,0.2727272727272727,-0.690909090909091,0.3333333333333333,0.09132515299544462,0.3333333333333333,0.03636363636363637,0.0,-0.7000000000000001,0.3333333333333333,-0.33636363636363636,0.3333333333333333,-0.10909090909090911
2026-07-15,0.2727272727272727,-0.8272727272727273,0.3333333333333333,0.09111640951564104,0.3333333333333333,-0.07272727272727274,0.0,-0.6818181818181819,0.0,-0.5102518932875899,0.3333333333333333,-0.14545454545454548
2026-07-16,0.2727272727272727,-0.6181818181818182,0.6666666666666666,0.48747279090867957,0.0,-0.16363636363636366,0.0,-0.41818181818181827,0.3333333333333333,-0.36363636363636365,0.3333333333333333,-0.07272727272727274
2026-07-17,0.2727272727272727,-0.4090909090909091,0.3333333333333333,0.07762638004612794,0.0,-0.08181818181818183,0.3333333333333333,-0.10909090909090911,0.0,-0.5090909090909091,0.0,-0.13636363636363638
2026-07-20,0.2727272727272727,-0.4495602040932639,0.3333333333333333,-0.1913444599828462,0.0,-0.5454545454545455,0.3333333333333333,0.19090909090909092,0.0,-0.4727272727272727,0.3333333333333333,-0.19090909090909092
2026-07-21,0.2727272727272727,-0.5148077137633719,0.0,0.18181818181818182,0.6666666666666666,-0.009090909090909092,0.3333333333333333,-0.10000000000000002,0.3333333333333333,-0.21412356236175645,0.3333333333333333,-0.07272727272727274
2026-07-22,0.2727272727272727,-0.6287032256579232,0.3333333333333333,0.027334922854692318,0.0,-0.3727272727272728,0.3333333333333333,-0.26363636363636367,0.3333333333333333,-0.26363636363636367,0.3333333333333333,-0.10909090909090911
2026-07-23,0.2727272727272727,-0.4668302225007868,0.3333333333333333,-0.39269815788041185,0.3333333333333333,-0.009090909090909092,0.0,-0.018181818181818184,0.3333333333333333,-0.5,0.3333333333333333,0.0
2026-07-24,0.2727272727272727,-0.7126907593011395,0.3333333333333333,-0.06513389472789297,0.0,-0.34168653568365387,0.0,0.03636363636363637,0.3333333333333333,-0.41913548377194887,0.0,-0.5181818181818182
2026-07-27,0.2727272727272727,-0.6027460097699346,0.0,-0.26606624323887046,0.3333333333333333,-0.36363636363636365,0.0,-0.3454545454545455,0.3333333333333333,-0.25512594664379495,0.3333333333333333,-0.3272727272727273
2026-07-28,0.2727272727272727,-0.5707822062215289,0.3333333333333333,-0.27272727272727276,0.3333333333333333,-0.23636363636363636,0.0,-0.22727272727272727,0.3333333333333333,-0.059361349447039004,0.0,-0.46363636363636374
2026-07-29,0.2727272727272727,-0.7534246575342466,0.0,-0.06689458755944952,0.3333333333333333,-0.25968176711957697,0.0,-0.29157251045005134,0.0,-0.14578625522502567,0.0,-0.5056960728118078
2026-07-30,0.2727272727272727,-0.6697056099399616,0.3333333333333333,-0.3027650354097492,0.3333333333333333,0.13636363636363638,0.0,-0.6727272727272727,0.6666666666666666,0.4282471247235129,0.0,0.009090909090909092
2026-07-31,0.2727272727272727,-0.7625570776255707,0.6666666666666666,0.11034745181364906,0.0,-0.3675799086757991,0.3333333333333333,-0.523919354714936,0.3333333333333333,0.2369026647406667,0.0,-0.5558100980454104
2026-08-03,0.2727272727272727,-0.615035764230577,0.3333333333333333,0.3768461052113807,0.0,-0.7818181818181819,0.0,-0.6090909090909091,0.6666666666666666,0.5454545454545455,0.3333333333333333,-0.11818181818181818
2026-08-04,0.2727272727272727,-0.6636363636363638,0.3333333333333333,0.45454545454545453,0.0,-0.5909090909090909,0.0,-0.5272727272727273,0.6666666666666666,0.35535399711100013,0.3333333333333333,-0.3454545454545455
2026-08-05,0.2727272727272727,-0.7608220194556026,0.3333333333333333,0.06363636363636364,0.0,-0.22727272727272727,0.0,-0.11818181818181818,0.3333333333333333,0.5148077137633719,0.3333333333333333,-0.07272727272727274
2026-08-06,0.2727272727272727,-0.7090909090909092,0.3333333333333333,0.31890743330474364,0.0,-0.46363636363636374,0.0,-0.38181818181818183,0.3333333333333333,0.06363636363636364,0.3333333333333333,-0.33636363636363636
2026-08-07,0.2727272727272727,-0.7517103785040387,0.3333333333333333,-0.3181818181818182,0.0,-0.15454545454545454,0.0,-0.3727272727272728,0.3333333333333333,0.07272727272727274,0.3333333333333333,-0.08181818181818183
2026-08-10,0.2727272727272727,-0.32420091324200917,0.0,-0.1885102301816505,0.0,-0.2323468442648847,0.0,-0.36902145853834617,0.3333333333333333,0.28246086949848725,0.0,-0.5785892004243206
2026-08-11,0.2727272727272727,-0.5272727272727273,0.6666666666666666,-0.2568915451961508,0.0,-0.06363636363636364,0.3333333333333333,0.09090909090909091,0.6666666666666666,0.46363636363636374,0.0,-0.14545454545454548
2026-08-12,0.2727272727272727,-0.47489079557631203,0.3333333333333333,-0.3545454545454546,0.3333333333333333,-0.03636363636363637,0.0,-0.44545454545454555,0.3333333333333333,0.09090909090909091,0.3333333333333333,-0.1272727272727273
2026-08-13,0.2727272727272727,-0.692484712318872,0.0,-0.6187214611872146,0.0,-0.21412356236175648,0.0,-0.6423706870852695,0.3333333333333333,0.2351598173515982,0.3333333333333333,-0.2779050490227052
2026-08-14,0.2727272727272727,-0.7653778399313848,0.0,-0.6789276551612556,0.3333333333333333,-0.5545454545454546,0.0,-0.790909090909091,0.3333333333333333,0.17272727272727276,0.3333333333333333,-0.13636363636363638
2026-08-18,0.2727272727272727,-0.6881023532039754,0.3333333333333333,-0.3211144314951885,0.3333333333333333,-0.3272727272727273,0.0,-0.6363636363636364,0.3333333333333333,-0.18181818181818182,0.3333333333333333,-0.09090909090909091
