ticker,date,entry,d10,d20,d50,bars_prior,adr,stop_pct,rr10sma,gain10sma_pct,mae10sma_pct,src,split,d10_adr,d20_adr,d50_adr
NVAX,2020-06-15,47.6,2.7301179599735104,0.06832371993670261,51.41008637372655,365,12.47957833632741,3.571428571428577,59.93,214.03,-5.46,db,1.0,0.21876684342981986,0.005474842025536694,4.119537134045181
NBR,2020-05-11,14.8,12.75331383660534,7.773529722670647,-40.1609186384508,341,17.706083426317637,3.9864864864864855,50.12,199.8,-4.26,db,1.0,0.7202786482779873,0.43903157663407216,-2.2681988823545907
APT,2020-02-21,5.5,5.363985059321563,-1.610017217660109,26.216266182451832,286,15.79840751590445,5.454545454545452,29.73,162.18,-4.55,db,1.0,0.3395269462394595,-0.1019100954345737,1.6594246069459593
MARA,2020-11-16,2.47,7.391304347826111,1.9187130469031866,13.761975004693383,473,11.401826708040671,2.834008097166003,38.71,109.72,-5.67,db,1.0,0.6482561555345948,0.16828119704275918,1.2069973835848877
TVIX,2020-02-22,47.05,13.411754238563534,4.765085638021116,-1.1292906406135006,183,9.455314738390639,5.41976620616365,19.55,105.95,18.92,yf,1.0,1.41843551585955,0.503958437118315,-0.11943448439937535
JMIA,2020-07-20,8.04,10.318331330612885,25.116713834786108,41.97421880331578,319,12.61099313905127,5.8457711442785945,17.72,103.61,-6.37,db,1.0,0.8182013277496032,1.9916523272865445,3.328383287541263
LCID,2021-10-25,252.39999999999998,5.390621334970169,3.814910351483758,11.210983148255703,277,5.52254553716897,1.58478605388272,64.75,102.61,-2.13,db,0.1,0.9761117040482695,0.6907883920210101,2.030039059488282
TLRY,2021-01-04,90.0,5.066542330514623,7.040914484209204,16.22501187442511,505,7.81930395576141,6.11111111111112,16.55,101.11,-6.67,db,0.1,0.6479531118343979,0.9004528438904497,2.0749943941583466
MARA,2021-01-28,19.5,-3.360094568497196,4.088822906929357,72.47479208756951,522,17.978240987544364,6.717948717948712,13.44,90.31,-12.0,db,1.0,-0.18689784895113642,0.22743175540711486,4.0312504509079226
SE,2020-05-05,57.38,5.518674310661775,11.146622636656778,20.25518024681152,337,4.775015571225947,2.2830254444057196,35.83,81.81,-2.46,db,1.0,1.1557395422785814,2.3343636204719163,4.241908731956483
MSTR,2021-01-28,56.665,0.4666528552879301,11.148271251817366,51.182943586030035,522,8.82669109255946,2.329480278831719,28.42,66.2,-2.67,db,10.0,0.05286837959938344,1.2630181723720797,5.798655809896323
SRNE,2020-07-30,8.0,4.4659180983300795,6.492728624494171,32.714001390129035,293,9.801564040666225,10.2925,5.36,55.12,-4.13,yf,1.0,0.45563321116927835,0.6624176098382,3.3376307346868512
JMIA,2021-01-12,40.34,6.1942246385017885,1.9008535237661217,32.86869995006931,441,11.276623495887492,5.676747645017367,9.65,54.76,-10.11,db,1.0,0.5492978142580339,0.1685658410480185,2.9147643318991987
GRWG,2020-11-12,23.0,16.384979659645317,20.652572371238275,34.49505828846695,471,10.933844008680648,7.434782608695656,6.53,48.57,-8.13,db,1.0,1.4985561936531084,1.888866564663049,3.1548884601865983
TLRY,2021-02-02,206.70000000000002,11.440587319580953,30.66978581904223,83.90334240506515,525,13.71646905639393,5.950653120464443,6.77,40.3,-6.63,db,0.1,0.8340767053491748,2.235982576342817,6.1169782150278404
TSLA,2020-06-30,66.8,1.3062646105020947,4.266280636377173,16.911683653557198,376,4.278456197230858,2.317365269461081,17.31,40.12,-7.05,db,15.0,0.30531213837073934,0.9971542163125183,3.9527537209573245
AMD,2021-10-13,107.7,4.287707669067897,3.6174722266989257,1.0328429120624483,701,2.775014806263295,1.253481894150426,30.67,38.45,-1.35,db,1.0,1.545111636662409,1.3035866398024898,0.3721936581135674
TDOC,2021-01-06,205.7,1.5752305466564476,3.3022052616689557,4.266988146168105,507,4.024711838442991,4.117647058823529,9.14,37.63,-4.23,db,1.0,0.39138964723145114,0.8204824082378166,1.0601971811772841
W,2020-07-27,229.6,4.035922831498806,5.294535634893305,17.622107130226517,394,5.79715627872031,3.3493031358885013,10.58,35.43,-3.87,db,1.0,0.6961901038123667,0.9132987589670506,3.0397847294391895
FUTU,2020-11-05,32.58,4.459906579238582,3.8472579785497896,5.5995645811720784,421,5.316838712924029,3.253529772866786,10.75,34.99,-3.47,db,1.0,0.8388267577870212,0.7235987748129312,1.053175558543991
NIO,2020-09-29,19.34,2.9325683067398467,3.6497137200942165,21.878978398385396,439,8.31761129461919,1.8614270941054782,18.53,34.49,-3.26,db,1.0,0.35257337748362644,0.43879349380696364,2.6304401135623268
QS,2021-10-29,26.64,7.736482188224025,10.440893346071768,15.46963728325288,304,5.855708869365245,3.8663663663663708,8.87,34.31,-5.56,db,1.0,1.3211862749356007,1.7830280806298955,2.6418043704638237
SOXL,2020-12-30,30.128666666666668,1.2066056833391459,1.4204422924188442,21.593247531280113,503,4.677852007061284,1.902285752218259,15.57,29.63,-1.75,db,15.0,0.25794011471884054,0.30365267868129786,4.616060426598533
NVAX,2020-04-03,14.36,12.901957227013527,26.41401493483617,48.82371265481442,316,18.500371622218353,6.963788300835655,4.05,28.2,-5.29,db,1.0,0.6973890844181039,1.4277559107576945,2.6390665902180426
TSLA,2020-12-24,218.11333333333334,1.922277534785155,5.628409410703505,28.32264399253006,500,5.8815968954660125,1.8293242045419849,15.13,27.68,-2.04,db,3.0,0.32682918754037604,0.956952594803346,4.815468400148832
BLDP,2020-06-29,14.29,3.2290700382201276,9.100626431075742,27.22804846581721,375,6.725892287607029,1.889433170048982,14.56,27.5,-2.24,db,1.0,0.4800954133877428,1.353073472176226,4.048243311298186
CAN,2020-12-30,4.36,9.19108421514423,12.298777113182036,30.65627798207653,279,12.590386582947929,7.761467889908256,3.43,26.61,-7.34,db,1.0,0.7300081021811022,0.9768387199356657,2.4348956864911955
CAN,2021-03-09,22.8,18.073537377328954,32.952358730725216,128.60809750447908,325,24.2571763556527,5.526315789473691,4.79,26.45,-6.49,db,1.0,0.745080017242701,1.358458142348718,5.301857710842312
APT,2020-06-17,13.6,16.558107339983618,10.56910569105689,4.225740491386687,367,8.12441448026718,2.941176470588238,8.97,26.4,-4.12,db,1.0,2.0380677746316906,1.30090675663181,0.5201286199332015
ETCG,2020-02-06,15.51,15.423255813953496,35.51828525792469,62.14656466366855,172,11.977945953922053,18.6976144422953,1.38,25.73,-6.51,yf,1.0,1.287637786418907,2.9653068559968414,5.188415852161974
DQ,2020-12-10,43.7,5.903451106626445,4.61878762715231,9.89519514175463,490,8.090171490889956,7.688787185354689,3.29,25.33,-8.05,db,1.0,0.7297065474167147,0.5709134388997015,1.2231131506788508
SNAP,2020-11-19,41.71,3.0538118965943495,1.9667276390610722,29.69930650893826,476,6.2360597496271355,2.397506593143131,10.38,24.89,-4.2,db,1.0,0.48970215475837,0.3153798581193303,4.7625115379489475
SHOP,2020-06-15,78.0,4.7515570442729915,3.107364646507027,19.049108714524344,365,5.218186952066723,1.282051282051282,18.88,24.2,-1.3,db,10.0,0.9105762380535414,0.5954874125919003,3.6505224687244535
GUSH,2021-01-05,10.29,7.234975436481839,3.293808037176338,26.594736621677484,506,7.859922045747501,5.59110787172011,4.06,22.69,-3.45,db,4.0,0.9204894647010169,0.41906370292290696,3.383587835462845
ERX,2022-01-03,30.85,5.882756505265974,4.569181588136506,0.8466546722820878,757,4.332301432323337,3.0794165316045468,6.82,21.0,-3.79,db,1.0,1.3578825474549574,1.0546776717902877,0.19542838500691345
Z,2020-12-07,109.78,1.2571837976871114,1.9975851119555799,6.879504127875635,487,5.2473221010010045,1.739843323009653,11.99,20.86,-2.68,db,1.0,0.23958578747191542,0.38068658136585726,1.3110504740243156
BE,2020-08-13,13.65,4.134879523534196,-7.798303726156552,13.989377918293155,407,10.95204115545403,2.930402930402933,6.65,19.49,-3.37,db,1.0,0.37754419152041435,-0.712041126897433,1.2773306564253144
PTON,2020-12-14,122.5,6.247345110028335,10.749981047997515,5.7814532454735,307,5.873943407596144,3.5836734693877546,5.34,19.15,-3.88,db,1.0,1.063569169214213,1.8301131458120132,0.9842541618628745
OKTA,2020-05-04,152.0,0.708269811492368,6.5526368229646526,17.768656117286152,336,4.578253853706991,1.940789473684203,9.29,18.04,-2.43,db,1.0,0.15470304489972422,1.4312524015371086,3.881098926591621
NET,2020-06-15,29.9,2.44988984661223,4.045237404872615,13.723670319823245,189,5.384013153937707,3.3444816053511697,5.21,17.42,-3.65,db,1.0,0.45503043483845373,0.7513424074593964,2.5489667145010895
SPCE,2021-06-22,737.0,2.352580341170296,11.849693748562661,43.31272119161513,621,9.55090840204791,2.7137042062415193,6.34,17.2,-3.34,db,0.05,0.24632006110181676,1.24068761313027,4.534932109947573
PDD,2020-05-08,51.7,6.622120615143601,9.276913086092065,28.00134793489093,340,5.008289541758178,1.7408123791102619,9.58,16.67,-1.9,db,1.0,1.3222319835803424,1.8523116542569884,5.591000221017763
DDOG,2020-06-08,72.6,2.9977166043646752,6.643164399525281,41.765863641279324,180,7.295617366519124,2.203856749311287,7.44,16.39,-3.47,db,1.0,0.410892794093304,0.910569190485775,5.724788121831915
LABU,2020-06-18,1014.5999999999999,7.199458622048316,4.681034604171308,19.451835113105464,368,9.716473146749914,3.015966883500875,5.33,16.09,-5.09,db,0.05,0.7409538948251485,0.4817627274292502,2.001943999568604
CCJ,2021-10-12,22.08,2.1512840109536135,0.960219566788445,11.400375426575282,700,5.2520668702346365,2.44565217391304,6.24,15.26,-2.76,db,1.0,0.40960712498649215,0.182826988024535,2.1706455207539976
LRCX,2021-03-26,55.799,2.418065158886007,2.2383826894472048,1.9090577566360567,562,4.970543945615226,1.455223211885518,10.15,14.77,-1.6,db,10.0,0.4864789820476504,0.4503295240799144,0.3840742135114076
ZS,2020-09-21,132.0,0.5392555654870179,-3.7925422597270164,1.4293858516505775,433,5.5038534687016405,1.8484848484848468,7.7,14.24,-4.16,db,1.0,0.09797782018608653,-0.6890703543060854,0.2597063784090476
FSLY,2020-12-06,85.4,2.4656561214845496,7.449766996961649,-0.6248760629548378,393,6.940576474998005,3.5480093676815,3.99,14.16,-1.41,db,1.0,0.35525235264917365,1.0733642981671476,-0.09003229994018867
PLTR,2021-01-22,27.18,5.631339065475238,6.12212950856168,13.202831613701127,78,7.052042629306151,4.267844002943341,3.31,14.13,-5.0,db,1.0,0.7985401339000845,0.8681356353576148,1.8721996317540908
BLDP,2020-11-16,16.75,5.09474142142492,6.14365842793807,4.9525048846618125,473,5.3167997205049184,3.22388059701492,4.24,13.67,-5.01,db,1.0,0.9582345939750933,1.1555181219718067,0.9314823098492583
NTLA,2021-05-26,70.0,7.186058485224955,1.9063767706676504,-0.5557512181113999,604,8.566017798441477,7.099999999999998,1.86,13.2,-2.79,db,1.0,0.8389030532404923,0.22255111015698584,-0.06487859717178206
BLDP,2020-12-17,19.98,2.989690721649496,2.401147159998329,12.572258818806969,495,7.034811891524365,1.601601601601603,7.97,12.76,-1.95,db,1.0,0.42498516914880347,0.3413235772361253,1.7871492532663444
URNM,2021-10-12,39.15,0.9749300442061015,-3.713723651574774,12.45702080040516,466,5.635073226329492,0.17879948914431748,8.48,12.72,-1.94,db,2.0,0.17301106925297935,-0.6590373367683414,2.210622701795708
NVAX,2020-02-26,8.89,14.414416099574101,20.714238031957045,51.571983786769174,289,8.960700050527443,6.074240719910021,2.09,12.71,-6.41,db,1.0,1.6086261138409206,2.3116763104616775,5.755352092578253
SOXL,2021-03-31,36.74,4.283160439946543,7.871635374389485,-2.6206370951859848,565,11.1653553537345,1.0615133369624399,11.62,12.33,-1.06,db,1.0,0.38361165446596784,0.7050053603315584,-0.2347114813779263
CLF,2021-03-26,15.92,-1.1057277242062513,3.3061873270146425,-0.8717312441745673,562,7.272024999444894,2.889447236180899,4.15,12.0,-3.2,db,1.0,-0.15205224463483782,0.4546446591241117,-0.11987462147628898
WWR,2021-01-19,5.7,12.33740583652625,10.927312924214338,9.430195030480547,514,9.848463885143614,6.666666666666665,1.79,11.93,-12.98,db,1.0,1.2527238745462832,1.1095449048351758,0.9575295335860423
XOP,2021-01-05,60.61,3.3894554044102243,1.477544233834771,14.37359628221806,506,3.8784299150160817,1.3529120607160539,8.71,11.78,-1.5,db,1.0,0.8739246237987441,0.38096453106298933,3.7060348123264877
URA,2021-10-12,24.56,2.6584159675659524,-0.34894179124684843,10.617675110897927,700,4.780372326960864,1.791530944625398,6.43,11.52,-2.28,db,1.0,0.5561106511667991,-0.07299468898663992,2.2210979364547003
BYND,2020-09-29,165.75,9.281870219348498,15.631332400148912,23.600314529385823,356,6.838026588288831,3.746606334841634,3.08,11.52,-3.98,db,1.0,1.3573901913814028,2.2859420328841606,3.4513341275690532
GUSH,2022-02-28,30.2375,7.303181361675759,7.288903695943638,16.27862238308124,795,7.727292534797611,3.1831335262505243,3.57,11.37,-3.85,db,4.0,0.945115165342584,0.9432674721605508,2.1066398495689413
AMAT,2021-03-26,121.4,3.474140176813445,4.741855245812032,9.225310047528845,562,4.533965559034142,1.474464579901158,7.6,11.2,-1.84,db,1.0,0.7662475886900058,1.0458516246034688,2.034711099458393
BILI,2021-02-02,129.88,4.025501709806489,9.405798866836257,42.2725041017598,525,7.0563254379969,4.2731752386818584,2.45,10.46,-6.36,db,1.0,0.5704813001013203,1.332959902357665,5.990724843008349
BNTX,2021-05-25,200.0,2.8870084201138235,6.071815098905953,33.9958082330285,408,8.62290282193591,2.879999999999995,3.57,10.29,-3.15,db,1.0,0.3348070226153456,0.7041497769706725,3.942501607062779
ARKK,2021-01-06,129.05,-0.15782943130853155,2.0033113304632755,15.36453522525214,507,3.408445642960843,1.9914761720263519,4.97,9.9,-2.48,db,1.0,-0.04630539777991839,0.5877492383076534,4.507783557288976
TNA,2021-05-26,90.0,5.3420093777899025,1.0923584960922827,-0.7831522504130772,604,5.798373135940325,1.300000000000002,7.58,9.86,-3.52,db,1.0,0.9212945170220725,0.188390514111875,-0.13506413472407083
MOS,2022-02-01,41.13,1.8044102436135745,1.5004192194317367,7.660574386440699,777,4.3085111273124514,1.920739119863844,4.9,9.41,-2.43,db,1.0,0.41880134234192484,0.34824540893495687,1.7780096557901166
JMIA,2020-01-16,6.7,7.9078762278796955,11.38819644113398,13.501608764391971,192,6.037396485062394,5.373134328358214,1.75,9.4,-9.7,db,1.0,1.3098156212607877,1.8862760577859063,2.2363296493442797
BYND,2020-06-08,139.8,5.908289014304158,4.711650235424925,35.11241041249291,277,7.229698435495517,2.639484978540771,3.52,9.29,-2.9,db,1.0,0.8172248216186087,0.6517077133248356,4.856690873868565
RUN,2020-11-17,57.4,4.1515454237538885,3.30429750560548,-6.878046378724201,474,6.745926231545709,3.257839721254351,2.72,8.87,-4.62,db,1.0,0.6154151826238746,0.48982117387434865,-1.0195851752070255
NUGT,2022-03-01,59.93,6.2588652482269636,15.796693990214216,21.144617815686683,796,6.3853351257273285,1.902219255798433,4.58,8.71,-2.34,db,1.0,0.980193697744884,2.4739021021100873,3.311434309922485
LABU,2021-06-07,1300.0,6.174450676127341,7.19616029667054,-5.013809700208882,611,8.739928919547456,3.076923076923077,2.73,8.42,-5.88,db,0.05,0.7064646329465855,0.8233659979288652,-0.5736671026002453
TAN,2020-11-16,74.72,2.8181405356250133,3.8491739307956463,12.635631202643083,473,4.452476470008678,2.087794432548183,4.02,8.39,-2.18,db,1.0,0.6329377717339224,0.8645018018002337,2.8378883724046844
RH,2020-07-01,259.0,2.5474527943032843,3.7629078920542236,30.177966675647248,377,5.43244118265956,3.8532818532818487,1.98,7.65,-3.95,db,1.0,0.4689333411348833,0.6926734713788502,5.555139146646595
SE,2020-09-25,153.52,3.569476360905699,3.3394142249478342,12.126488680143943,437,5.22176781237811,2.436164669098495,3.12,7.61,-2.59,db,1.0,0.6835762311078476,0.6395179458251304,2.322295650794413
ROKU,2020-07-09,139.62,11.310421894275645,14.315190638682363,17.69228152434563,382,6.3142103341329125,2.306259848159289,3.27,7.55,-2.39,db,1.0,1.7912646706009403,2.267138704787567,2.8019784879046465
PFE,2021-12-13,54.22,2.7711426130247796,4.590040081970748,15.351393613981479,743,3.420057578847755,1.161932866101061,6.02,6.99,-1.44,db,1.0,0.8102619763373692,1.342094387638108,4.488636012716922
BLDP,2019-11-12,6.2,6.878124039605904,8.524417776656158,16.357630775176844,218,4.415043678213173,4.032258064516129,1.72,6.94,-2.1,db,1.0,1.5578835773578514,1.9307663520343934,3.7049759792630175
YINN,2019-10-09,341.19999999999993,2.8392302480430898,-1.7846858092554152,2.3088452027324458,194,2.655889274778999,0.7033997655333966,9.67,6.8,-0.82,db,0.05,1.069031858746953,-0.671972971992186,0.8693303687988155
PBR,2019-10-22,14.94,4.191366647558148,4.322324179632564,6.13207559249398,203,2.127434921626865,1.004016064257031,6.73,6.76,-1.07,db,1.0,1.9701503462926044,2.0317068859277967,2.882379869840971
VIVE,2019-12-31,9.2,8.853841028649878,8.3966145586849,-64.44285029063757,147,7.572138341293064,4.347826086956525,1.5,6.52,-4.35,yf,0.1,1.1692656195103195,1.108882878287594,-8.510522046224649
PDD,2021-02-02,183.83,7.240154089210193,6.845605025616464,16.9559764419972,525,5.816221000256419,3.443398792362515,1.89,6.5,-3.72,db,1.0,1.2448210081582176,1.1769850260701342,2.915290949441169
DHT,2019-12-19,7.55,2.7630321567893024,2.8400184551534924,1.9278536807030733,244,3.0388374463246612,1.324503311258273,4.9,6.49,-1.32,db,1.0,0.9092398674141214,0.9345739959168821,0.6344050034774734
AMD,2020-11-19,84.5,2.5273914213490567,5.034183220228239,4.755269399784878,476,3.799176488814234,1.964497041420114,3.21,6.31,-3.29,db,1.0,0.6652471736415394,1.325072218953288,1.2516579352882475
M,2021-01-06,11.85,6.249438958525055,7.060576908123006,25.75612834145511,507,6.2924451022737635,2.616033755274266,2.39,6.24,-2.95,db,1.0,0.9931654320300438,1.122072071089135,4.0931828443204346
CLF,2021-05-04,18.65,4.6870616892222605,4.335664335664324,10.985479924847418,588,6.081152382662838,2.037533512064338,3.03,6.17,-2.36,db,1.0,0.7707522183763914,0.7129675533251162,1.8064799619504115
TWLO,2020-06-15,199.0,1.2403205856334365,2.215087881944533,33.21711949544659,365,5.253608422740773,3.015075376884422,2.0,6.03,-2.77,db,1.0,0.23608927156896278,0.4216317060015935,6.322724653718565
PTON,2020-07-27,63.34,1.6138858357698016,2.746281042998522,19.048514130129757,209,5.901298559221599,2.289232712346073,2.61,5.97,-2.51,db,1.0,0.27347978069129897,0.4653689379445268,3.2278512837422544
FCX,2022-02-08,40.0,4.616188729050719,-1.6026481260892789,0.45506072766203776,782,4.386095179115052,1.125000000000007,5.24,5.9,-2.55,db,1.0,1.0524597712861514,-0.36539292027233955,0.10375076442227407
REMX,2021-05-26,79.8,1.2831751063570485,-0.8356880824177404,2.130665963873013,604,1.8965607143975594,1.328320802005015,4.18,5.55,-1.18,db,1.0,0.6765800306923724,-0.44063344562274975,1.123436728230352
BCRX,2020-06-26,4.69,11.269276771463765,8.314087580895446,8.91778963801999,374,7.42899995548532,5.117270788912584,1.08,5.54,-6.61,db,1.0,1.5169305207954558,1.1191395383919214,1.200402435247748
LI,2020-10-12,18.4,6.734728589624495,8.362778706226393,9.452144156040987,51,6.051230815531596,2.1739130434782528,2.47,5.38,-4.29,db,1.0,1.1129518597007695,1.3819963179658896,1.5620200987508726
CCL,2020-04-27,12.45,3.250952155762654,7.262857800178635,-39.59243066314215,331,12.737277828097138,3.2128514056224793,1.6,5.14,-3.61,db,1.0,0.2552313139147664,0.5702048662358223,-3.108390285387768
BILI,2020-08-17,42.94,0.23342723953339028,1.371609302702903,1.3060793230452061,409,4.653179382892833,2.026082906380991,2.53,5.12,-2.29,db,1.0,0.05016510654877677,0.294768198222822,0.28068535845554066
MSTR,2021-11-02,75.658,3.5901542399424446,4.991533104621393,12.30718047507593,715,4.499794270132065,1.4539110206455361,3.49,5.08,-2.06,db,10.0,0.7978485291588846,1.1092802926021095,2.735054034973631
ZM,2020-10-09,490.2,1.9599532073573345,6.65999392917056,34.802057859108125,373,5.979820975618994,1.046511627906976,4.48,4.69,-1.25,db,1.0,0.3277611847158104,1.113744701776989,5.819916348834445
HUYA,2020-08-24,25.6,3.6059734679306565,3.5619649784187413,13.21922984594044,414,5.678183269405852,2.304687499999999,2.03,4.69,-2.62,db,1.0,0.6350576050194968,0.6273071525554078,2.3280738255078655
NTLA,2021-03-30,68.0,4.833115917444797,9.924751140572784,3.196982327098108,564,11.387003229255924,8.441176470588237,0.54,4.54,-9.15,db,1.0,0.4244414285426187,0.8715858721347979,0.28075712834473415
COPX,2022-02-08,39.04,2.6773969666545216,0.6990119585775334,4.73339134868298,782,2.5301767171193914,1.6393442622950831,2.77,4.53,-1.02,db,1.0,1.0581857577532137,0.27627001459935935,1.8707750002821744
EDC,2021-05-26,102.5,6.912270683565125,3.817970289241579,2.909167421244896,604,3.305758140649082,0.5658536585365836,7.83,4.43,-0.56,db,1.0,2.0909789492972126,1.1549454396842005,0.8800303281333474
JD,2020-04-06,41.43,2.3215614576326704,4.585558900436748,3.1767387095770205,317,6.971617624942075,2.413709872073377,1.81,4.37,-2.97,db,1.0,0.33300183437010566,0.6577467593792262,0.45566737599201235
AMD,2020-11-25,86.62,3.768838466677238,6.473600302889415,6.632329100375145,480,3.5912490108617767,1.131378434541681,3.28,3.71,-1.27,db,1.0,1.0494506104361851,1.8026041311281762,1.8468029034788689
ALB,2021-10-13,223.5,2.2794355412089295,0.9765587797336606,-1.4280796681798713,701,3.2053231371444406,1.982102908277408,1.86,3.69,-2.51,db,1.0,0.7111406381447188,0.3046678097496459,-0.4455337596483702
OKTA,2020-06-17,193.5,5.02548184867837,3.511361721173367,15.812229758771878,367,5.171904412379382,2.3100775193798437,1.47,3.41,-2.51,db,1.0,0.9716888495946412,0.6789301273180208,3.0573321736039816
ALB,2021-07-09,172.63,2.3307925625699832,3.585562334029957,4.535799436585086,634,2.459897492270157,1.523489544111681,2.07,3.16,-1.81,db,1.0,0.9475161342674377,1.45760640242003,1.8438977440475168
MU,2019-10-24,46.45,3.597475546209705,4.971752317368261,1.3877798818332954,205,2.9404365909172956,1.700753498385374,1.56,2.65,-1.87,db,1.0,1.2234494555406958,1.6908211293266753,0.471963886628266
SE,2019-12-20,38.7,3.3433017866999704,3.592268885692218,15.926573591186122,245,2.897355746780151,1.8087855297157691,1.26,2.27,-1.67,db,1.0,1.1539148378363278,1.2398439127415846,5.496934095471507
DT,2020-01-06,26.96,4.585305020509622,7.226663354719087,16.065816375209675,108,3.621706522207263,2.6335311572700326,0.76,2.0,-3.3,db,1.0,1.2660620048570614,1.995375194099043,4.435979634655295
FSLY,2020-09-21,88.19,7.4138593603438885,2.4803769086097827,3.002838228509952,339,8.414920503932754,5.839664361038658,0.29,1.71,-6.02,db,1.0,0.8810373617764999,0.2947593987905847,0.35684689203024095
NUGT,2020-04-22,61.5,15.51465030754815,31.87520092139724,-34.56681117976464,328,13.654998029230173,2.195121951219523,0.77,1.69,-2.36,db,0.2,1.1361883959512236,2.3343248276685595,-2.531440217403928
DOYU,2020-08-24,151.4,3.6205605014540954,6.189725558649806,18.689244987086127,279,5.8116981935049665,2.377807133421408,0.64,1.52,-2.61,db,0.1,0.6229780661184985,1.065045938821688,3.2157975801243155
BILI,2020-10-05,43.05,2.3245870541675595,-0.34837584388935916,-2.047336068910477,443,4.56331851328257,1.277584204413466,1.16,1.49,-1.51,db,1.0,0.5094071446911548,-0.0763426534604877,-0.44865070517239647
IGV,2021-05-20,69.6,2.2615071013515564,-0.8983222662542145,-0.8221501637080575,600,2.1114569236124403,0.9224137931034424,1.55,1.43,-1.02,db,5.0,1.0710647591533144,-0.42545138203307353,-0.3893757691733823
ALB,2021-04-23,160.0,5.6838064070243055,6.847951894618243,5.385321211378824,581,3.3016010185727236,2.837499999999995,0.46,1.32,-3.33,db,1.0,1.7215303651321883,2.07413065845812,1.6311241670584682
NVAX,2021-04-13,192.67,8.62726035028265,-1.2447558849890905,-13.58113299946785,573,8.786988407559267,4.7282918980640405,0.27,1.27,-5.25,db,1.0,0.981822206896369,-0.14165898795521936,-1.5455958707973572
SOXL,2020-06-02,10.4,6.798842510752001,14.602656145783556,30.84240805875913,356,8.437002854848094,3.012820512820506,0.37,1.12,-3.14,db,15.0,0.8058362226160954,1.7307871523822629,3.6556119026362994
ALB,2021-05-27,165.95,4.174513496547383,3.2608525780673414,6.580023818060199,605,3.682925894747313,1.9523952997890819,0.56,1.1,-2.16,db,1.0,1.1334774621724497,0.8853972822852765,1.7866294370584008
DDOG,2020-07-20,90.0,-0.479358498972593,1.0064165748175924,15.117041982917279,209,5.8993631878534725,1.955555555555561,0.41,0.8,-2.11,db,1.0,-0.08125597351923863,0.17059749379217057,2.562487085731999
TTD,2020-07-31,44.3,2.1139669004716755,0.7432947813075241,13.264963164291466,398,4.871016687558898,1.151241534988718,0.52,0.6,-1.29,db,10.0,0.43398884382206593,0.15259540851214473,2.7232432190535527
YINN,2019-10-25,368.59999999999997,-0.08132450489347631,4.918591460034749,7.517471782509921,206,2.3393804120102604,1.247965274009769,0.43,0.54,-1.68,db,0.05,-0.03476326657945857,2.10251886986099,3.2134456388176984
AGQ,2022-03-02,39.55,7.106104586941542,12.251124627749043,14.8987847439225,797,3.7903009346882808,2.0227560050568827,0.18,0.35,-0.96,db,1.0,1.874812768006759,3.2322300626919986,3.9307656570408427
SEDG,2021-11-11,354.39,0.8629387782413733,6.906913247762203,19.07033869256134,722,4.024400023510629,1.997799034961479,0.15,0.29,-2.45,db,1.0,0.2144266904880397,1.7162591212135652,4.738678705186369
AMC,2021-06-28,562.9999999999999,-1.9556621568308619,7.669799612861339,100.77170420155012,626,24.990307340506295,2.735346358792183,0.08,0.23,-3.5,db,0.1,-0.07825682694429963,0.30691097585780835,4.032431567506626
TAN,2021-02-08,118.23,3.47000380004141,2.7675886985088827,15.833179690310395,529,4.212734378779435,0.7527700245284619,0.25,0.19,-0.79,db,1.0,0.823693945082477,0.656957797398739,3.7584092104325313
AMD,2020-08-20,82.46,0.36514230631732314,5.253082009761978,28.99047725835291,412,4.77687145949318,1.637157409653158,0.06,0.1,-4.05,db,1.0,0.07643963406042001,1.0996908864529762,6.0689255518357115
TNA,2020-07-15,28.86,9.17344492750316,9.037329147206986,13.19955528614809,386,8.41161735643872,9.11295911295911,0.0,-0.03,-2.46,db,1.0,1.0905685005370929,1.0743866208190405,1.569205389025978
JETS,2021-03-11,27.03,2.9518204961951566,6.108189631277172,14.716668265163158,551,3.426286348173095,1.109877913429525,-0.03,-0.04,-1.33,db,1.0,0.8615218333310277,1.7827434751722007,4.295224266065831
TCEHY,2020-04-14,50.9,3.613230747576379,6.6616376388835885,3.0543780595694514,218,3.3332997591880265,0.13752455795677862,-1.0,-0.14,-0.16,yf,1.0,1.0839801423849569,1.9985114211589319,0.9163226472957479
ERX,2020-02-05,127.5,-4.680022727336897,-16.24240454558047,-19.511640841727118,275,4.511258270909082,2.745098039215683,-0.06,-0.16,-2.9,db,0.1,-1.037409619732059,-3.6004155759203296,-4.325099488882788
DDS,2019-10-09,69.53,6.138087253537594,8.544799233383804,10.891372425793634,194,5.488294511837749,2.862073924924486,-0.06,-0.16,-3.32,db,1.0,1.118396113819749,1.5569133935785433,1.9844730275137277
SLV,2020-11-05,23.07,3.078504334256116,2.1564889977855106,-1.2405927939415307,466,1.9310141644653334,0.2600780234070166,-1.0,-0.26,-0.3,db,1.0,1.5942422333854314,1.116764981567397,-0.6424565996309151
COIN,2021-11-15,349.8,2.5057933487207418,7.2632674449515156,25.857669683318598,150,5.163495125748981,0.2658662092624376,-1.0,-0.27,-0.27,db,1.0,0.4852901547684271,1.4066571707856421,5.007784272783227
GUSH,2021-11-08,30.0925,5.211173173777217,7.290245747957846,28.326772947893165,719,6.049121368905548,0.2824624075766415,-1.0,-0.28,-0.28,db,4.0,0.8614760484992651,1.2051743225771732,4.682791304783864
PBW,2021-11-11,93.02,1.647871859786143,7.4748271762594465,13.730006501843839,722,3.042098087895284,2.268329391528703,-0.12,-0.28,-2.68,db,1.0,0.5416892592461556,2.457128915731644,4.513334581970407
DXCM,2020-06-30,100.0,0.141952317602545,3.7443952504424116,6.236282632701284,376,5.163488790020433,0.2900000000000063,-1.0,-0.29,-2.04,db,4.0,0.02749155142486196,0.7251676923709549,1.2077653087490494
AGQ,2021-06-11,54.36,2.707501217503716,3.0130743451993958,10.892154907645523,615,3.150175000389545,0.331125827814569,-1.0,-0.33,-0.33,db,1.0,0.8594764472351255,0.956478400351347,3.457634863554761
SLV,2020-11-13,23.05,1.774990517787467,1.873949790189755,0.11901323230174565,472,1.896159035286794,0.3470715835141078,-1.0,-0.35,-0.35,db,1.0,0.9360979141282839,0.9882872455929416,0.06276542741771916
SOXL,2020-12-28,30.668666666666663,3.4921830382033336,4.219716567581466,25.56027616556642,501,4.709991945581919,0.36519357433209787,-1.0,-0.37,-0.37,db,15.0,0.7414414034145179,0.8959073850518274,5.426819506462755
AVGO,2022-05-17,59.9,3.2968776460596594,3.35596346544047,0.9436460527598278,850,3.4863829142885416,0.385642737896485,-1.0,-0.39,-0.39,db,10.0,0.945644161043752,0.9625917599832301,0.27066621078608505
JETS,2021-03-30,26.89,-0.642920260705182,-0.059465028966887434,8.185747313311499,564,3.543833020867928,1.450353291186317,-0.28,-0.41,-1.49,db,1.0,-0.18141945653740849,-0.016779861979028494,2.309856944474971
Z,2020-07-30,67.09,2.472851315421498,6.362908956251423,10.964092863580731,397,5.154592357104127,0.47697123267254043,-1.0,-0.48,-0.48,db,1.0,0.47973751251413355,1.2344155493657958,2.127053334968356
QCLN,2021-11-22,82.62,2.9609697100846377,4.910955004499673,17.206784147286513,729,2.841802923186166,0.5083514887436477,-1.0,-0.51,-0.51,db,1.0,1.0419335154898302,1.7281124473591645,6.054882978301201
JNUG,2021-01-04,132.87,12.485395611734695,17.283595217657076,14.222492151966204,505,5.776584607914994,0.5193045834274085,-1.0,-0.52,-0.52,db,1.0,2.1613802028671727,2.992009360336442,2.462093627518023
PBW,2021-11-22,92.49,-0.526994562969163,1.8046133809001885,10.909653404588472,729,3.4861819713214173,0.5189750243269432,-1.0,-0.52,-0.52,db,1.0,-0.1511666824349415,0.5176474996846364,3.129398721677523
KRE,2021-05-05,69.6,2.175637494284488,3.0996566424903227,3.242344330289715,589,2.3129494444178147,0.5172413793103441,-1.0,-0.52,-0.52,db,1.0,0.9406333975588087,1.340131601220764,1.40182239526028
TAN,2021-10-19,89.08,7.167776342670673,8.747535479334335,7.3428897298345674,705,2.7170681836710875,0.5276156264032317,-1.0,-0.53,-0.62,db,1.0,2.63805538107113,3.219475879149767,2.7025047711218773
MU,2021-04-01,93.5,7.049220640522891,6.336398342091187,8.607019095783365,566,4.76604955090947,0.53475935828877,-1.0,-0.53,-0.53,db,1.0,1.479048961876139,1.329486459258918,1.8059021426122084
ALB,2022-02-09,233.0,7.757624241270844,5.75958565043555,-0.2635953881626629,783,4.579003840177132,0.5407725321888374,-1.0,-0.54,-0.82,db,1.0,1.6941729057319928,1.2578250317022555,-0.05756609895144053
SE,2020-04-27,55.1,5.511086263853238,14.16021734752373,16.844229737808703,331,5.185372185878364,0.5444646098003707,-1.0,-0.54,-0.54,db,1.0,1.0628140211153811,2.73080057514234,3.2484128687390283
IGV,2020-11-17,64.6,0.5472508006402643,1.0921396981839582,2.4425736062687164,474,2.364716039810455,1.8328173374613048,-0.29,-0.54,-0.99,db,5.0,0.23142347386628692,0.46184813728057567,1.0329247001109285
KRBN,2022-02-02,54.31,6.169605314929094,5.733476180928876,8.361665333487856,380,1.9723067781202641,0.5523844595838782,-1.0,-0.55,-0.75,db,1.0,3.1281164691879866,2.9069900507025834,4.239535870508473
ESTC,2020-09-16,105.3,2.3015428104831814,1.062936095765421,9.016367743491527,430,5.1857317724929946,0.5698005698005646,-1.0,-0.57,-0.57,db,1.0,0.443822185846827,0.2049732115732673,1.738687641215386
TNA,2021-10-14,89.92,5.184352758755062,4.829354830862531,3.90234641604037,702,4.793232055922233,0.5894128113879016,-1.0,-0.59,-0.59,db,1.0,1.0815985327373383,1.0075362040725042,0.8141367600216356
AGQ,2021-05-06,49.7,5.009614199414125,7.366601946332052,8.086713039305039,590,3.0852642520223497,0.6036217303823023,-1.0,-0.6,-0.66,db,1.0,1.6237228937943937,2.3876729332028344,2.6210763094293483
TSLA,2021-02-08,290.77,2.3055124484368195,2.749395694482848,19.97765301549226,529,4.186717725929062,0.6121676926780524,-1.0,-0.61,-0.61,db,3.0,0.5506730091112626,0.6566947844263222,4.771674214329574
EDC,2021-05-25,102.08,6.7916486463443615,3.170513476655934,2.438535342625592,603,3.1955796706305084,0.607366771159879,-1.0,-0.61,-0.61,db,1.0,2.1253260273133248,0.9921559790215999,0.7630964000169813
TTD,2020-08-26,47.684,2.0194640387980467,2.312896485433402,8.033501843158097,416,3.800030087746592,0.6270447110141667,-1.0,-0.63,-0.71,db,10.0,0.5314336971462201,0.608652150647824,2.1140626936251294
PALL,2020-02-18,47.792,6.185567478302123,6.640722944962718,18.4629943977505,283,3.012451426635596,0.6528289253431546,-1.0,-0.65,-0.74,db,5.0,2.053333515558246,2.2044249033350534,6.128893642733543
JD,2020-07-02,61.35,2.5576728882559463,3.0936496736109653,15.821150431508379,378,3.2713894829290173,0.6519967400162975,-1.0,-0.65,-0.65,db,1.0,0.7818307485557943,0.945668404741916,4.836217305847366
SHOP,2020-08-26,105.5,4.219867664448151,2.299260908876666,7.572995775827285,416,4.409847187514511,0.668246445497626,-1.0,-0.67,-0.83,db,10.0,0.9569192502624029,0.5213924227094547,1.717292108730778
YINN,2019-11-01,380.34799999999996,3.108869581441165,5.18764230949591,9.093515946379815,211,2.06142238620725,0.669912816683658,-1.0,-0.67,-0.83,db,0.05,1.5081186671117324,2.516535351612485,4.411282232706664
TSLA,2020-10-12,147.0,3.584105717678998,3.9697111151508535,12.967223672262085,448,5.9740545356914145,0.6848072562358236,-1.0,-0.68,-0.68,db,3.0,0.5999452626798271,0.6644919445301672,2.170590106734154
TLRY,2020-04-24,72.5,7.902962117830437,7.782650465378316,-21.337586124936657,330,16.902918553664776,0.6896551724137907,-1.0,-0.69,-6.34,db,0.1,0.4675501507470123,0.4604323472700479,-1.2623610565945953
SLV,2021-01-28,24.69,4.654120852947696,2.511937539633813,6.0676369581600165,522,2.2791751872593857,0.729040097205345,-1.0,-0.73,-0.73,db,1.0,2.042019796882786,1.1021256960305514,2.6622073599599423
TSLA,2020-08-06,99.86666666666666,1.0759388848566198,-0.5461005538032748,24.337867251831824,402,7.372303219375809,0.7343124165554071,-1.0,-0.73,-0.73,db,15.0,0.14594338469812917,-0.07407461922727475,3.3012569515409105
AGQ,2021-05-03,48.34,3.266326156183874,6.2569374835488745,4.415519293069692,587,2.7171663555365844,0.7447248655358016,-1.0,-0.74,-0.89,db,1.0,1.2021075373351007,2.302743617739687,1.6250456230154955
LMT,2022-04-05,449.78,1.1036922427639873,1.7712326253259691,7.581200351622508,821,2.692731388660541,0.7559251189470357,-1.0,-0.76,-0.76,db,1.0,0.40987832927256906,0.657782886471659,2.815431343634191
AGQ,2021-03-15,47.78,2.446451367590541,-3.5361329326525692,-3.738445745591157,553,4.5829231613703305,0.7743825868564348,-1.0,-0.77,-0.77,db,1.0,0.5338189800369755,-0.7715889636681662,-0.8157338916573351
ZM,2020-08-03,258.7,1.487994583847252,0.3590355218967334,9.598675299497671,325,4.997179848075302,0.7846926942404224,-1.0,-0.78,-1.0,db,1.0,0.29776686632968863,0.07184762862497703,1.9208184598748568
TQQQ,2022-02-09,30.93,6.1883094600274635,-0.015356083869122461,-15.053027549175413,783,8.830424567456074,0.7759456838021288,-1.0,-0.78,-0.78,db,2.0,0.7007941025660368,-0.0017389972307465553,-1.7046776668759867
MU,2021-04-08,95.57,7.378404042907949,7.107034663727552,9.95041466721689,570,4.024373137540796,0.7847650936486347,-1.0,-0.78,-0.78,db,1.0,1.8334294039684216,1.7659979382703315,2.4725377908911708
JD,2020-07-20,63.0,-0.6434516195308437,2.1997276950716627,10.050588639007563,389,3.3674017632414124,0.7936507936507936,-1.0,-0.79,-0.79,db,1.0,-0.1910825214130275,0.6532418314570925,2.9846716684417873
LHX,2022-04-05,255.92,1.3897908768132572,1.4295743090039448,7.940948200579934,821,2.8525700750413017,0.7854016880275051,-1.0,-0.79,-1.23,db,1.0,0.4872065682008302,0.5011530905102292,2.783787248579672
TSLA,2020-09-21,150.76666666666668,12.077789467225575,7.666149320783733,27.186994871078205,433,8.538558774503999,0.8003537475127137,-1.0,-0.8,-0.8,db,3.0,1.414499775218467,0.897827083380246,3.1840262026722987
TSLA,2020-10-13,148.88333333333333,4.393820594604714,5.020975157565832,13.50650444833741,449,5.464380879090093,0.8149557819321587,-1.0,-0.81,-0.81,db,3.0,0.8040838828453618,0.9188552680833451,2.471735544647184
ARKK,2021-04-13,124.38,3.4302111957639436,2.92395756345345,-5.626448110204341,573,3.828673584419614,0.8441871683550388,-1.0,-0.84,-0.88,db,1.0,0.8959267798965231,0.7636998816906693,-1.4695554442406848
ERX,2022-03-30,57.39,5.4905062749712075,6.488784023388328,20.85870994073804,817,5.592516048757999,0.8363826450601219,-1.0,-0.84,-0.84,db,1.0,0.9817595921232186,1.1602620299729625,3.729754149810692
UBER,2020-11-16,48.93,12.788713300828892,24.858055952584877,31.472882394698676,384,4.707778160572471,0.8583690987124498,-1.0,-0.86,-0.92,db,1.0,2.7165072067188847,5.280209709278678,6.685294277093027
ALB,2022-06-06,256.95,3.2508235030969113,7.736074794326209,15.954573338908773,863,6.054026216358145,0.8639813193228251,-1.0,-0.86,-0.86,db,1.0,0.5369688512932265,1.2778396587419991,2.6353657497879803
SNAP,2021-03-11,59.0,-1.5879370914222424,-5.111895276561073,3.255163033872721,551,8.16978519035979,4.220338983050851,-0.2,-0.86,-4.66,db,1.0,-0.19436705548831096,-0.6257074277293146,0.3984392438755623
AGQ,2021-04-21,47.0,5.077242736924381,7.746268753891372,-0.09905064418352927,579,2.611732608157804,0.8723404255319077,-1.0,-0.87,-1.05,db,1.0,1.9440132274894841,2.9659501626222116,-0.0379252622853283
JD,2020-11-04,87.02,6.206139210420081,6.878573354806594,10.465396921808455,465,3.2254041577208272,0.8848540565387222,-1.0,-0.88,-0.93,db,1.0,1.9241431172475252,2.132623701851743,3.2446776931061057
TCEHY,2020-04-06,49.5,1.8183322444099925,5.2676350896108115,0.44969015516496125,213,3.6373463679690166,0.8888888888888844,-1.0,-0.89,-0.95,yf,1.0,0.499906266948477,1.4482082696325944,0.12363138114230637
TSLA,2021-11-19,372.39000000000004,3.184470856922106,2.337043268608041,22.8525785038034,728,5.8006269412558975,0.8951189165480633,-1.0,-0.9,-2.19,db,3.0,0.5489873576032169,0.402894944335456,3.939673889604694
SHOP,2021-03-16,118.617,2.763206205796531,-5.409204857063821,-3.6151335103930204,554,6.327678371267689,0.9037490410312203,-1.0,-0.9,-0.9,db,10.0,0.43668562838837044,-0.8548482618246823,-0.5713206800788713
BLDP,2020-02-10,10.94,6.430586672439009,6.5394167219772426,31.988514551539126,278,8.335405712537655,0.9140767824497225,-1.0,-0.91,-0.91,db,1.0,0.7714785451614523,0.7845349041788109,3.8376673739376326
IWN,2021-05-14,164.0,0.4040645774294971,0.8824131525297485,1.4060814706188474,596,1.9243164209293118,0.9207317073170675,-1.0,-0.92,-0.96,db,1.0,0.20997824112230037,0.45855928002921886,0.7306914056991767
TQQQ,2020-11-04,17.035,5.648324528326509,-0.06599725559988112,0.6639024676592609,465,5.937184446846588,0.9245670678015784,-1.0,-0.92,-0.92,db,8.0,0.9513473227746022,-0.011115918023219606,0.11182109526879846
TSM,2021-03-31,116.8,2.0631085914540437,0.46793304886030285,-6.424353350310019,565,3.7141010987778813,0.9332191780821947,-1.0,-0.93,-0.93,db,1.0,0.5554799227551738,0.12598823683455343,-1.729719568598696
LI,2022-01-12,30.7,2.258344115033073,2.2600472392090065,-0.9415388969721272,367,5.905847514283559,0.944625407166121,-1.0,-0.94,-0.94,db,1.0,0.3823911994969673,0.3826795787976205,-0.15942485726137914
AGQ,2021-06-09,53.52,1.225599758177398,1.8167972153327216,10.290935035654503,613,3.3241781602260856,0.9529147982062875,-1.0,-0.95,-0.95,db,1.0,0.3686925607182384,0.5465402658229235,3.0957832401361394
JNUG,2022-03-23,80.05,2.720389691418257,7.042328713998591,22.96391432703384,812,7.361555218940354,0.974391005621488,-1.0,-0.97,-0.97,db,1.0,0.3695400782186673,0.9566359966817293,3.1194378964855938
MELI,2020-11-18,1315.0,-1.0189412563852418,1.179763872526296,10.73796132363871,475,4.968986654061087,0.9840304182509547,-1.0,-0.98,-0.98,db,1.0,-0.20506017168560406,0.23742544600358115,2.16099620933027
RIVN,2022-02-17,67.28,7.849894686887371,7.830881082174734,-19.756885567623993,68,11.059696855715444,0.980975029726511,-1.0,-0.98,-0.98,db,1.0,0.7097748509110982,0.7080556713566595,-1.786385813767943
TQQQ,2020-11-13,17.975,5.55522992948454,5.903103720029734,8.114447433615801,472,6.573164062046138,2.60778859527121,-0.38,-0.99,-3.09,db,8.0,0.845137878356146,0.8980612174454348,1.2344811961212303
ROKU,2020-02-14,150.11,15.258219135133944,14.921584235047703,10.676756688461552,282,4.471553169684691,0.9926054226900332,-1.0,-0.99,-0.99,db,1.0,3.4122861914241462,3.337002528832703,2.3877065268608706
ERX,2021-12-07,30.87,4.428131444342642,0.8840017247201404,0.8968614444571088,739,5.10515611635539,1.004211208292848,-1.0,-1.0,-1.38,db,1.0,0.8673841393716122,0.17315860760615406,0.17567757459636416
JD,2020-10-29,82.03,0.6836626000847001,2.1175414937427472,4.981468662549204,461,2.843753208785881,0.9996342801414206,-1.0,-1.0,-1.26,db,1.0,0.2404085551349882,0.7446291356087175,1.751723267391408
NIU,2020-12-22,30.36,5.2193806902294915,2.730687664208964,1.5676751337983186,498,7.040110236745001,1.021080368906452,-1.0,-1.02,-1.02,db,1.0,0.7413776936314956,0.3878756968827663,0.22267764013353492
NET,2021-09-16,130.0,1.4951010304635304,4.168336387646554,9.412689981901213,506,3.408478686228361,1.01538461538461,-1.0,-1.02,-1.02,db,1.0,0.4386417425769292,1.222931627675516,2.7615516623097296
BABA,2019-11-05,182.4,4.074541325200043,5.379008865224244,5.198198176094082,213,2.3409866770480727,1.04166666666667,-1.0,-1.04,-1.04,db,1.0,1.7405230730906767,2.297752874017653,2.220515916241302
SHOP,2020-06-02,77.0,0.3300453918285484,2.987851017266019,29.322825149890686,356,5.7921330536865785,1.685714285714288,-0.61,-1.04,-3.38,db,10.0,0.05698166612703778,0.515846405732049,5.062526167493215
NET,2020-11-17,65.0,5.6275081818830675,11.823147097968123,32.495148944129745,298,5.700912543678517,1.046153846153857,-1.0,-1.05,-1.05,db,1.0,0.9871241031618974,2.0739043104736403,5.699990781328884
SNOW,2021-06-07,247.3,3.877884615267524,10.719114892677716,8.9850770562937,181,5.076772421362369,1.0513546300040528,-1.0,-1.05,-2.95,db,1.0,0.7638484244339794,2.11140346720549,1.769840424299052
MELI,2020-11-05,1420.0,11.595479281010078,12.455340263408754,22.905861989965402,466,4.245119303362216,1.056338028169014,-1.0,-1.06,-1.06,db,1.0,2.731484901219675,2.934037743896593,5.395811131108498
KRE,2021-05-21,70.76,1.110270474646291,1.7924458939838184,3.75457960957708,601,2.456605483995178,1.0740531373657511,-1.0,-1.07,-1.07,db,1.0,0.4519531043465139,0.7296433658809405,1.528360835322653
SQM,2021-04-26,54.5,1.6013877501942275,2.042727216500162,0.599907706506686,582,2.93659162976767,1.082568807339456,-1.0,-1.08,-1.27,db,1.0,0.5453219078748522,0.6956116048937228,0.20428707227301743
AGQ,2021-02-19,52.85,2.9853080038761304,4.857990464569983,8.095393996948586,537,5.00196937937867,1.078524124881741,-1.0,-1.08,-1.08,db,1.0,0.5968265252049497,0.971215554536927,1.6184413343918096
TSLA,2022-01-12,363.3333333333333,0.3223207113688842,5.031288681076407,1.676904463468909,764,5.556225064904092,1.085321100917424,-1.0,-1.09,-1.6,db,3.0,0.058010737074857474,0.9055228365129686,0.30180643222339565
DDOG,2020-09-22,89.0,5.153712855400805,5.922747725755162,4.081637292629026,254,5.712311117589399,1.089887640449437,-1.0,-1.09,-1.09,db,1.0,0.9022115128728627,1.0368391363554734,0.7145334363985903
IQ,2020-01-22,24.54,2.707905130189814,7.358472749303302,18.64816410940735,265,2.9141671461955507,1.100244498777504,-1.0,-1.1,-1.1,db,1.0,0.9292209383819963,2.5250688722195633,6.399140191307336
ARKK,2021-04-26,125.0,1.4388077017266188,3.036697563159141,-1.8431498395183432,582,3.309140800839276,1.1119999999999999,-1.0,-1.11,-1.11,db,1.0,0.43479796972123497,0.9176694936610019,-0.5569874328257284
BABA,2019-11-01,179.8,3.3874039748466256,4.404378155614541,3.934841367496711,211,2.291768195654075,1.112347052280311,-1.0,-1.11,-1.11,db,1.0,1.4780744323401582,1.9218253242045378,1.7169456208347895
BYND,2019-11-27,80.7,2.396224178884987,0.9112657560229387,-26.996271886340885,146,4.718031620045951,1.115241635687739,-1.0,-1.12,-1.18,db,1.0,0.5078864178662814,0.1931453261464287,-5.7219353451637005
ROKU,2019-10-04,106.71,2.217538705958355,-15.569849992908214,-16.440560628165514,191,7.575708407076684,1.124543154343537,-1.0,-1.12,-1.12,db,1.0,0.2927170089977182,-2.055233538075987,-2.1701680878857377
QS,2021-02-12,51.0,13.66675477335162,7.797339990681884,-16.3709588625601,124,8.804695089707067,1.1176470588235299,-1.0,-1.12,-1.12,db,1.0,1.5522121588660618,0.8855888717597036,-1.859344213032227
SHOP,2020-08-19,103.667,1.3370594305253114,2.153393038184359,8.691549135741528,411,4.718264803902598,1.129578361484372,-1.0,-1.13,-1.13,db,10.0,0.2833794808251108,0.45639512144448363,1.8421071086456453
TWLO,2020-08-18,252.2,-0.657034077705887,-2.2919925972680777,7.287464603634519,410,4.322332727689796,1.12609040444091,-1.0,-1.13,-1.13,db,1.0,-0.15200913930035626,-0.530267506382625,1.686002689461977
FAS,2020-05-26,30.75,17.424675989816652,13.878343954209548,20.95251564536116,351,6.701663469956555,1.398373983739836,-0.81,-1.14,-1.46,db,1.0,2.600052370270632,2.070880463697697,3.1264649052121065
WEAT,2022-03-21,52.35,-0.22870226056690424,6.896727672106051,24.842010009176875,810,8.64994513034527,1.146131805157603,-1.0,-1.15,-1.72,db,0.2,-0.026439735411104903,0.7973146150848199,2.8719268891114096
NIO,2021-11-04,43.31,7.272005277498583,11.571950520748974,14.658618497363118,717,4.182693306360511,1.154467790348649,-1.0,-1.15,-1.15,db,1.0,1.7385939500848024,2.766626590372241,3.504588413181561
GME,2021-11-04,56.375,20.67858250210659,22.69371163478202,18.58572178084774,717,6.622460459228027,1.161862527716188,-1.0,-1.16,-1.16,db,4.0,3.1224924073789135,3.426779483924227,2.8064677615325855
JD,2019-10-28,31.6299,3.1364939628447885,6.8252902409835725,4.994124793336052,207,2.717179283825876,1.169463071334395,-1.0,-1.17,-1.17,db,1.0,1.1543198424612247,2.5119027962605927,1.837981329779669
MU,2021-04-12,96.21,5.316738507285423,6.873875582891076,9.777637598460664,572,3.804970165038685,1.174514083775071,-1.0,-1.17,-1.17,db,1.0,1.3973141119836792,1.806551769065235,2.569701515218387
TSLA,2021-10-29,362.94666666666666,15.771476480953229,25.649906499854993,37.74499104152813,713,3.2016681901063513,1.179236618786958,-1.0,-1.18,-1.44,db,3.0,4.926018420550114,8.011419352922692,11.789163898422071
AMAT,2021-03-22,119.0,3.7959664813724148,3.045469732617012,8.797413784691033,558,4.995141965423413,1.184873949579829,-1.0,-1.18,-1.18,db,1.0,0.7599316511218817,0.6096863219700029,1.761193945154534
JNUG,2021-05-25,112.2,7.279106281731473,13.589194935446724,21.167614881565267,603,5.9747650687457705,1.194295900178256,-1.0,-1.19,-1.19,db,1.0,1.2183083682752252,2.2744316770766995,3.542836352226448
NEM,2022-03-31,80.0,3.5813237551639787,5.082029469850391,16.034183727006244,818,3.4824798487260686,1.199999999999992,-1.0,-1.2,-1.2,db,1.0,1.0283831955191551,1.4593133889086123,4.604243074908742
UCO,2022-04-21,42.7275,4.3489403415886585,4.8772104613014955,14.020421954253282,832,6.138498388468213,1.205312737698205,-1.0,-1.21,-1.21,db,4.0,0.7084697374456561,0.7945282628832853,2.2840149279165822
SNAP,2021-06-11,63.94,3.598567932518315,8.754443499754693,9.19051488371907,615,4.052758521976387,1.2198936502971551,-1.0,-1.22,-1.22,db,1.0,0.8879305078269061,2.160119694347212,2.2677183537787444
JNUG,2022-03-21,79.11,1.1908557737142278,7.969045989517531,23.32418790368107,810,7.34428798010288,1.226140816584501,-1.0,-1.23,-1.54,db,1.0,0.1621472056842665,1.0850671993128869,3.175826978308977
EWZ,2020-12-29,37.42,1.1351361778376479,2.9096312356838183,14.115287142830791,502,2.352680070973987,1.229289150187068,-1.0,-1.23,-1.31,db,1.0,0.48248641701959605,1.2367305149481114,5.999662817302311
XOP,2021-01-04,60.11,2.295740929852985,0.8751691506173609,14.14042410890115,505,3.908572172042315,1.247712527033771,-1.0,-1.25,-1.25,db,1.0,0.5873605062928671,0.22391019331237416,3.617797877712584
TSLA,2020-05-08,53.266666666666666,4.189079832012643,8.690181064133595,27.32609079053434,340,7.023006696344317,1.251564455569462,-1.0,-1.25,-1.25,db,15.0,0.5964795440381943,1.2373875520661388,3.890939019716211
AMAT,2021-09-16,142.3,4.13922290459432,5.949711759576104,5.140118399113169,682,2.7083916561604715,1.264933239634583,-1.0,-1.26,-2.2,db,1.0,1.5282955458747254,2.196769343179362,1.8978490010562263
TSLA,2021-01-25,288.08666666666664,2.2448060401803804,11.318985018744044,33.69812926642479,519,3.7232667993396933,1.273922199338161,-1.0,-1.27,-1.27,db,3.0,0.6029130226656032,3.040068205896881,9.05068883927443
JD,2020-07-27,62.28,0.44027230393779426,0.11815446226826065,5.973516923737421,394,3.4891188114957825,2.087347463070013,-0.61,-1.27,-2.18,db,1.0,0.12618438285540923,0.03386369701111093,1.7120417063632691
TSLA,2020-11-09,146.66666666666666,5.685903081120336,3.2390072071545095,4.0856460806910855,468,3.7425129328319615,1.2704545454545402,-1.0,-1.27,-1.27,db,3.0,1.5192741302881243,0.8654631968642393,1.0916852270165638
NUE,2022-01-05,120.08,4.913678842644242,5.2087441718454475,6.746317714849304,759,3.880188218256871,1.282478347768148,-1.0,-1.28,-1.57,db,1.0,1.2663506423540594,1.3423947187246021,1.7386573370608314
BA,2020-05-21,138.0,7.8596877647772345,6.225343357694557,1.4446302626604401,349,5.999259323592759,1.2753623188405732,-1.0,-1.28,-1.34,db,1.0,1.310109688685757,1.0376853244554203,0.24080143643387272
F,2021-12-16,20.87,4.511994308805578,4.948205451662058,14.405060477313448,746,4.236466200057366,1.29372304743651,-1.0,-1.29,-1.29,db,1.0,1.0650372493812132,1.1680030520708635,3.4002538429595845
JD,2020-10-27,82.5,1.1835419468485764,3.3666193346854945,6.284574794510234,459,2.820045634524552,1.296969696969689,-1.0,-1.3,-2.28,db,1.0,0.41968893423532017,1.193817324609746,2.228536558973021
TAN,2021-10-27,95.38,6.978620170654448,12.953268414030973,14.096913600191252,711,2.920904791949155,1.310547284546026,-1.0,-1.31,-1.31,db,1.0,2.3891980970723563,4.4346766966639475,4.826214684931313
NUGT,2020-10-21,87.9,0.3264319186824016,2.800404615642038,-4.096466267611221,455,5.208473762006967,1.308304891922646,-1.0,-1.31,-1.31,db,1.0,0.06267323857202622,0.5376631895641855,-0.7865003175196452
SOXL,2021-10-28,46.51,6.155706951392226,12.646377428352839,6.395146805623941,712,5.027803675148766,1.3115459041066428,-1.0,-1.31,-1.31,db,1.0,1.2243331977774743,2.515288632064308,1.2719563488991479
URNM,2022-04-05,42.46,2.2012015807503893,3.3203148955061046,15.339689687885038,587,5.38318299894677,1.318888365520495,-1.0,-1.32,-1.32,db,2.0,0.4089033534957029,0.616793985297496,2.849557537034553
NEM,2022-03-21,75.88,0.8251509709572558,5.369864176477823,14.728419938935655,810,3.886423262694473,1.317870321560359,-1.0,-1.32,-1.58,db,1.0,0.21231629063098373,1.3816982385894,3.789710729737754
JNUG,2022-03-30,78.77,0.18951788467662656,1.1479785606921311,17.545760570480805,817,6.482012586482899,1.3202996064491461,-1.0,-1.32,-1.32,db,1.0,0.029237506429998745,0.17710218012936896,2.7068383987821028
UAL,2020-04-28,26.3,-5.354828487294061,-4.0093427886803035,-37.13698407815188,332,10.921063274344025,1.3307984790874579,-1.0,-1.33,-1.33,db,1.0,-0.49032116679277266,-0.36712018674034513,-3.4004916137968735
SE,2020-11-20,177.7,2.763689378420331,4.455063924325953,8.940876594551671,477,5.5192064518819235,1.328081035453002,-1.0,-1.33,-1.41,db,1.0,0.5007403514463525,0.8071928388920616,1.619956903678252
FCX,2021-03-11,36.22,4.942920738617951,4.818404514888197,15.633879004566985,551,5.581885493965646,1.3252346769740388,-1.0,-1.33,-1.46,db,1.0,0.885528867254899,0.8632216694694261,2.800824026481401
LABU,2021-06-24,1487.8,2.622465647338279,8.516953053880826,9.367143143473289,624,7.292920269219148,1.3442667025137789,-1.0,-1.34,-1.59,db,0.05,0.35959060986951746,1.1678384980880554,1.2844159537858526
OKTA,2020-07-29,210.5,1.553943034576255,0.8479856568990751,6.531035539812802,396,4.647212065503924,1.3491686460807621,-1.0,-1.35,-1.48,db,1.0,0.33438177829480054,0.1824719089523889,1.4053663675674342
TSLA,2021-02-02,284.93333333333334,0.7608927612033245,3.0713401066247537,22.391625342207846,525,4.296977198633884,1.365231633130552,-1.0,-1.37,-1.47,db,3.0,0.177076285497915,0.7147676063073384,5.211017956838752
KRE,2021-04-19,68.3,1.8005130066212072,2.2539287235823213,3.63087409494256,577,2.57132048949537,1.376281112737918,-1.0,-1.38,-1.38,db,1.0,0.7002289345014956,0.8765646805951685,1.4120659442398527
CHPT,2021-11-30,530.8,-0.3379647014645215,1.929908486735088,16.824692280752053,473,6.313652059229375,1.394122079879418,-1.0,-1.39,-1.39,db,0.05,-0.0535291932932035,0.30567229055866707,2.6648114471492788
DXCM,2020-07-29,108.25,2.4582894200231076,2.875648038531975,8.179467436218623,396,4.403255437807618,1.38568129330254,-1.0,-1.39,-1.39,db,4.0,0.5582890783295302,0.653073181682996,1.857595488553165
BIDU,2021-02-02,247.0,-0.3272649478635592,4.113319423036432,27.471896383725536,525,6.0183065233127575,1.4008097165991928,-1.0,-1.4,-1.4,db,1.0,-0.05437824520832436,0.683467916946887,4.564722032237687
NUE,2022-01-12,113.8,-0.996989812050908,-0.6412912635617163,0.6915689750673248,764,4.249195625636765,1.397188049209142,-1.0,-1.4,-1.4,db,1.0,-0.23463024531884283,-0.15092062593978955,0.16275291513877746
MU,2021-12-07,85.69,1.873647742562179,6.73559035372735,15.83486526616742,739,3.191721480734787,1.4120667522464632,-1.0,-1.41,-1.59,db,1.0,0.5870335973459797,2.110331491761839,4.96123028332722
SNAP,2021-04-29,63.39,5.073845587738779,6.123132501482931,6.223251839008914,585,5.345592999005564,1.419782300047324,-1.0,-1.42,-1.42,db,1.0,0.9491642159593261,1.1454543027540651,1.1641836256831786
INMD,2020-02-18,23.815,6.645471588217822,4.367070386773175,11.097633739710044,132,6.9876317196877675,1.427671635523829,-1.0,-1.43,-1.43,db,2.0,0.9510334623809804,0.6249714584225844,1.5881824035520187
JNUG,2020-10-21,141.26,0.8574949345546701,5.3978518096320816,-1.0471104374025542,455,6.158341724809553,1.429987257539276,-1.0,-1.43,-1.64,db,1.0,0.1392412069470192,0.8765106015286949,-0.17003123311331608
FCX,2021-12-07,38.9,3.8357832874818865,1.1295829708971805,4.889071035514081,739,4.471787796001515,1.439588688946003,-1.0,-1.44,-1.8,db,1.0,0.85777399609876,0.25260209616994933,1.0933146335534263
NVDA,2020-12-02,13.525,1.8723031467795526,0.7870140755179778,1.075019727851667,484,3.618640558219995,2.290609981515712,-0.63,-1.44,-2.29,db,40.0,0.5174051184847539,0.2174888781728321,0.297078339380706
PLUG,2019-11-25,3.48,3.3561023900368303,13.706909678855506,21.432059877688392,227,6.8780377635377965,1.436781609195397,-1.0,-1.44,-1.72,db,1.0,0.4879447460769074,1.9928517623906157,3.1160136967123266
ZM,2020-06-10,217.84,10.33728252877113,18.83791587158299,36.346680492304785,288,6.4026609690134215,1.436834373852367,-1.0,-1.44,-1.44,db,1.0,1.6145291120051277,2.942201057146667,5.676808543855384
SEDG,2020-10-16,314.44,8.421978972171562,26.25298414397774,40.03828323170142,452,6.890430686773599,1.447016918967056,-1.0,-1.45,-1.45,db,1.0,1.2222717787928437,3.810064325060432,5.810708365234147
ACB,2020-06-08,145.0,-1.6549110827293712,13.763857301476822,35.95466418300044,360,16.666808112534483,2.551724137931029,-0.57,-1.45,-4.21,db,0.1,-0.09929382228171059,0.8258244295214234,2.1572615428361646
FCX,2021-04-13,34.46,1.9828370004552953,1.4633580033490468,2.3523822230402835,573,4.412968799877907,1.4799767846778822,-1.0,-1.48,-1.48,db,1.0,0.44932042132501687,0.33160397675812553,0.53306114992369
PENN,2020-10-16,70.94,4.388005246294946,2.3259174633105673,15.803392558453023,452,7.119505540963335,1.480124048491679,-1.0,-1.48,-1.48,db,1.0,0.6163356740222732,0.3266964889524967,2.2197317591124
PDD,2021-01-25,184.0,8.206651374765794,9.164152885039666,20.994522828883078,519,6.763179678281592,1.499999999999995,-1.0,-1.5,-1.5,db,1.0,1.2134309252672353,1.3550065680597325,3.104238513180745
TSLA,2020-02-18,56.85333333333333,9.112729556412734,25.621071295789967,62.88405634782768,283,7.319908274746605,1.500938086303935,-1.0,-1.5,-1.5,db,15.0,1.244924009205319,3.500190211970504,8.590825729985607
GUSH,2021-11-04,29.6225,4.086508452155768,6.344882499429372,29.107264735135608,717,5.917184109690632,1.510676006414037,-1.0,-1.51,-1.51,db,4.0,0.6906170868442731,1.0722807304640554,4.919107500384574
FSLY,2020-08-20,82.95,4.880516677380031,-3.6182375222778784,3.696573113912094,318,8.343546237322487,3.1705846895720433,-0.48,-1.51,-6.57,db,1.0,0.5849451226803808,-0.4336570349538808,0.44304579956380213
AMD,2020-05-11,54.07,2.02271792652986,-0.0813097147031705,11.343118409049158,341,4.567525437179077,1.516552616977992,-1.0,-1.52,-2.44,db,1.0,0.4428476544575303,-0.017801699371243727,2.4834275287703087
BILL,2020-06-10,72.15,3.384535300041125,0.183286938345395,24.07310542506691,123,7.594592330297376,1.524601524601536,-1.0,-1.52,-1.52,db,1.0,0.44565068839035354,0.024133874522033517,3.169769275044721
AMD,2020-06-09,53.82,1.533759019874914,-0.030648663630128414,2.6347100649023236,361,4.0627765644987495,1.5235971757710889,-1.0,-1.52,-2.04,db,1.0,0.37751498157126534,-0.007543772871474594,0.6484998677812804
AGQ,2021-02-25,54.72,4.137328231631243,5.605465794816067,10.045248868778266,541,5.293670069231458,1.516812865497073,-1.0,-1.52,-1.52,db,1.0,0.7815614077799725,1.0588997276949441,1.8975963249324013
PTON,2020-06-09,46.7,4.050621700801504,3.648793175268139,25.958852115407804,176,6.841738553875136,3.14775160599573,-0.49,-1.54,-3.4,db,1.0,0.5920456721496975,0.5333137398536627,3.794189431676661
TNA,2021-05-24,89.0,4.297281254966867,-1.2400484679787827,-2.7783550820033476,602,5.564600286219403,1.5505617977528041,-1.0,-1.55,-1.55,db,1.0,0.7722533576416942,-0.22284591959816635,-0.4992910432190208
PTON,2019-12-17,32.25,-0.364557094558815,1.1780580340705615,20.433336208166097,57,8.73433552617154,1.550387596899225,-1.0,-1.55,-1.55,db,1.0,-0.041738389081396876,0.1348766635470588,2.33942652499892
RCL,2021-03-15,93.72,4.067423118455449,8.388170482991853,21.572503341468696,553,6.44361542693128,1.547161758429367,-1.0,-1.55,-1.84,db,1.0,0.6312330654395566,1.3017801229932575,3.347888089550749
SOXL,2021-11-19,68.3,7.960292826975679,21.966463321279562,41.4910629607977,728,5.344109841548832,1.5519765739385099,-1.0,-1.55,-2.08,db,1.0,1.4895451371689292,4.110406404916489,7.763886632384925
SE,2020-04-06,44.7,3.085650377904181,2.83190306904193,-2.6190469312557196,317,7.55888675196054,1.565995525727076,-1.0,-1.57,-1.57,db,1.0,0.40821492359359124,0.3746455214860075,-0.34648580104423715
LRCX,2021-03-22,56.0,4.801205722620616,1.9521101426902776,2.78643037442734,558,5.520594109051066,1.571428571428563,-1.0,-1.57,-1.78,db,10.0,0.8696900420099704,0.3536050838241802,0.5047337875934333
RETL,2021-06-08,46.333999999999996,5.631042466310676,8.29395119980112,8.803672059630397,612,6.531464792224491,1.5841498683472128,-1.0,-1.58,-1.58,db,5.0,0.8621408283505194,1.2698455038255454,1.347886322546039
FAS,2021-09-14,122.51,1.1167328597261328,0.9663129700216322,7.14554384059698,680,3.555737133829003,1.5835442004734408,-1.0,-1.58,-1.58,db,1.0,0.31406507784324783,0.2717616442532286,2.0095815780685355
SNAP,2021-01-07,51.25,1.9677283336261508,0.3485269543088476,11.073062724174388,508,4.650693726807873,1.6195121951219482,-1.0,-1.62,-1.76,db,1.0,0.4231042612596967,0.07494085286671164,2.380948601355153
NIO,2020-07-13,15.45,45.34336821809097,75.38880754761827,155.63387389079622,384,10.736500605337737,1.6181229773462789,-1.0,-1.62,-1.62,db,1.0,4.223291171384851,7.021729921026421,14.495772841797411
QDEL,2020-11-05,276.0,5.994037966626808,5.2368681823098395,26.11389139570108,466,5.49964243062054,1.6159420289854998,-1.0,-1.62,-3.73,db,1.0,1.0898959418258916,0.9522197576250333,4.748288952442783
PINS,2021-01-20,72.21,1.699928346894386,2.877170166308085,6.371383249035234,442,5.058248601954006,1.620274200249256,-1.0,-1.62,-1.62,db,1.0,0.33607054153837007,0.5688075839524044,1.2596026313483215
JD,2020-09-23,76.14,1.037714092532993,-1.8681647266420631,9.107479212596559,435,3.881868807754009,1.6285789335434662,-1.0,-1.63,-1.63,db,1.0,0.2673233290265157,-0.48125395760681444,2.3461584261694846
BTBT,2021-01-28,17.8,4.650479064210744,-8.46917297314067,53.6336957892227,425,24.224296627787094,7.24719101123595,-0.22,-1.63,-8.71,db,1.0,0.19197581402121267,-0.34961481455052407,2.214045535080709
SPCE,2021-02-04,1159.6,32.121045660010154,61.13612375402935,90.49559084394645,526,14.119191020049756,1.63849603311486,-1.0,-1.64,-1.64,db,0.05,2.274991932214609,4.330001886596326,6.409403393964957
NUGT,2020-11-05,87.65,9.494065165055087,4.178428436407278,-1.1164309355014668,466,4.8571695232612715,1.642897889332586,-1.0,-1.64,-1.92,db,1.0,1.9546497439686732,0.8602599551851211,-0.22985216598984515
BYND,2021-06-22,149.58,0.6500071307071531,4.462602303998842,14.584427432501679,539,5.83989211937125,1.6512902794491229,-1.0,-1.65,-1.65,db,1.0,0.1113046469730225,0.7641583462126191,2.4973795978395414
TQQQ,2022-01-31,28.77,-3.0170251742624887,-15.405369251426848,-24.590516998866264,776,8.563990194350788,1.651025373653104,-1.0,-1.65,-2.29,db,2.0,-0.35229199307732284,-1.798854144133532,-2.8713854687838536
TAN,2021-11-11,96.53,-0.5685922501157625,3.3202022408508336,11.139766053886536,722,2.9044682817495304,1.647156324458721,-1.0,-1.65,-2.1,db,1.0,-0.19576466153497338,1.1431359955671068,3.835389122299661
VEEV,2020-02-04,151.9,3.9926603875338307,4.281443036334287,4.2345726531564765,274,2.3454491337713925,1.6458196181698481,-1.0,-1.65,-1.65,db,1.0,1.7023009921830135,1.8254256614168778,1.8054421186049965
FVRR,2020-09-22,128.0,4.0938148862041945,6.8233414305130635,19.729784780314997,322,7.836335725119592,2.312499999999995,-0.72,-1.66,-4.3,db,1.0,0.5224144332001189,0.8707311261104668,2.517730923277141
AAL,2021-03-30,23.47,-0.47493838362887564,2.7965746670201463,18.586860539241144,564,5.902563350926723,1.661695781849172,-1.0,-1.66,-1.92,db,1.0,-0.08046307263340234,0.47378986056643924,3.148947234310148
PLUG,2020-12-07,25.75,1.38593608319868,7.733824082222984,35.85522833845172,487,9.22091285611132,1.6699029126213578,-1.0,-1.67,-1.67,db,1.0,0.15030356590780777,0.8387265125379921,3.888468408492554
SHOP,2021-08-24,153.822,3.4400674616724913,1.7811814445673813,2.959316099892617,666,3.4936636838449164,1.670762309682623,-1.0,-1.67,-1.83,db,10.0,0.9846590207236432,0.509831971750389,0.8470523690007195
ROKU,2020-07-31,154.6,2.2270403693702034,4.925241896434351,20.79880372592995,398,5.812897197840557,1.6817593790426868,-1.0,-1.68,-1.68,db,1.0,0.3831205496284246,0.8472955445116143,3.5780443070034913
ROKU,2020-09-15,164.8,-0.38203051986542835,3.3967841336013826,6.93826819064689,429,5.622066356189253,1.6868932038834958,-1.0,-1.69,-1.84,db,1.0,-0.06795197631291854,0.6041878409816189,1.2341135360326454
BILI,2020-06-12,35.6,4.675094855682804,6.789854120600647,19.350945145662514,364,6.737602240179511,1.68539325842697,-1.0,-1.69,-1.69,db,1.0,0.6938811002826794,1.007755263454042,2.8720818558067545
CRSP,2020-07-20,95.42,5.168023557978563,15.401825888451581,34.772108058093124,389,6.844880957121474,1.6872773003563188,-1.0,-1.69,-1.88,db,1.0,0.7550202246544121,2.2501232650989182,5.080016478871837
MSTR,2021-10-28,74.3,1.106044829763797,5.825307057786455,10.687134241810647,712,4.308067790327665,1.6971736204576058,-1.0,-1.7,-1.7,db,10.0,0.25673802818215935,1.3521855600474177,2.480725643594805
SE,2020-11-12,175.3,3.489600896849887,4.6892167410570895,9.884186349562762,471,5.188302881271295,1.722760981175134,-1.0,-1.72,-1.99,db,1.0,0.672590050485801,0.9038055118147007,1.9050904651774743
SEDG,2020-04-23,100.9,7.276515526336125,13.945635082514896,-1.2289125553199054,329,7.11359465775476,1.7244796828543199,-1.0,-1.72,-1.72,db,1.0,1.0229027483880824,1.9604202591600166,-0.17275549345227703
CCJ,2022-01-12,24.4,6.401535999546448,8.884823451408597,1.8058015339472044,764,4.733114360689905,1.7213114754098289,-1.0,-1.72,-1.72,db,1.0,1.3524997521110713,1.877162218010201,0.3815250163708253
TQQQ,2020-11-24,18.45,2.5206471275679876,6.76233849047243,9.277641922600077,479,5.696517237339384,1.7411924119241151,-1.0,-1.74,-1.74,db,8.0,0.442489160051288,1.1871005052256893,1.6286516016816783
GUSH,2021-10-25,29.8725,8.652954545717861,14.489115822667875,44.19943917389191,709,6.472619109216544,1.7407314419616688,-1.0,-1.74,-1.74,db,4.0,1.336855204934997,2.2385244022835233,6.8286791526099675
TSLA,2020-12-03,197.95666666666668,9.294052734120584,23.191397531180403,33.099738510904416,485,4.999531770018012,1.7613282368195122,-1.0,-1.76,-1.76,db,3.0,1.8589846332923892,4.638713903221551,6.620567691839103
PLUG,2020-04-27,4.53,4.739885547835132,14.495135457985263,11.067523393059208,331,6.978330038010269,1.766004415011039,-1.0,-1.77,-2.21,db,1.0,0.6792292026913956,2.077163931632884,1.585984516750499
COIN,2022-06-08,71.15,1.4689108808593199,5.510573575860578,-38.72633452089333,291,14.641934118335445,1.7709065354884121,-1.0,-1.77,-1.77,db,1.0,0.10032218892583787,0.3763555778440453,-2.644892007292811
DVN,2021-12-07,44.07,3.7160810897032714,3.272522150727619,7.954906668975448,739,4.674463749999297,1.769911504424781,-1.0,-1.77,-2.16,db,1.0,0.7949748438425328,0.7000850419961245,1.7017795183408246
UAL,2021-03-11,54.91,3.6957304148616643,9.738793945527945,19.998776063635493,551,5.555325700870548,1.784738663267159,-1.0,-1.78,-1.78,db,1.0,0.6652589989966788,1.7530554408361378,3.599928634337602
SE,2020-10-29,168.49,1.8023402359884422,1.8839062234383253,7.767663870343711,461,4.366007506032156,1.7805210991750249,-1.0,-1.78,-2.99,db,1.0,0.41281198749619546,0.43149404137200537,1.7791228850641605
PLUG,2021-01-26,68.0,6.01477937966477,34.39797636778603,87.43212537852747,520,9.961437276718204,1.7794117647058731,-1.0,-1.78,-1.78,db,1.0,0.6038063798004799,3.453113783909549,8.77705926863317
XPEV,2020-10-14,20.62,5.091483083268078,7.575125037409625,,33,5.1626433105706395,1.794374393792439,-1.0,-1.79,-2.13,db,1.0,0.9862163192338198,1.467295836979357,
AMC,2021-11-15,414.2,3.255721351703378,6.214660871870525,2.512572794602974,724,6.5747598708936055,1.7865765330758132,-1.0,-1.79,-2.92,db,0.1,0.49518483041736977,0.9452300911220751,0.38215430585170235
UAL,2020-09-15,37.5,2.1575683846684734,4.698885981550971,8.892605568328783,429,5.513776855324489,1.786666666666671,-1.0,-1.79,-1.79,db,1.0,0.39130498772088945,0.8522082240258595,1.6127975073458878
KWEB,2020-03-05,50.94,1.9411653213923241,-0.07846161863614975,-0.015309913435135325,295,2.2954420434050737,1.8060463290145161,-1.0,-1.81,-1.83,db,1.0,0.8456607854549822,-0.03418148537514773,-0.006669701584982951
TNA,2021-04-15,92.9,1.5256154184205561,2.2193358856542833,-0.8235177431659579,575,7.015244795483536,1.808396124865454,-1.0,-1.81,-1.81,db,1.0,0.21747144438961818,0.3163590081821674,-0.11738973723285387
BILI,2019-11-27,17.15,3.731931323819482,3.967748828056794,11.85463395089652,229,3.4929698285201294,1.807580174927106,-1.0,-1.81,-1.98,db,1.0,1.0684121269380085,1.1359241627740642,3.3938552386291256
UBER,2020-11-20,50.62,6.1750150562363215,20.838852929768613,31.908106647957467,388,4.396749352190323,1.81746345318055,-1.0,-1.82,-1.82,db,1.0,1.4044500974703327,4.739604480611875,7.257203923180621
TWLO,2020-06-10,200.83,2.277471889148397,3.522486018715165,40.302415206664264,362,5.463154254423928,1.832395558432508,-1.0,-1.83,-3.4,db,1.0,0.4168785619231154,0.6447714735242451,7.377132940009584
SE,2020-11-04,174.04,6.015934338242368,4.783723019975872,10.613535668566598,465,4.449670918365726,1.8329119742587898,-1.0,-1.83,-1.98,db,1.0,1.3519953382197305,1.0750734397528967,2.3852405859408443
ETSY,2020-06-10,81.7,3.680202041856395,3.9268312988871568,21.762742907696307,362,6.303695177427962,1.8359853121175032,-1.0,-1.84,-1.84,db,1.0,0.5838166247369203,0.6229411778901062,3.4523786914100048
TNA,2021-04-14,92.3,1.552442305668511,0.9703205471975007,-1.221937645193305,574,7.070267460240514,1.84182015167931,-1.0,-1.84,-2.05,db,1.0,0.21957334915526672,0.1372395814803437,-0.17282764083039903
MU,2021-03-16,91.24,3.782062039061751,2.8705433838266403,8.863211808280646,554,4.893904295284031,1.8465585269618539,-1.0,-1.85,-1.85,db,1.0,0.7728107888636692,0.5865548671625669,1.8110717483424439
SHOP,2020-10-27,107.9,2.2452255790853304,2.1752727701343844,6.653434765128541,459,3.8253235736822058,1.852641334569046,-1.0,-1.85,-1.85,db,10.0,0.5869374278642018,0.5686506587573442,1.7393129331341852
BRZU,2021-05-24,113.2,-0.23355166004840333,3.1430379723384805,13.666487535413774,602,3.793929469030849,3.4717314487632573,-0.53,-1.86,-2.33,db,1.0,-0.06155930466152382,0.8284386934429128,3.6021986299352178
XPEV,2021-06-28,43.27,2.6303928686686406,9.186337913456732,29.912631097505617,209,5.635485078323175,1.871966720591639,-1.0,-1.87,-2.1,db,1.0,0.4667553603835125,1.630088233006218,5.307907071312138
FAS,2022-01-04,141.75,9.884574880268126,9.99883716339125,4.742102099540446,758,3.7990389787241523,1.8694885361552072,-1.0,-1.87,-2.19,db,1.0,2.6018619276151007,2.6319385558789934,1.248237284770636
BNTX,2020-05-20,52.8,4.959744915392661,6.974623338594799,8.279706120815877,153,8.904528717472907,1.874999999999991,-1.0,-1.87,-1.87,db,1.0,0.5569912875524119,0.7832669824410636,0.9298309190209054
SOXL,2021-12-07,68.24,6.054955474033119,6.311050281024966,30.743999057873506,739,7.870432778829829,1.8757327080890989,-1.0,-1.88,-2.23,db,1.0,0.7693294186210388,0.8018682654911499,3.906265375973963
MDB,2020-05-05,165.8,4.883934091167053,9.439485100846845,17.6420499866478,337,5.297468246873401,1.8757539203860152,-1.0,-1.88,-1.88,db,1.0,0.921937397935246,1.7818861125629377,3.3302795155138964
NVDA,2021-01-11,13.64725,4.343755221679801,3.812354933386919,3.004137782146854,510,2.5390973541107273,1.910641337998489,-1.0,-1.91,-1.91,db,40.0,1.7107478036032702,1.5014607168231746,1.1831518698104424
CWEB,2021-10-18,220.0,7.6426263193564825,10.516665749649711,4.8417839115976635,704,5.870839320271428,1.909090909090917,-1.0,-1.91,-2.23,db,0.1,1.3017944969073245,1.7913393938983653,0.8247174973567173
XNET,2019-11-06,6.25,27.058345044311103,72.86682410601826,109.85830422440368,214,14.032599804143569,1.920000000000002,-1.0,-1.92,-5.6,db,1.0,1.928248893431798,5.1926816928465405,7.828791938608878
FCX,2021-05-27,43.11,3.0230601706245697,3.8344803993813015,14.583554372451534,605,4.798804284048588,1.9253073532822969,-1.0,-1.93,-1.93,db,1.0,0.6299611302493289,0.7990491323280808,3.0389975313075044
SE,2020-12-03,187.9,5.357002283565149,6.289702767022631,11.628890892364252,485,5.420406399125321,1.942522618414053,-1.0,-1.94,-1.94,db,1.0,0.9883027007771219,1.1603747586228197,2.1453909607664805
PINS,2020-12-09,71.4,4.286863992057444,8.88628170685022,27.381717913359928,415,5.17677787707461,1.946778711484595,-1.0,-1.95,-1.95,db,1.0,0.8280950223964303,1.7165661571463533,5.289336062615323
DKNG,2020-06-22,43.6,10.212335054964573,12.487099438951144,54.097908364378156,183,9.750681447139359,1.949541284403673,-1.0,-1.95,-1.95,db,1.0,1.0473457788902183,1.2806386411705197,5.548115653008983
MRNA,2020-06-24,65.27,2.7097640061529926,6.759354914548221,13.543453997944365,372,6.845384077195598,1.945763750574531,-1.0,-1.95,-1.95,db,1.0,0.39585273457192527,0.9874325294713602,1.9784797821735691
GUSH,2021-04-01,18.2625,3.7347337761148403,-5.616497377493612,9.139967748823064,566,7.904396503671096,1.9575633127994418,-1.0,-1.96,-2.23,db,4.0,0.47248816204757577,-0.7105535982266453,1.1563144314152412
MOMO,2019-10-29,34.9971,2.5646206986666975,4.425314389689894,2.7344303445757667,208,3.1580594598673906,1.9633055310297158,-1.0,-1.96,-3.71,db,1.0,0.8120875275649142,1.4012764629440246,0.8658577773233528
BILI,2020-11-04,46.59,3.4758485051817223,2.509380072509515,3.4335780039232766,465,4.100710612636696,1.974672676540034,-1.0,-1.97,-2.17,db,1.0,0.847621018286585,0.6119378589595281,0.8373129265309304
PDD,2020-09-01,91.2,1.86871038007137,1.6410806278653878,4.291265312303283,420,5.066476588415475,1.9736842105263128,-1.0,-1.97,-2.1,db,1.0,0.36883825425033756,0.3239096439560635,0.8469920342897238
OIH,2020-03-24,80.8,-1.1983373704068767,-35.2771550349706,-57.160732147297935,308,9.304159324760656,1.980198019801982,-1.0,-1.98,-2.23,db,0.05,-0.1287958781206386,-3.791546748462208,-6.1435676402465695
DKNG,2020-08-18,36.21,7.9670805439113535,4.775820461105651,2.6482738461452326,223,7.514542985323932,1.988400994200494,-1.0,-1.99,-3.7,db,1.0,1.060221567628429,0.6355437011183426,0.35241981466036854
TAL,2021-10-20,4.97,4.105572346624942,5.992748749859622,0.3553827151491662,706,8.04359829107257,2.012072434607639,-1.0,-2.01,-2.01,db,1.0,0.510414891203808,0.7450333212824484,0.04418205662304126
BILI,2020-06-08,35.25,6.463302788469361,9.112857184547863,21.995957269022036,360,6.666967759606441,2.014184397163123,-1.0,-2.01,-2.01,db,1.0,0.9694516340140359,1.3668668445887018,3.2992445834657045
BYND,2021-06-07,150.6,13.079192537483909,26.06967741895927,19.08386179282995,528,6.424580449023123,2.018592297476754,-1.0,-2.02,-3.35,db,1.0,2.0358049278490458,4.057802315001479,2.970444832040621
MRNA,2020-06-30,64.2,0.8102523998168465,3.4191145398517975,8.26051381079127,376,6.327680600166934,2.024922118380069,-1.0,-2.02,-3.74,db,1.0,0.12804887778240115,0.540342466046974,1.3054568226110126
SE,2020-10-27,166.56,0.36334668915254387,1.525380482091987,7.291797339047146,459,4.248508261578089,2.029298751200766,-1.0,-2.03,-2.17,db,1.0,0.08552335708947884,0.3590390763475628,1.7163194444015606
BILI,2020-03-05,27.65,2.6507288718756294,3.405075818580028,17.079656918373097,295,6.132592121297833,2.0253164556961982,-1.0,-2.03,-2.1,db,1.0,0.43223629086140153,0.5552425061426417,2.7850632457777986
XPEV,2021-11-04,48.74,5.898967074475836,12.998018021845613,21.6328857814325,300,4.912414399861782,2.051702913418137,-1.0,-2.05,-2.05,db,1.0,1.2008284713606028,2.6459530820957067,4.403717606161478
NIO,2020-09-22,19.1,3.087220022878312,2.51180754831839,24.556552544266253,434,9.350462514655446,2.094240837696346,-1.0,-2.09,-3.82,db,1.0,0.330167627327478,0.2686292303061489,2.6262393443936647
BILI,2020-07-21,44.52,-0.627218616287939,-1.0611701488797531,15.56792299044918,390,6.009527920491655,2.088948787061994,-1.0,-2.09,-2.29,db,1.0,-0.10437069676458456,-0.1765812827429107,2.590540088409395
ALB,2021-04-01,151.09,1.6407562400046816,0.7498386991177108,-3.688632098801359,566,3.9818019198566166,2.111324376199615,-1.0,-2.11,-2.35,db,1.0,0.41206375229829734,0.18831642412405897,-0.9263725752922901
NIO,2020-12-30,47.16,2.432666906386083,4.107109157120559,12.148465839576673,503,8.412426238292056,2.1204410517387617,-1.0,-2.12,-2.12,db,1.0,0.28917542186735157,0.48821933658397343,1.4441096415536752
CHWY,2021-02-16,112.6,4.581718998021356,6.165820497356567,15.166131654138116,421,6.2046803315833845,2.122557726465365,-1.0,-2.12,-2.12,db,1.0,0.7384295005012994,0.9937370126823437,2.4443050799794936
TAL,2021-10-12,5.17,11.711321879041314,12.366876206938993,1.5278264389462004,700,8.008002831529359,2.127659574468091,-1.0,-2.13,-2.13,db,1.0,1.4624522649931058,1.544314664606229,0.190787449890851
NUGT,2020-05-07,70.4,2.9540808296086185,13.718047296595692,-2.031728360701357,339,9.503204057524464,2.130681818181818,-1.0,-2.13,-2.13,db,1.0,0.31085103631649696,1.4435181243671174,-0.21379403708506833
PLUG,2021-02-03,65.49,0.3017174153600255,8.770211149651285,58.41339965820988,526,10.289601829624802,2.137730951290261,-1.0,-2.14,-2.14,db,1.0,0.029322554978886608,0.8523372716328985,5.676934892663369
BILI,2020-11-19,51.1,8.349942119519937,10.502017083006955,13.578776636921974,476,5.476811789230372,2.152641878669279,-1.0,-2.15,-2.15,db,1.0,1.5245990625311066,1.9175420823586031,2.4793213934470675
XOP,2022-02-01,109.85,4.329904377328053,4.121248464622496,8.756776997108817,777,4.653405828888327,2.166590805644056,-1.0,-2.17,-4.43,db,1.0,0.9304807138135303,0.8856413165251567,1.8817995505027256
SQM,2021-05-05,54.4,1.7012522804565444,1.5408451939958878,1.0119763176454466,589,2.8410759709084834,2.169117647058823,-1.0,-2.17,-2.26,db,1.0,0.5988056278243554,0.5423456499486622,0.3561947403053251
LABU,2020-02-19,1231.3999999999999,5.484073906777276,12.78828954631046,8.532788013900161,284,5.606714262396442,2.188241026473927,-1.0,-2.19,-2.19,db,0.05,0.9781261626900268,2.280888404119322,1.5218874396950357
MDB,2020-09-21,216.0,2.3139043001625836,-1.4391713562855513,1.0273921838357403,433,5.482383054786829,2.194444444444449,-1.0,-2.19,-2.19,db,1.0,0.4220617707736139,-0.2625083548346679,0.18739883250928518
SOXL,2021-05-07,36.95,-2.727321724941678,-6.885907064928909,-2.1470618246500983,591,6.346919099307477,2.192151556156975,-1.0,-2.19,-2.19,db,1.0,-0.429707970476457,-1.0849211967551693,-0.33828410147600085
DDS,2019-10-25,72.08,3.505221000957426,5.041496941461432,13.666468601215588,206,4.736616597666373,2.192008879023305,-1.0,-2.19,-3.83,db,1.0,0.7400263307535534,1.064366692449895,2.885280731387201
HMY,2019-10-08,3.2,5.2977957900221195,3.375868848661523,1.8329941187165355,193,5.24285373637697,2.187500000000009,-1.0,-2.19,-2.19,db,1.0,1.0104794175858731,0.6438991088457082,0.3496176339993056
JD,2020-04-14,44.78,8.839899780727457,11.849335960306373,10.642210164783927,322,6.176830225439737,2.188476998660125,-1.0,-2.19,-2.19,db,1.0,1.4311385383913693,1.9183522175344885,1.7229241822048451
NIO,2020-02-20,4.1,2.8600103058315174,-1.3830428070336298,14.85237236897754,285,9.561446589370707,2.195121951219509,-1.0,-2.2,-2.2,db,1.0,0.299118996178982,-0.14464786202656138,1.5533603864386654
GUSH,2022-02-01,27.5,5.305481444389049,4.423274741553951,12.995511067362786,777,9.490616844631154,2.200000000000002,-1.0,-2.2,-5.82,db,4.0,0.5590238791897243,0.46606820335984794,1.369300992771018
RIOT,2021-01-14,26.22,25.779527751415166,57.00598892055435,148.91302337709945,513,16.415932147207318,2.212051868802434,-1.0,-2.21,-2.52,db,1.0,1.570396826707205,3.4726013977983103,9.071249932184482
ERX,2022-04-05,58.23,3.4225531965405676,6.52933561070641,19.144565807642234,821,5.237014668661794,2.215352910870684,-1.0,-2.22,-2.22,db,1.0,0.6535313366642006,1.2467667218459102,3.6556257751583145
SENS,2021-03-19,62.99999999999999,6.347062521484226,-4.8769444213989654,8.29282384098946,557,17.377220893181224,2.222222222222217,-1.0,-2.22,-7.62,db,0.05,0.365251875458106,-0.280651575495174,0.47722382606320796
BILI,2020-09-15,45.98,-0.9265249445403745,-0.3251686628732986,3.579554093746773,429,5.55989548327137,2.218355806872545,-1.0,-2.22,-2.35,db,1.0,-0.16664430965080287,-0.05848467185249562,0.6438167955705185
SPXL,2020-07-20,47.8,5.073418163080556,9.711031978915297,15.695918089636173,389,4.993438685980528,2.217573221757312,-1.0,-2.22,-2.26,db,1.0,1.0160169138202453,1.944758429933221,3.1433084647066356
TDOC,2020-07-30,224.0,2.2527556039751095,2.6324773087957665,14.878039869404969,397,5.04427597368635,2.2321428571428568,-1.0,-2.23,-2.23,db,1.0,0.446596422504774,0.521874164404997,2.9494896684909406
SE,2021-06-08,265.0,4.196974510090112,10.577694858316168,9.344453061665469,612,5.091346503236033,2.230188679245293,-1.0,-2.23,-2.23,db,1.0,0.8243348802566349,2.077582983517826,1.8353598710530081
TNA,2020-09-02,36.2,4.0110340809839995,3.469959231826869,17.549260377127098,421,4.113125001238137,2.237569060773487,-1.0,-2.24,-3.63,db,1.0,0.975179232281196,0.8436308720941713,4.266648927967033
DOCU,2020-12-04,250.24,12.772536121365953,15.19640558789781,14.02985518715536,486,4.838741423928459,2.249840153452683,-1.0,-2.25,-2.25,db,1.0,2.6396401465479085,3.140569883058601,2.8994843819872593
JD,2020-08-17,65.0,2.8871713747718797,3.672394221833275,5.41406612956381,409,3.154812399174382,2.26153846153846,-1.0,-2.26,-2.26,db,1.0,0.9151642029578226,1.1640610461637417,1.7161293428987021
AMC,2021-11-03,422.8,14.017583217659336,11.321748735817572,3.482372875597206,716,5.796725052916231,2.2705771050141927,-1.0,-2.27,-2.27,db,0.1,2.418190114193416,1.9531284703803224,0.6007483266513193
ACAD,2019-10-21,41.0,2.9840242066360156,5.407941547224104,17.100032029127753,202,4.528889161928879,2.268292682926829,-1.0,-2.27,-2.39,db,1.0,0.6588865613494289,1.1940988957479437,3.775767394105259
ZM,2020-04-23,157.4,11.274496206162588,13.798214723326584,29.18857454549,255,8.38993535710183,2.2808132147395193,-1.0,-2.28,-2.48,db,1.0,1.3438120469687604,1.6446151413606311,3.478998741126502
CCL,2020-04-23,12.25,1.315026236178718,1.4786887456601505,-43.983611147455946,329,14.969706136022115,2.2857142857142807,-1.0,-2.29,-2.29,db,1.0,0.08784582838365314,0.09877874236301348,-2.9381746540512697
GME,2021-09-13,50.35,-1.709109925693253,6.326815275282338,11.73841455124851,679,8.856848468716953,2.293942403177758,-1.0,-2.29,-4.92,db,4.0,-0.19297043770478362,0.7143415965203785,1.3253489198454127
SPOT,2020-08-19,263.7,4.049116348751025,1.6935426694856481,5.575271114343483,411,4.323168643104445,2.286689419795212,-1.0,-2.29,-2.29,db,1.0,0.9366084654618922,0.3917364343828891,1.2896260994204263
CCL,2021-03-12,28.09,3.557603686635935,10.020955098959284,25.0935201531576,552,7.6970386455249535,2.313990744037019,-1.0,-2.31,-2.85,db,1.0,0.4622042126167991,1.30192344880397,3.260152548116272
CCL,2020-12-28,21.58,2.1393417487779676,-0.15268549578865143,19.823652105538535,501,6.407568562520896,2.31696014828545,-1.0,-2.32,-2.59,db,1.0,0.3338773089829097,-0.023828928914118582,3.0937869664775652
W,2020-10-19,305.29,1.6308743030971629,2.0366215425879908,2.013402423744748,453,5.3163179234921545,2.348586589799867,-1.0,-2.35,-2.35,db,1.0,0.30676764004096335,0.3830887414743221,0.3787212226055501
BNTX,2020-07-28,89.34,3.142534756561566,15.85369886323138,44.55234779302548,200,10.528814187512111,2.361764047459144,-1.0,-2.36,-2.36,db,1.0,0.2984699606807408,1.5057440069590118,4.231468710490455
CCL,2021-04-26,28.41,4.456210191250309,3.8206437226544043,6.477074552639395,582,4.370555377338841,2.3583245336149297,-1.0,-2.36,-2.36,db,1.0,1.01959815321311,0.8741780832853173,1.4819797470643603
MDB,2020-07-08,232.0,3.9706024115137017,8.486751173158869,14.622863729648582,381,4.513092511576286,2.366379310344831,-1.0,-2.37,-2.53,db,1.0,0.8797963705217493,1.8804735669366337,3.240098378692721
RIOT,2021-11-29,36.9,-0.2082376766125993,4.455641951278544,20.444174170764406,733,10.483136405649377,2.38482384823847,-1.0,-2.38,-8.76,db,1.0,-0.019864062486144862,0.42502947389651363,1.9501963324398803
RIOT,2021-06-28,34.4,2.8677360823154086,9.346937702505919,6.1112679858498,626,8.318698020310617,2.383720930232559,-1.0,-2.38,-2.38,db,1.0,0.34473376426378904,1.1236058430880398,0.7346423648182396
PANW,2021-05-21,61.041666666666664,8.455534490842087,6.200515243658189,7.160767840428606,601,2.3928833175635247,2.378156996587025,-1.0,-2.38,-2.38,db,6.0,3.5336175520048587,2.5912317571638477,2.9925269602029
RBLX,2021-12-07,119.02,-0.3850025644484112,3.854174266319932,28.598810623498515,189,10.526433558447481,2.377751638380103,-1.0,-2.38,-2.38,db,1.0,-0.03657483442143099,0.36614245887933716,2.7168566128979097
ALB,2021-05-14,163.0,1.1630643174158406,1.3451545161045075,5.750627955136722,596,4.123326785295619,2.392638036809819,-1.0,-2.39,-2.54,db,1.0,0.28206940123288227,0.3262303926289625,1.3946573372851008
SE,2021-03-16,238.61,3.0459026579308546,-2.2448734655341362,1.1238430899772611,554,7.3112558564425205,2.40140815556767,-1.0,-2.4,-2.4,db,1.0,0.41660457761806696,-0.30704348331018977,0.1537140967357824
NCLH,2020-07-15,16.67,5.014489253092536,-0.5577589878307587,3.3247386392920353,386,9.087632208170696,2.399520095980816,-1.0,-2.4,-2.58,db,1.0,0.5517927154428637,-0.061375611936547926,0.3658531246789192
SHOP,2020-02-12,54.0,12.953460642472937,15.380423696237422,28.169951278567474,280,3.3117952704061535,2.407407407407407,-1.0,-2.41,-2.41,db,10.0,3.9113108102495553,4.644134809200084,8.505945862744333
ESTC,2020-09-21,105.0,2.6724172717760286,0.11298478519496946,8.182512920795304,433,4.915834183909968,2.409523809523811,-1.0,-2.41,-3.87,db,1.0,0.5436345433544373,0.022983847902107907,1.6645217504645522
JNUG,2019-11-04,704.0,13.19419835297131,13.7235583975867,1.561801364709936,212,7.443348002125777,2.414772727272731,-1.0,-2.41,-2.41,db,0.1,1.772616079377603,1.8437346196452633,0.20982511690490552
BILI,2020-10-29,46.11,3.175136849310123,1.742038997787887,2.3093380287315,461,4.0207130064727625,2.407286922576446,-1.0,-2.41,-2.73,db,1.0,0.7896949730554295,0.43326618810729783,0.5743603249010317
NCLH,2021-03-12,31.0,1.869802720258562,8.478845365090315,18.883264026075363,552,7.183076700369445,2.419354838709677,-1.0,-2.42,-2.42,db,1.0,0.2603066622081862,1.1803918736736063,2.628854572178541
RIOT,2021-04-12,53.09,3.7988548091845598,-1.7106667994684743,10.287091558909388,572,12.529772151166515,2.429836127330959,-1.0,-2.43,-2.43,db,1.0,0.3031862641517299,-0.1365281649841663,0.8210118615725718
RBLX,2021-04-26,73.7,-0.7460878752251321,2.984740470070557,,32,6.446459108968655,2.4423337856173637,-1.0,-2.44,-3.24,db,1.0,-0.11573607504732872,0.46300463861130026,
DKNG,2021-01-26,54.33,2.106786416620765,6.530977934572779,8.47494161057587,333,5.6516751064557464,2.4480029449659457,-1.0,-2.45,-2.72,db,1.0,0.372772032527886,1.1555826921318655,1.499545081934237
UBER,2021-03-10,57.9,7.3554213448128625,2.162347307066703,4.571904788073589,461,5.0451686972970835,2.452504317789295,-1.0,-2.45,-2.82,db,1.0,1.4579138550418507,0.42859762216180536,0.9061946314149926
UAL,2020-09-16,37.8,2.7508977987761307,5.184072438847731,9.662483046975034,430,5.437629277551164,2.46031746031746,-1.0,-2.46,-3.81,db,1.0,0.5059002109858798,0.9533699658874829,1.7769661287623737
BYND,2021-06-28,153.42,4.093305724567342,4.199706066494779,16.689877927864806,543,5.45858770245701,2.4898970147307997,-1.0,-2.49,-2.74,db,1.0,0.7498836599666375,0.769375944001855,3.0575450716588075
NCLH,2020-12-28,25.54,2.1069047522949136,1.331111477192759,20.6572373025913,501,6.078983247386277,2.5058731401722807,-1.0,-2.51,-2.9,db,1.0,0.34658834652995624,0.21896942679766135,3.3981401925187242
UAL,2020-07-01,37.2,3.742539489212282,-1.973701487690216,21.34022269499829,377,10.264256261011791,2.52688172043012,-1.0,-2.53,-2.53,db,1.0,0.3646186722196435,-0.19228879691821527,2.079081245862688
APT,2020-04-23,14.25,7.328463156024156,8.641787093693853,19.16110565921507,329,15.816363115208937,2.52631578947368,-1.0,-2.53,-2.53,db,1.0,0.4633469213271376,0.5463826943492435,1.2114735555603076
FTNT,2022-04-21,69.58200000000001,4.071194963805347,3.3886373845220197,8.43195506840857,832,3.4337687684314133,2.54376131758214,-1.0,-2.54,-2.54,db,5.0,1.1856345719123997,0.9868566036466078,2.4555978101753158
NUGT,2020-05-05,70.2,5.791401106567484,18.754599157247043,-8.375904416148149,337,9.59392462710634,2.549857549857559,-1.0,-2.55,-4.94,db,1.0,0.60365297119436,1.9548412027605944,-0.8730425494987902
MRNA,2020-06-15,66.0,9.94136536004875,5.168388842325533,24.392174887568153,365,9.052722167320354,2.545454545454556,-1.0,-2.55,-2.55,db,1.0,1.0981630913115097,0.5709209613195717,2.694457472208975
NET,2021-04-22,76.98,4.457562003906901,7.973153708572411,3.46412579956914,404,5.575120662641048,2.57209664848013,-1.0,-2.57,-2.57,db,1.0,0.7995453863047447,1.4301311471159024,0.6213544081264984
CMPS,2020-12-23,57.0,1.8730339458218337,9.64595826129555,34.77280033111039,67,10.622994763676651,2.5789473684210513,-1.0,-2.58,-3.95,db,1.0,0.1763188241630622,0.9080262652748456,3.273351922379694
BCRX,2020-05-04,3.83,9.459845640357534,30.36079020292124,45.47250077545579,336,14.010234141867766,2.610966057441256,-1.0,-2.61,-2.61,db,1.0,0.6752096749110005,2.167043740703231,3.245663157017992
SQM,2021-05-07,54.5,1.5805560901739124,1.5890771331611653,1.4610387362283594,591,2.9459568988835128,2.623853211009174,-1.0,-2.62,-3.58,db,1.0,0.5365170450297242,0.5394094984089581,0.49594708489526035
DOCU,2020-11-19,220.2,3.5942782212022184,2.855741406143175,2.167936372214485,476,5.0141373991584635,2.62488646684832,-1.0,-2.62,-2.75,db,1.0,0.7168288251944305,0.5695379242344779,0.4323647717707807
SHOP,2021-04-08,121.5,10.004925864431314,8.254422045252019,-0.0505916256345329,570,4.978997954401764,2.633744855967078,-1.0,-2.63,-2.63,db,10.0,2.0094255824279452,1.6578480491148953,-0.010161005507103402
DXCM,2020-10-16,102.7125,5.401556898718551,4.329873724133093,0.6295190132243667,452,3.8259551439676285,2.640866496288188,-1.0,-2.64,-2.9,db,4.0,1.411819191669084,1.1317105301038335,0.16453904699246863
PDD,2020-08-19,94.17,5.000837332119512,7.399466757683637,10.425519765339676,411,5.1375727449387805,2.654773282361686,-1.0,-2.65,-2.89,db,1.0,0.9733852113424629,1.4402651067029921,2.029269517518804
BLDP,2020-04-27,10.55,6.307938548626102,17.105115667122163,11.919714349736488,331,5.797025096379473,2.654028436018968,-1.0,-2.65,-2.65,db,1.0,1.0881337313108614,2.9506713155002813,2.056177806989474
QS,2020-12-04,41.23,36.0726098304083,78.75569221391419,130.51806584887382,77,17.62881697686085,2.667960223138478,-1.0,-2.67,-2.67,db,1.0,2.046229754257266,4.467440572857893,7.40367694668273
W,2021-02-11,300.0,5.332640659213639,2.9972191829994888,11.992533448316479,532,7.259732814609275,2.676666666666657,-1.0,-2.68,-2.68,db,1.0,0.7345505399981647,0.4128553019152402,1.651924906131952
URA,2022-04-05,26.9,3.0690831970214827,4.867161624063754,15.66211195020979,821,4.47491464020234,2.676579925650554,-1.0,-2.68,-2.68,db,1.0,0.6858417296832973,1.0876546292833147,3.499980046435389
MU,2020-07-23,53.05,5.193234829409321,6.078784162235862,8.084430036516178,392,3.060858941974862,2.695570216776625,-1.0,-2.7,-2.79,db,1.0,1.6966593129112486,1.9859733092809033,2.6412292071519357
XPEV,2022-01-12,48.0,2.6123385647616404,5.964942925504024,2.2577660050325354,347,6.64364730115008,2.7083333333333277,-1.0,-2.71,-2.71,db,1.0,0.39320849622908477,0.8978416004220204,0.33983833016567483
NUGT,2019-10-24,143.5,2.331884225321623,-2.197988927469674,-14.003883246053327,205,7.2330740438910555,2.717770034843197,-1.0,-2.72,-2.78,db,0.2,0.3223918642573689,-0.3038803300134971,-1.9360901272510538
EDC,2021-05-07,105.74,2.784934695867447,4.018494784278137,4.425285873923768,591,2.3391850778359347,2.733118971061094,-1.0,-2.73,-2.81,db,1.0,1.190557652857418,1.717903735943713,1.8918066449097568
SOXL,2022-01-03,71.46,7.672372796948079,8.552331889440756,16.43404845712595,757,8.213488971240563,2.728799328295534,-1.0,-2.73,-2.73,db,1.0,0.9341185973235983,1.0412544436824165,2.0008608418017704
DKNG,2021-02-26,61.62,3.1228039946623376,3.0676080247522552,12.132389407353417,355,5.678012469934733,2.742616033755271,-1.0,-2.74,-2.74,db,1.0,0.5499818838365872,0.5402608819539131,2.1367317299133854
DOCU,2020-12-15,234.95,3.39470786284517,5.328515251539745,6.001837805950916,493,4.418277901120019,2.745264949989355,-1.0,-2.75,-2.88,db,1.0,0.7683328072198949,1.2060163192064002,1.3584111140744382
EVGO,2021-11-11,16.28,44.05804766859332,67.87831849403973,84.17539601144087,245,9.139258484742495,2.76412776412777,-1.0,-2.76,-4.18,db,1.0,4.82074642512255,7.427114421521064,9.210309146192463
DDOG,2020-06-03,72.35,3.326147400393875,12.256693931676033,47.874571416501574,177,6.98632763937891,2.7643400138217,-1.0,-2.76,-2.76,db,1.0,0.4760938181092194,1.754382926816994,6.852608965353028
COIN,2022-06-06,72.29,4.2829735512671885,3.5903389307508915,-40.18283593995968,289,15.297750140203565,2.7666343892654583,-1.0,-2.77,-2.77,db,1.0,0.2799740819410583,0.23469718735405593,-2.6267154040094014
AGQ,2020-08-26,58.14,0.3902345619913872,1.2980230144385985,36.251148836817215,416,8.539108262501905,2.769177846577226,-1.0,-2.77,-3.75,db,1.0,0.04569968549351205,0.15200919985271225,4.245308493863252
BTBT,2021-10-20,11.73,5.296229261660823,17.7710836043683,6.5821034309689,609,11.462855416399217,2.813299232736573,-1.0,-2.81,-5.37,db,1.0,0.46203402810819955,1.550319092304373,0.5742115024457415
NIU,2021-01-07,31.8,11.40304826586327,10.80332451210202,6.9756179293328335,508,5.642897401961632,2.83018867924529,-1.0,-2.83,-2.83,db,1.0,2.020778946273105,1.914499545631731,1.2361766362982092
LRN,2020-08-05,48.8,3.2083408646233824,11.178192806168475,45.926905333628554,401,8.789903911392825,2.827868852459007,-1.0,-2.83,-3.22,db,1.0,0.3650029507677516,1.27170819144907,5.224961023078021
URA,2022-01-05,25.94,7.541147977178908,7.585750247356682,-1.2637026867694634,759,4.066389147339724,2.85273708558212,-1.0,-2.85,-2.85,db,1.0,1.8545072062550654,1.8654757261290063,-0.31076776987667093
BILI,2020-07-31,42.8,2.6132816234400114,-1.9641529514869527,6.437477642381029,398,5.937055319643821,2.873831775700927,-1.0,-2.87,-3.15,db,1.0,0.44016460732536833,-0.3308294846080005,1.0842879669794334
APPN,2021-02-16,233.05,8.522547573741468,12.498400203904737,33.81942059877456,534,10.719445717362316,2.892083243939073,-1.0,-2.89,-2.89,db,1.0,0.7950548748931555,1.1659558277030166,3.1549598263273215
BE,2020-12-04,25.78,9.599523281232546,27.142258064010893,39.38902362931043,486,9.910328949807585,2.909231962761831,-1.0,-2.91,-3.57,db,1.0,0.9686382086660127,2.738784777122648,3.974542502958511
CCJ,2022-01-05,25.81,15.28497452541988,16.40545751091549,6.689925771862604,759,4.033035224593672,2.944595118171244,-1.0,-2.94,-2.94,db,1.0,3.7899432249466263,4.067769458316184,1.6587818849354616
FCX,2021-09-15,36.4,2.3075407019158556,3.7229118081525403,2.0042150198514186,681,3.052753042119072,2.939560439560441,-1.0,-2.94,-3.46,db,1.0,0.7558884292566534,1.2195260333172175,0.6565270731694007
NCLH,2020-08-24,16.25,5.1779928782812235,10.98968552806272,2.681730777340574,414,6.374761697827092,2.9538461538461567,-1.0,-2.95,-5.17,db,1.0,0.8122645400291905,1.72393668171293,0.4206793766510004
LAKE,2020-07-28,23.93,5.842804997879347,3.7390262546010966,21.938790099375403,395,6.430815437718902,4.039699122440449,-0.73,-2.97,-4.6,db,1.0,0.9085636268783777,0.5814233499332676,3.4115098329050153
FUTU,2021-03-16,162.9,11.185431122599221,2.4099982750867444,34.629211455137195,509,12.822293102682055,2.989564149785147,-1.0,-2.99,-2.99,db,1.0,0.8723424923315433,0.18795376581920764,2.7007034683908264
XP,2021-01-19,42.0,6.566528249835901,5.082753309605548,5.386769451928952,277,3.6019870782987446,2.999999999999995,-1.0,-3.0,-3.0,db,1.0,1.8230293743689219,1.4110970414713937,1.4954993826555254
LIT,2021-09-15,86.7,2.6813216172303367,3.4007763250257117,5.395982811196998,681,1.4120703775533905,3.886966551326418,-0.77,-3.0,-3.77,db,1.0,1.898858342936208,2.408361777915087,3.8213271073261184
SDGR,2020-04-20,43.3,8.692924996177354,7.7101038440681835,13.318747977434132,50,9.803941070704642,3.002309468822165,-1.0,-3.0,-7.35,db,1.0,0.8866765858224976,0.7864290277209951,1.3585095913348721
BNTX,2020-05-05,49.45,3.808044203208927,8.688484663436347,8.690396511044373,142,10.423574194870646,3.033367037411527,-1.0,-3.03,-3.03,db,1.0,0.3653299848993096,0.8335417872030764,0.8337252029463027
ETSY,2021-03-23,226.96,5.21826313463114,6.179620485172976,6.372209329675527,559,8.48028101769934,3.035777229467754,-1.0,-3.04,-3.04,db,1.0,0.6153408270008993,0.7287046823419394,0.7514148783956545
SOXL,2021-09-16,48.7,4.1288035728776595,7.6385822381290325,11.808543664245574,682,4.485450168058062,3.039014373716641,-1.0,-3.04,-3.45,db,1.0,0.9204881156143109,1.7029689221664217,2.632632895653812
NUGT,2021-01-04,76.84,10.021334798307603,12.039427315726092,5.617637827097055,505,4.995546486460811,3.071317022384174,-1.0,-3.07,-3.25,db,1.0,2.0060537571751045,2.4100320852495263,1.124529186610968
LI,2021-12-30,31.0,3.8282480881731695,0.798257453180562,-1.368119391504452,358,6.723226483265049,3.0967741935483897,-1.0,-3.1,-6.42,db,1.0,0.5694063851191326,0.11873130485303812,-0.2034914925013864
BE,2020-12-15,26.71,3.1194492939190965,11.736283481834686,34.095769099895335,493,11.381558619002314,5.990265818045681,-0.52,-3.11,-6.4,db,1.0,0.2740792714199052,1.031166633209632,2.9957029824518098
TNA,2020-06-29,26.4,-0.47125210302717546,-5.1247026172458465,9.704712048365005,375,9.00248005717746,3.143939393939388,-1.0,-3.14,-3.14,db,1.0,-0.052346919963622424,-0.5692545370494928,1.0780042817898468
PENN,2021-03-01,121.57,3.842967169556144,5.2763749926052705,17.34306799052132,543,6.775996182982144,3.6933453977132475,-0.86,-3.16,-4.53,db,1.0,0.5671442347042229,0.7786862403873309,2.5594860921082403
KODK,2020-08-06,15.75,9.435797788648115,90.72414673392089,231.21635296991445,402,28.132937123666384,3.1746031746031735,-1.0,-3.17,-6.03,db,1.0,0.3354003795327293,3.2248373618124875,8.21870649173731
ACB,2021-01-06,110.0,22.959982324639007,16.272924826653146,33.83297661931701,507,7.716435418765928,3.1818181818181785,-1.0,-3.18,-3.18,db,0.1,2.9754648459574544,2.108865550417013,4.384534410414056
NIO,2021-02-08,59.0,2.1061554662064053,0.23614946878358634,13.30770135396191,529,6.24755025623864,3.186440677966106,-1.0,-3.19,-4.78,db,1.0,0.33711701064001104,0.03779873055807333,2.1300671156143465
SPG,2020-08-10,66.1,5.326897136134079,5.688133166064668,-2.093799815878883,404,3.8786891164450443,3.1921331316187485,-1.0,-3.19,-3.45,db,1.0,1.3733756370287207,1.4665091723767858,-0.5398215100564503
TLRY,2020-04-08,68.49999999999999,4.740060551144287,28.92904123195892,-41.19666908794445,319,27.15259148697867,3.211678832116785,-1.0,-3.21,-5.55,db,0.1,0.17457120265730203,1.0654246850004045,-1.517227889930903
W,2021-03-18,328.08,5.358483634074962,10.004442018075377,13.469643463866676,556,8.450994636266302,3.221775176786148,-1.0,-3.22,-3.61,db,1.0,0.6340654401885139,1.1838182898782903,1.5938530366666572
BE,2021-01-06,30.84,7.191268616611923,12.011041326937733,38.30712759362112,507,9.1417558305784,3.24254215304799,-1.0,-3.24,-3.24,db,1.0,0.7866397604448959,1.3138659082057098,4.19034683309819
JKS,2021-01-06,72.23,4.511518851993812,12.560387008737806,13.160665016999484,507,9.347102659300962,3.2396511144953664,-1.0,-3.24,-3.24,db,1.0,0.48266495152961264,1.3437733024403473,1.4079940594108897
TSLA,2021-11-29,381.6666666666667,5.163482196519409,2.386820630963915,20.953574492175697,733,5.904895150381435,3.2366200873362354,-1.0,-3.24,-3.91,db,3.0,0.8744409621203632,0.40421050165636474,3.5485091535998183
SEDG,2021-02-08,321.74,6.703547088192452,2.9021402723063305,5.217030533001332,529,6.821376533819276,3.2603965935227226,-1.0,-3.26,-3.71,db,1.0,0.9827264416437584,0.42544789279964107,0.7648061219221872
RIG,2020-12-04,2.14,13.890368170375877,44.10774503321115,98.0014809614503,486,12.985018946846038,3.2710280373831897,-1.0,-3.27,-5.61,db,1.0,1.0697225954953067,3.3968179186927245,7.547272850553222
FUTU,2021-06-14,150.0,1.5799062661246976,8.808797662370772,6.419660007654682,571,6.1464656962186295,3.279999999999992,-1.0,-3.28,-4.11,db,1.0,0.2570430462333293,1.4331484299652135,1.0444473824370524
DPST,2021-05-21,547.6,3.0625150802910506,4.899994616377934,9.436653274640271,601,7.408060511726129,3.3126369612856066,-1.0,-3.31,-3.31,db,0.5,0.4134030864682372,0.66144095456858,1.273835879135046
INSG,2019-10-28,57.099999999999994,9.575896659375683,13.926576043657036,21.789949425172694,207,5.0628936490901,3.3274956217162943,-1.0,-3.33,-4.03,db,0.1,1.8913880723322438,2.750714711568139,4.303852882449697
APPS,2021-03-22,85.0,7.872126944325486,5.373425480034699,15.514556595499073,558,13.871740719272005,3.36470588235294,-1.0,-3.36,-3.36,db,1.0,0.5674938065551314,0.38736490169322446,1.1184289635650921
SE,2021-03-11,235.0,0.7718696397941649,-6.007331703496277,0.7704003155084349,551,7.18452930906229,3.3574468085106326,-1.0,-3.36,-3.83,db,1.0,0.10743496290293619,-0.8361482631741594,0.10723045064854582
PLUG,2020-09-15,12.75,3.2472266874355338,0.786530085497783,19.279272634671706,429,8.242128318668104,3.372549019607841,-1.0,-3.37,-3.53,db,1.0,0.3939791473618155,0.0954280320674361,2.3391133805821602
DDOG,2020-07-29,90.7,3.112120748406366,1.409616249197576,10.626889832040941,216,5.610116870757015,3.3847850055126867,-1.0,-3.38,-3.77,db,1.0,0.5547336749129835,0.2512632591569106,1.8942368005618708
RRC,2020-01-07,4.71,1.029601277604475,3.7902162377185578,11.844605020258502,255,7.632215393992428,3.39702760084926,-1.0,-3.4,-3.4,db,1.0,0.13490202050834527,0.4966076089390721,1.5519222674954622
BLDP,2020-05-26,10.56,9.725684959181734,7.409855491399564,15.731099689845873,351,4.749324568132775,3.409090909090921,-1.0,-3.41,-3.79,db,1.0,2.047803812870478,1.5601914304022377,3.312281454798666
GME,2021-03-04,31.25,49.30899752203928,77.64134850893608,83.55413570700499,546,35.550192054726935,3.415999999999997,-1.0,-3.42,-3.42,db,4.0,1.3870247858614002,2.1839923787025644,2.350314608100555
APT,2020-04-21,14.45,8.51607179368601,13.337778053809801,24.08972229675168,327,16.439941111756756,3.4602076124567476,-1.0,-3.46,-3.46,db,1.0,0.5180110887134431,0.8113032743329905,1.4653168240076182
MELI,2022-11-04,995.0,15.294411874471226,17.34320875265192,13.830979142366484,969,6.279782383980846,3.456281407035174,-1.0,-3.46,-3.46,db,1.0,2.435500299100472,2.7617531456014888,2.20246153396144
BLDP,2020-07-08,20.23,26.913424889457694,37.282844609600744,67.1900818539923,381,7.427861165066208,3.460207612456744,-1.0,-3.46,-4.2,db,1.0,3.623307475916966,5.01932437630159,9.045683590586254
CCL,2020-05-26,16.41,20.31673846097608,17.91334332833172,27.073362992079186,351,9.20093243547597,3.47349177330896,-1.0,-3.47,-3.6,db,1.0,2.2081173406557117,1.9469052135698084,2.9424586238338857
ACMR,2020-02-10,13.233333333333334,8.552992978667916,9.979916116790765,58.69653052075306,278,12.879328094952053,3.5012594458438304,-1.0,-3.5,-9.67,db,3.0,0.6640868930127024,0.7748786305632133,4.557421791573016
CLNE,2021-06-18,12.3,13.384956230673994,30.269010697535094,23.88703088594395,620,10.487193146191732,3.495934959349605,-1.0,-3.5,-3.5,db,1.0,1.276314457461341,2.8862833243923647,2.277733474816202
VXRT,2020-02-24,1.14,4.39560366623144,11.056989280971298,82.22506341082419,183,19.153892126450703,3.508771929824545,-1.0,-3.51,-3.51,yf,1.0,0.22948879722264387,0.5772711471890389,4.292864492918121
XPEV,2021-11-23,49.78,5.445995432884021,6.033334591424366,18.898055558749082,313,5.378755710578695,3.5556448372840563,-1.0,-3.56,-4.54,db,1.0,1.0125009808817087,1.121697083129891,3.5134623276497265
RBLX,2022-06-08,33.11,9.144250835257228,9.50703659647878,-7.156076416539414,315,13.850676528080083,3.5638779824826328,-1.0,-3.56,-4.32,db,1.0,0.6602024685739132,0.6863951069252645,-0.5166589806665102
SPCE,2021-02-08,1152.0,19.9125622319388,47.80600404019999,81.97212263610984,528,14.848771434092466,3.576388888888893,-1.0,-3.58,-3.58,db,0.05,1.3410242268407457,3.219525888211762,5.520464975836559
BCRX,2020-05-20,5.3,8.762570813022187,24.823364104537937,74.62932550722941,348,13.839327113418967,3.584905660377349,-1.0,-3.58,-4.72,db,1.0,0.6331645130727326,1.793682879311998,5.392554485894542
PLUG,2021-10-13,32.93,26.50787404505803,25.433283942765783,26.40783754425162,701,4.981753106873005,3.5833586395384143,-1.0,-3.58,-3.58,db,1.0,5.320993127597355,5.105287917154528,5.300912545790039
SABR,2020-03-24,4.46,-32.699562619013435,-55.23099693444169,-74.23588591346508,308,17.611908860790944,3.587443946188344,-1.0,-3.59,-3.59,db,1.0,-1.8566733951145888,-3.1360028814026744,-4.215095961502221
XPEV,2021-12-30,46.4,5.892555497019836,2.459920818877004,-0.37060454710607926,338,7.265270386858195,3.5991379310344858,-1.0,-3.6,-5.15,db,1.0,0.8110579762700368,0.33858627248431644,-0.05101042733061227
PLUG,2019-10-24,3.03,6.427817758366938,12.388722385733342,21.151538044528493,205,4.710910273242399,4.62046204620461,-0.79,-3.63,-3.96,db,1.0,1.3644534464764568,2.629793748376044,4.4899046718566415
TLRY,2020-04-20,68.49999999999999,5.54699413673394,10.528437866157624,-31.672186018252045,326,21.955841254814793,3.649635036496351,-1.0,-3.65,-3.65,db,0.1,0.25264320653245365,0.4795278734240619,-1.4425403085525823
ACB,2020-06-23,144.2,6.9177717022698815,2.254998958951737,26.542732836960536,371,6.945858588544272,3.6754507628293993,-1.0,-3.68,-3.68,db,0.1,0.9959563118200082,0.32465373865671293,3.8213753560628447
ENPH,2020-11-05,115.56,12.49233441804909,9.229598817220474,31.220064514852574,466,7.953574452685245,3.703703703703705,-1.0,-3.7,-3.95,db,1.0,1.5706566264469293,1.160434075537499,3.9252872655655113
DQ,2020-12-08,41.84,1.2388698305812351,0.26576169455270193,6.8643491149112945,488,8.320581846277255,3.7045889101338534,-1.0,-3.7,-3.97,db,1.0,0.14889221132239963,0.03194027767079864,0.8249842669335078
HOOD,2022-02-04,15.05,13.268610137768455,5.591806138330524,-17.51435934360135,132,10.420587651175781,3.720930232558143,-1.0,-3.72,-8.5,db,1.0,1.2733072818855207,0.5366114009606345,-1.6807458398591522
MELI,2021-02-19,1935.0,1.2977632026368813,2.610822485698727,9.116709654963739,537,4.551584848196157,3.748320413436691,-1.0,-3.75,-3.75,db,1.0,0.28512336821562256,0.5736073417885256,2.002974778900758
NUGT,2020-09-09,97.65,2.0152326780039864,2.608019880742529,3.3009767186890526,425,7.4196528701381474,3.748079877112146,-1.0,-3.75,-3.85,db,1.0,0.27160740714901727,0.3515016034293219,0.44489638214403304
NVAX,2021-06-29,201.24,8.078496446048945,7.007263405736297,11.172984341923641,627,8.338482445266122,3.791492744981115,-1.0,-3.79,-3.92,db,1.0,0.9688209454269734,0.8403523604843016,1.3399301869690579
APT,2020-04-22,14.34,8.67753030975038,10.973533688927194,21.438975530687188,328,15.864777183613485,3.8354253835425443,-1.0,-3.84,-3.84,db,1.0,0.5469683065396774,0.6916916362532723,1.3513568632297728
W,2021-03-15,325.52,4.825879673353595,11.312292640321253,14.70202915190788,553,8.220164468313653,3.846153846153841,-1.0,-3.85,-3.85,db,1.0,0.5870782381491221,1.3761637840613599,1.7885322378378112
RCL,2020-04-23,37.2,2.8192373644136293,9.508390124587596,-32.73858866973162,329,16.095916175905923,3.897849462365599,-1.0,-3.9,-8.25,db,1.0,0.1751523388667843,0.5907330791658051,-2.033968636015775
LAKE,2020-01-21,12.8,18.004978044521724,18.529493722837763,21.21900859448649,264,1.9551233244884079,3.90625,-1.0,-3.91,-3.91,db,1.0,9.209126513404488,9.477404054645161,10.853028209889938
CBAT,2021-01-22,7.63,7.722716479155589,18.63484402101625,20.903847844142543,518,14.231079966277708,3.931847968545214,-1.0,-3.93,-8.91,db,1.0,0.542665524855142,1.3094469334143157,1.4688869638619682
GME,2021-05-24,46.25,13.030249633670387,11.569451255509232,6.802327158522514,602,9.009387139081394,3.9675675675675706,-1.0,-3.97,-3.97,db,4.0,1.4462970047260022,1.2841551902373756,0.7550266242877967
DQ,2020-11-24,42.7,1.6076366708663414,5.057006563652733,18.794847671878113,479,8.284620901684129,3.9812646370023477,-1.0,-3.98,-5.97,db,1.0,0.19405072241018717,0.6104089280204391,2.2686430549957244
TTD,2021-02-19,88.042,2.629081339763384,6.4134913805083515,4.287290073141636,537,3.962956536575461,4.57168169737171,-0.87,-4.0,-5.05,db,10.0,0.6634141241516798,1.6183602624242983,1.0818413054932075
APT,2020-05-06,14.43,7.502048325177602,8.42287200507954,7.574175958456375,338,10.358589268450036,4.01940401940402,-1.0,-4.02,-4.02,db,1.0,0.7242345584670662,0.8131292579322301,0.7311976334002965
PLUG,2020-07-22,9.19,2.7045144062107562,7.391177269987592,47.958526332799245,391,9.635864653025418,4.026115342763865,-1.0,-4.03,-4.03,db,1.0,0.2806716889035596,0.7670486807498846,4.977085924275771
BTBT,2021-10-19,11.77,6.612318288006724,19.802533747476847,5.992111373625986,608,11.184096918623398,4.1631265930331365,-1.0,-4.16,-4.16,db,1.0,0.5912250525114912,1.770597473498491,0.535770694516078
U,2021-01-22,150.53,2.925086829407064,-0.12539958851717214,5.990770144050206,86,6.10739483315492,4.296618614229727,-1.0,-4.3,-4.3,db,1.0,0.4789418253307918,-0.020532418804237354,0.9809043475506775
ACB,2020-05-28,162.29999999999998,22.527554218133837,51.471314868027875,65.20025564782104,353,15.461964882112406,4.313000616142951,-1.0,-4.31,-4.31,db,0.1,1.4569658119063154,3.3288987046901046,4.216815659906829
NVAX,2020-12-17,130.0,5.636091842029467,13.065598890959995,26.07185298911048,495,10.439051694287574,4.338461538461539,-1.0,-4.34,-4.86,db,1.0,0.5399045820525663,1.2516078350401993,2.4975307865730216
TLRY,2020-12-23,88.9,7.069735405279554,6.6266876323803015,19.489247556889964,499,9.394882663020871,4.386951631046125,-1.0,-4.39,-6.97,db,0.1,0.7525091753520975,0.7053507606288217,2.07445353560417
TLRY,2021-03-02,273.4,-0.9168987752290358,-8.0761207440063,38.486476176619156,544,20.680357162837197,4.389173372348205,-1.0,-4.39,-4.39,db,0.1,-0.044336699217009265,-0.39052133773197917,1.8610160295383935
BLNK,2021-02-03,52.05,4.812726057395711,7.521328644660175,34.80893608308775,526,15.126592591113225,4.4380403458213165,-1.0,-4.44,-4.44,db,1.0,0.3181632630354014,0.4972255714138098,2.3011749588296424
CLF,2021-06-09,21.43,8.473372328616202,8.942096954648493,13.247230702289482,613,5.763825480644108,4.526364909006061,-1.0,-4.53,-4.53,db,1.0,1.4700952270451642,1.5514170206363036,2.29834000817268
TLRY,2021-01-26,189.29999999999998,10.727656184921596,42.88949365879857,87.01098649550578,520,11.823693260366298,4.543053354463811,-1.0,-4.54,-4.91,db,0.1,0.9073016314522737,3.627419344729335,7.359036180951312
BLDP,2019-10-24,5.91,10.322941591596258,14.95817861748483,19.379469054066956,205,4.562048577627105,4.568527918781733,-1.0,-4.57,-4.57,db,1.0,2.262786424989278,3.2788293160317785,4.247975163856531
APT,2020-10-02,16.5,14.416475185627231,17.798243590908758,0.48231476706479537,442,7.627999399227775,4.727272727272724,-1.0,-4.73,-4.73,db,1.0,1.889941835481357,2.333278053575958,0.06322952347290729
NVAX,2020-02-24,8.44,12.653498382807893,14.456197805762727,47.85746778863176,287,9.225520606974046,4.739336492891,-1.0,-4.74,-4.74,db,1.0,1.3715755372376994,1.5669790813577007,5.187508632570159
CBAT,2021-02-16,8.0,6.213488871046824,6.8518767494086585,21.88433201000004,534,12.081900633767017,4.749999999999998,-1.0,-4.75,-4.75,db,1.0,0.5142807460012622,0.5671191112314513,1.8113318982972568
JNUG,2020-06-02,105.0,5.456627389694213,13.445446208360611,42.14429419235193,356,7.730937910215051,4.761904761904763,-1.0,-4.76,-4.76,db,1.0,0.7058169982822209,1.7391739999094884,5.451381796336223
FLGT,2021-11-29,99.0,6.730488500363907,12.624141699630997,15.466976378978536,733,6.170693810326065,4.77777777777778,-1.0,-4.78,-4.78,db,1.0,1.0907182737054752,2.0458220886775655,2.5065214470852584
ETHE,2020-05-07,10.3,8.10719847736905,14.410514453563273,19.812062643563856,223,8.410259538018988,4.850388349514569,-1.0,-4.85,-9.83,db,10.0,0.9639653141166529,1.7134446788972257,2.355701694341591
DKNG,2020-08-13,35.5,6.974429292368289,2.4590154007500864,-0.23494024319046236,220,7.707835117708885,4.901408450704231,-1.0,-4.9,-4.9,db,1.0,0.9048493105858502,0.3190280231994657,-0.030480704322629202
AMC,2021-02-22,62.0,7.044198754025821,-17.211910971190537,34.90578356388985,538,31.686281038786717,5.000000000000008,-1.0,-5.0,-5.0,db,0.1,0.22231068219722977,-0.5431975734268621,1.1016055661805872
PLTR,2021-01-15,27.27,10.052866093605095,5.843310953477565,19.306995031550844,74,7.003944832847544,5.023835716905028,-1.0,-5.02,-5.02,db,1.0,1.4353148594858325,0.8342885463736429,2.7565886785692078
APT,2020-05-14,14.8,12.197709878856333,9.865636874923478,14.434169113901296,344,9.409559989903608,5.0675675675675675,-1.0,-5.07,-10.81,db,1.0,1.2963103367154671,1.0484695230711358,1.533989807109903
MQ,2021-10-26,118.6,21.208406347196586,28.05286330722665,17.671338357882483,97,7.560939093735677,5.396290050590212,-1.0,-5.4,-7.18,db,0.25,2.8049963217886504,3.710235323872502,2.337188296163288
LAKE,2020-06-17,21.8,23.84956088559187,37.74800816012813,43.60244429902005,367,8.385546203791867,5.412844036697246,-1.0,-5.41,-8.44,db,1.0,2.8441273002356504,4.501556278237287,5.199714274939351
VIR,2020-06-19,40.0,13.369043994034179,15.107914616766571,22.850877911459342,173,7.785224701168398,5.425000000000004,-1.0,-5.43,-5.43,db,1.0,1.7172329004232552,1.9405881264415132,2.9351597145333397
APT,2020-03-05,18.27,32.50652684690889,92.23484807976452,185.3706539312629,295,31.3243152510563,5.473453749315818,-1.0,-5.47,-5.47,db,1.0,1.0377410196001882,2.9445128278312236,5.917787905196489
ARCT,2020-07-08,51.4,8.730141169378157,23.016536725736714,23.385071064740504,381,10.398574996480443,5.505836575875483,-1.0,-5.51,-5.78,db,1.0,0.8395516859120608,2.213431814794528,2.2488726650195376
CREX,2020-05-11,9.180000000000001,13.33333400051291,75.35816730720353,132.346242635595,338,34.332993163481405,13.398692810457518,-0.41,-5.56,-10.78,db,0.3333333333333333,0.3883533817463672,2.194919823866651,3.854783123784449
TNA,2021-04-23,94.41,4.045669517522166,4.813819108999806,1.0746603891841122,581,6.069158725652846,5.677364685944284,-1.0,-5.68,-5.68,db,1.0,0.6665947786835945,0.7931608525334777,0.17706908613903707
STNE,2020-03-03,45.2,6.782584775404232,7.460416824471183,8.571895864967427,293,5.415626473565745,5.707964601769923,-1.0,-5.71,-6.75,db,1.0,1.252410004366209,1.3775722644252293,1.5828078075191803
RIOT,2020-09-01,3.65,0.20590267064350964,-2.256142702162456,24.16232957801916,420,12.571243936447079,5.753424657534246,-1.0,-5.75,-6.3,db,1.0,0.016378862082736933,-0.17946853259456305,1.922031717797371
SIGA,2022-06-07,11.63,5.391935299553685,21.722748953427406,44.500770483273214,864,16.432019481236132,9.798796216681009,-0.59,-5.76,-7.39,db,1.0,0.32813588772279534,1.3219768256867517,2.70817415559232
BCRX,2020-04-30,3.98,18.841446019726725,44.20289936041386,53.407338990892406,334,13.798226056742221,6.0301507537688375,-1.0,-6.03,-6.28,db,1.0,1.3654977054474504,3.2035204510086293,3.8705945801486563
VIR,2021-12-03,48.72,29.626181183434497,37.78475289640393,29.128699346169462,541,8.744547907074784,6.096059113300491,-1.0,-6.1,-6.1,db,1.0,3.387960303752857,4.3209498418819505,3.3310697883652582
TLRY,2020-11-24,78.6,6.4319555693820085,9.470751798330234,26.86013036918391,479,13.246430577975874,6.2340966921119625,-1.0,-6.23,-6.23,db,0.1,0.48556141456522445,0.7149663256512847,2.0277259002770753
UGAZ,2020-04-20,31.51,13.267909426891755,18.276340622538314,-8.054764690714089,222,13.529528451501587,6.34719136781974,-1.0,-6.35,-6.43,yf,1.0,0.9806631084337019,1.3508483084279184,-0.595347038116478
ZKIN,2021-03-23,12.8,56.95892054031222,72.86784934001508,131.56523497446537,559,27.463589263278855,6.484375000000001,-1.0,-6.48,-6.48,db,1.0,2.073979478584437,2.6532529539919083,4.790533156945339
RIOT,2020-08-14,3.65,0.08225865849063041,20.026306797042402,38.4148659780176,408,14.516060341304849,6.575342465753418,-1.0,-6.58,-6.58,db,1.0,0.0056667344001434606,1.3795965521070737,2.646369956778816
LGVN,2021-12-09,241.49999999999997,-1.7333992916671148,47.3481892881644,176.54677112286544,208,51.000466458329555,6.74948240165631,-1.0,-6.75,-6.75,db,0.1,-0.03398791054359093,0.9283873771399859,3.461669733297729
TNA,2021-05-07,93.45,-1.582889040604174,0.6505392889268213,0.6440348757819736,591,5.051428669847228,7.233814874264318,-0.95,-6.87,-6.97,db,1.0,-0.3133547247836414,0.12878322776484852,0.12749558944112566
OCGN,2019-12-17,0.43,9.833971300949852,17.7275832511145,-58.137814207640574,242,17.761222111895886,6.9767441860465045,-1.0,-6.98,-6.98,db,1.0,0.553676500355422,0.998106050328662,-3.2733003304261232
MARA,2020-08-14,3.86,0.8886572142153604,51.9385958271054,143.19556502025978,408,23.056788281892445,6.994818652849742,-1.0,-6.99,-8.03,db,1.0,0.038542107571559035,2.252637929971156,6.210559912748899
OCGN,2019-12-20,0.42,11.052352223133056,13.83656263512949,-55.90458593498469,245,14.84992366592941,7.142857142857137,-1.0,-7.14,-10.71,db,1.0,0.7442699687736963,0.9317598491684571,-3.764637933004876
APT,2020-01-21,4.2,19.999999999999996,20.672316551041312,22.907643588845005,264,3.031279041706203,7.1428571428571495,-1.0,-7.14,-7.14,db,1.0,6.597874931613911,6.819667957525143,7.557088368859331
KODK,2021-03-15,10.41,19.325998214243747,14.780307708941098,11.91141692253861,553,9.986261336412465,7.204610951008646,-1.0,-7.2,-7.2,db,1.0,1.935258608121561,1.4800641812815687,1.1927804131368498
GME,2021-02-22,11.965,-5.323336513794718,-54.898200899084834,-13.371175899354427,538,65.16120617647671,7.312996239030506,-1.0,-7.31,-7.31,db,4.0,-0.08169487377777317,-0.8424982304717246,-0.20520147928417937
VXRT,2020-01-27,0.65,48.06378381397691,65.39440236172409,88.18760845286428,164,12.930007013622486,7.692307692307699,-1.0,-7.69,-7.69,yf,1.0,3.7172279770103005,5.057568978332914,6.820383651760877
MARK,2020-07-06,26.4,13.891285028739286,10.414052521457062,37.962750027231195,275,11.121457849002365,7.954545454545453,-1.0,-7.95,-8.71,yf,0.1,1.2490525268668249,0.9363927519979982,3.4134688583688324
ETHE,2020-03-05,12.0,6.783016132036845,20.506279890678215,101.58087078708702,179,22.113492067408718,8.1025,-1.0,-8.1,-8.33,db,10.0,0.30673654397777284,0.9273198384121681,4.593615086999255
MARK,2020-04-28,4.6,17.960817059422894,17.65759107401914,5.566086941493653,228,12.822052195821504,8.69565217391305,-1.0,-8.7,-15.22,yf,0.1,1.400775537731474,1.3771267504100053,0.43410265817725724
OPTT,2020-10-16,2.62,23.99432019924166,69.90920830743485,103.06929161272085,452,26.759688866167064,8.778625954198473,-1.0,-8.78,-8.78,db,1.0,0.896659162191466,2.612482105344012,3.851662555876496
TLRY,2020-03-19,33.3,-46.48023117433402,-69.78632624399792,-78.29091473292222,305,13.767327759067829,9.30930930930931,-1.0,-9.31,-9.31,db,0.1,-3.3761258530160214,-5.068981247870217,-5.686718301694825
MARA,2020-09-01,2.6,-4.129793948590111,-22.515273310557728,26.7180038837048,420,17.755447684196014,9.615384615384615,-1.0,-9.62,-9.62,db,1.0,-0.2325930622558173,-1.2680769142531054,1.5047778213717633
ZKIN,2021-03-30,10.85,7.596190806925818,33.85972437418114,73.78351428797008,564,25.66746257559392,10.875576036866361,-1.0,-10.88,-10.88,db,1.0,0.2959463088551927,1.3191691338580889,2.8745932353331893
DVN,2022-02-16,52.71,0.39426414781120744,2.6974897198997816,11.380646910821724,788,5.4488926964830116,0.0,,,,db,1.0,0.07235674654883281,0.4950528245199023,2.0886164482863396
