ticker,date,as_of,src,rr10sma,gain10sma_pct,base_age,base_censored,base_bucket,1w,1m,3m,6m,12m,adr,qqq_1w,qqq_1m,qqq_3m,qqq_6m,qqq_12m,rel_1w,rel_1m,rel_3m,rel_6m,rel_12m
GME,2021-02-24,2021-02-23,db,104.02,351.2,17,False,6-30,-9.169859128949941,-30.826027160455872,223.5251975169339,794.035772265237,1013.1188526070364,54.571683100622025,-4.190246485197891,-1.210734692742843,10.906924874587975,14.25928554567506,40.4048556465225,-5.197396362138362,-29.978249535111644,191.70874396055225,682.4622462809352,692.7922773621011
NVAX,2020-06-15,2020-06-12,db,59.93,214.03,18,False,6-30,-1.5766729033809712,14.43998002025948,390.5274475989837,1042.1052527795632,824.3407967862142,12.47957833632741,-1.5895583093094579,6.194855810477162,33.30848590485744,14.71362130212015,30.46931948019227,0.013093535306940574,7.7641465274901345,267.9641579224553,895.6143305524387,608.4736859737716
NBR,2020-05-11,2020-05-08,db,50.12,199.8,86,False,>60,2.690908258611513,-16.941177143770105,-86.68352874252389,-86.50388547978223,-92.48764354052419,17.706083426317637,5.697088880049672,12.110460894067309,-1.6844889423882181,12.22371365288999,22.077501311032343,-2.8441470368684607,-25.91340523101424,-86.4553709641271,-87.97391916474847,-93.84623998787816
APT,2020-02-21,2020-02-20,db,29.73,162.18,17,False,6-30,0.5791546486975774,48.85714394705636,57.40181656232672,48.433049923152474,35.6770873593633,15.79840751590445,0.3461842200018994,5.103387428034245,16.39326897349449,26.096935778535645,37.42511889449989,0.23216670420163066,41.62925438438501,35.23274838012398,17.713447203701914,-1.2719883738856574
MARA,2020-11-16,2020-11-13,db,38.71,109.72,70,False,>60,-0.8298746976857507,1.2711953873680848,-32.67605247868354,222.97298298690146,94.30894860509626,11.401826708040671,-1.249083668379225,-1.2189283599337797,6.771147878255612,32.86948370011016,45.19081968825256,0.42451147418796076,2.5208511164722447,-36.945561737257236,143.07536538326576,33.83005139189106
TVIX,2020-02-22,2020-02-21,yf,19.55,105.95,118,False,>60,19.57077150450337,16.88311230510413,-36.84210499220845,-70.87741124716153,,9.455314738390639,-1.8624286454859251,3.130605985614876,14.412124827239836,22.5863730860302,35.280078436842885,21.839953703932192,13.335038796734612,-44.7979004819998,-76.2432087517587,
JMIA,2020-07-20,2020-07-17,db,17.72,103.61,6,False,6-30,1.8691635193715639,35.283693174896015,114.92958357541774,5.386745243812641,-66.41725200248526,12.61099313905127,-1.7236341411141831,6.670733541832097,20.70752613440088,16.58385378763194,36.06449228901945,3.65581045766854,26.82362695278835,78.05814637946106,-9.604339005824814,-75.31850710457184
LCID,2021-10-25,2021-10-22,db,64.75,102.61,79,False,>60,0.12458598337032889,-3.3667310206350165,5.283845460050496,22.634790752025435,149.84456591037886,5.52254553716897,1.398600862769217,1.2257641307520162,2.9027975095500924,11.858358640118816,32.34685000183908,-1.2564422670122588,-4.536883658842983,2.313880679754532,9.633998069449202,88.78013787778633
TLRY,2021-01-04,2020-12-31,db,16.55,101.11,36,False,31-60,-3.8416798523148166,-8.62832181426999,70.30927520437338,16.174402597470873,-51.78050379300709,7.81930395576141,1.3503070666310846,4.902438582238644,13.125769114006802,26.942120132320312,48.40613222084929,-5.122813210158816,-12.898423124740944,50.548611990198026,-8.48238356475024,-67.50842065256745
MARA,2021-01-28,2021-01-27,db,13.44,90.31,12,False,6-30,-8.40685418136935,61.6300320074757,539.4927420114874,1142.9577571795687,1757.8947200009036,17.978240987544364,-1.3404721853287227,3.188379174313516,13.213366334089539,23.023586773924798,47.294175274833286,-7.162391866819595,56.63588603755292,464.8562203550788,910.3410165269357,1161.349755707783
SE,2020-05-05,2020-05-04,db,35.83,81.81,4,False,<=5,-0.19877233474567824,31.187652123517907,17.962409018003058,78.79572882330478,119.16665821479135,4.775015571225947,-0.15772897281500775,17.369263464569727,-5.183706527229637,8.019094696778462,13.579096553807467,-0.04110820147460448,11.77343049709052,24.411538035791146,65.5223359584749,92.96390345116221
MSTR,2021-01-28,2021-01-27,db,28.42,66.2,8,False,6-30,-1.9461936687744208,67.41575172743902,207.60904764123947,359.0344999754813,278.9377488147822,8.82669109255946,-1.3404721853287227,3.188379174313516,13.213366334089539,23.023586773924798,47.294175274833286,-0.613951330259277,62.242834965580585,171.7073589469053,273.12722869885874,157.265942870945
SRNE,2020-07-30,2020-07-29,yf,5.36,55.12,50,False,31-60,-3.8461588520790846,26.84124109081296,212.49999759658692,103.94737098025489,191.35337405749598,9.801564040666225,-1.9477129324848907,6.971657048143376,18.822679299982028,17.567395193502257,34.55381611226682,-1.9361566939147479,18.574624896880042,162.9969290691076,73.47273080651419,116.53296983743759
JMIA,2021-01-12,2021-01-11,db,9.65,54.76,11,False,6-30,2.242150308907087,-4.327305218091526,252.12355937409873,387.0494079706803,537.7622531523565,11.276623495887492,1.6520845246195792,4.353122030157586,10.248127463460289,19.327923909088508,44.76495959079641,0.580475832883276,-8.318320601601659,219.3918731098663,308.1604640517714,340.55015450914607
GRWG,2020-11-12,2020-11-11,db,6.53,48.57,2,False,<=5,10.326665116401523,15.946850239648969,143.20559081344655,317.13148632707436,355.21741235188637,10.933844008680648,0.9933644723722601,1.4175427939272067,9.265088025439393,27.94282622392208,45.06027342015011,9.241498877465837,14.326227046581309,122.58307315583066,226.02960137602562,213.81259776989552
TLRY,2021-02-02,2021-02-01,db,6.77,40.3,10,False,6-30,11.17578382257527,131.23487109971444,234.50088459558395,158.80757737373924,8.89396045972628,13.71646905639393,-1.7341456954456769,2.7666316290559934,19.90662539765269,21.5261725840173,48.0146627198907,13.137757371964964,125.00968206720482,178.96780806420077,112.96447659849753,-26.430288419599425
TSLA,2020-06-30,2020-06-29,db,17.31,40.12,13,False,6-30,1.5115841040934441,20.880238404411312,96.23414731608628,134.5253110260668,351.6915897626436,4.278456197230858,-1.5806042309682966,4.243349365116833,31.2802206277073,14.124203776755785,31.09237673634906,3.1418485257910023,15.959664708223297,49.477313777967666,105.50006332121606,244.5597684685195
AMD,2021-10-13,2021-10-12,db,30.67,38.45,48,False,31-60,3.172579741075676,-0.15208748798116734,15.670084505565484,33.67268830224908,24.617392068597745,2.775014806263295,-0.06715803980439361,-5.059605371906695,-1.3476416574673578,6.320924455376398,21.90693557244694,3.241914987437755,5.16905149083231,17.25019700385193,25.725664056234198,2.22338169967371
TDOC,2021-01-06,2021-01-05,db,9.14,37.63,106,False,>60,1.0001032947497768,-1.3208300073829005,-10.763289716500635,-3.7914683288269413,142.24928090472702,4.024711838442991,-0.3514978847981798,2.2601491461739176,11.516669785183065,23.88482800853968,46.4354508260415,1.3563687871448238,-3.5018325158494124,-19.979039496608053,-22.340343674254303,65.43076115667365
W,2020-07-27,2020-07-24,db,10.58,35.43,3,False,<=5,3.224756241500759,11.000939581324864,82.0030933918638,108.72212642394459,58.96539635291518,5.79715627872031,-1.487990101977199,4.862327909481934,19.717721463559545,15.19980230482565,32.01367551650425,4.783930759667254,5.853972340898084,52.02686049054406,81.18271233804136,20.415855199063415
FUTU,2020-11-05,2020-11-04,db,10.75,34.99,63,False,>60,-1.056673728477131,11.875448238595588,-15.59683407605339,196.54509933633003,183.7465492479726,5.316838712924029,5.621396015642066,4.59331727698038,6.1136028595061065,33.5419081946756,44.25076027269157,-6.322648626164917,6.962329096352238,-20.459617193757907,122.06145122925052,96.70367678588194
NIO,2020-09-29,2020-09-28,db,18.53,34.49,17,False,6-30,0.0,1.6756727888777467,172.60868414438383,562.323944873929,974.8571123395648,8.31761129461919,3.6222809784829835,-5.240465999118471,15.394203250821082,49.855355829099054,49.10816682884595,-3.495658408865898,7.29862051446124,136.24122916455437,341.97549110574954,620.8573045991111
QS,2021-10-29,2021-10-28,db,8.87,34.31,99,False,>60,1.9670805865904972,0.5144406743635921,4.958672800657649,-32.83976778559747,119.15443730912116,5.855708869365245,1.84218251779098,6.766335184064887,5.143359523208235,13.59650580987488,42.201954954802055,0.12263883757370753,-5.855679600618535,-0.17565229358095236,-40.87825876721261,54.11492576088559
SOXL,2020-12-30,2020-12-29,db,15.57,29.63,14,False,6-30,-0.5934310824965316,12.183831855093686,73.59323054446672,152.0416803900281,57.659596994452265,4.677852007061284,1.0330368260354383,4.8550818616707625,13.617428965125168,29.10856936204871,47.344126791998534,-1.6098376923307955,6.989408489605986,52.78750111283641,95.21684860688684,7.000937483592939
NVAX,2020-04-03,2020-04-02,db,4.05,28.2,24,False,6-30,8.791208050867816,15.3078130519132,208.68597690876118,171.23286290689444,13.606556339053743,18.500371622218353,-3.069299732983244,-13.868238224067486,-13.764638696447118,1.4998697611666723,2.6657488587783496,12.236069430199837,33.87374259437619,257.9575388130755,167.22483836197662,10.656725930402544
TSLA,2020-12-24,2020-12-23,db,15.13,27.68,3,False,<=5,3.726896264195001,23.786527124987078,69.83383621626001,222.41609735417774,670.4546318482043,5.8815968954660125,-0.07165507692725726,6.325485091385197,16.883157093598754,24.07918997321934,46.33619289739723,3.801275147753591,16.422254757261978,45.30223210882207,159.8470359322675,426.49629363284316
BLDP,2020-06-29,2020-06-26,db,14.56,27.5,12,False,6-30,1.5625003326152243,26.27196196736388,66.05838412538381,91.17646882042574,259.2105207846104,6.725892287607029,-1.4748649515904488,5.063632318124034,25.39749197449641,12.797845222131944,30.341099370695247,3.08283290625615,20.186175921486104,32.42560238697365,69.4859227531726,175.59267377590663
CAN,2020-12-30,2020-12-29,db,3.43,26.61,22,False,6-30,-3.864730738456079,-30.782608363939367,106.21762317300178,115.13513339358235,-29.307283513817183,12.590386582947929,1.0330368260354383,4.8550818616707625,13.617428965125168,29.10856936204871,47.344126791998534,-4.847689150356604,-33.987566070116536,81.50175114092771,66.63118060761428,-52.022033028857884
CAN,2021-03-09,2021-03-08,db,4.79,26.45,11,False,6-30,-14.29213620303722,170.11331231422514,394.0414562977806,839.4088652015395,347.652550944339,24.2571763556527,-7.308627245534938,-10.084529039736012,-2.5321231128973998,11.310875145450883,45.00896388902944,-7.534152046708009,200.40804928174745,406.87618534056156,743.9506597841457,208.70681297117093
APT,2020-06-17,2020-06-16,db,8.97,26.4,75,False,>60,23.24273218841173,-12.157652745718773,0.07609798284822222,289.05322997911793,268.34733513805736,8.12441448026718,-0.1849663423926451,8.769640007897483,43.74925334454831,16.545662543592265,34.10385065634769,23.47111218853839,-19.24001288603766,-30.381483274226962,233.82042839526358,174.6731979247771
ETCG,2020-02-06,2020-02-05,yf,1.38,25.73,4,False,<=5,0.09917582362151123,108.39642975309025,41.49533283367928,-0.721309224113087,,11.977945953922053,2.889865593712626,6.555240092134662,14.237467743640053,26.805734498204114,34.53824563888719,-2.7123077224251446,95.57595625789685,23.860704923194298,-21.708043276786547,
DQ,2020-12-10,2020-12-09,db,3.29,25.33,35,False,31-60,2.192329550314276,-2.095561547071101,107.44411909363612,257.62859200342024,341.4550286923371,8.090171490889956,-0.8359557306695797,4.407624421320033,8.431669935398878,24.058327457516306,48.54360422439543,3.053813812553874,-6.228650450036655,91.31321985285905,188.27455547140914,197.1888496965907
SNAP,2020-11-19,2020-11-18,db,10.38,24.89,8,False,6-30,5.642230981015972,45.993536397770264,86.63298214872412,132.30418296064786,176.58272449763467,6.2360597496271355,0.12077501332590224,0.5545769040232962,4.36738352903594,27.781936648300864,43.726408548594684,5.514795472723,45.188355311879306,78.82309188751594,81.79735653876305,92.43695524759497
SHOP,2020-06-15,2020-06-12,db,18.88,24.2,13,False,6-30,2.034987425866386,0.04042465104059367,96.56414705598431,99.59145163347574,139.43381499001123,5.218186952066723,-1.5895583093094579,6.194855810477162,33.30848590485744,14.71362130212015,30.46931948019227,3.683090607974293,-5.79541364077013,47.450588551633956,73.99106520036858,83.5173326142487
GUSH,2021-01-05,2021-01-04,db,4.06,22.69,15,False,6-30,3.6057520920750763,-6.883984323959469,85.03479834574846,14.797211985460823,-97.43209347666586,7.859922045747501,-1.0778278072416603,1.4239978401629605,12.963626616001012,22.871858033440052,45.238091009174084,4.734610851640397,-8.191337692303568,63.800334575606435,-6.571599206859624,-98.23193316196098
ERX,2022-01-03,2021-12-31,db,6.82,21.0,46,False,31-60,2.1364602910558306,5.487900859705608,14.076952817175425,6.464122616374057,111.90414857743751,4.332301432323337,0.2342920438787699,1.1523276938060656,11.285664933003847,12.518639278339316,27.419710052552393,1.8977220354331026,4.286182300246777,2.5082187232758013,-5.380901067411681,66.30405805353092
Z,2020-12-07,2020-12-04,db,11.99,20.86,19,False,6-30,-0.9995389176780889,7.0235162449240995,27.52742575506495,74.16151808807516,163.6677397716372,5.2473221010010045,2.177162207603689,6.486355657104559,7.7368183977011284,30.217963040230433,51.839396961738046,-3.109012872002992,0.5044407656782379,18.369400221480923,33.74615454111236,73.64909572057819
BE,2020-08-13,2020-08-12,db,6.65,19.49,15,False,6-30,-5.710208263135142,-3.717202762068761,53.96270577635425,26.290630879263112,65.12500047683716,10.95204115545403,0.29882606293603065,2.9889687869565584,22.60614117140387,16.495086285008465,48.660850080603964,-5.991131264388471,-6.511543544918618,25.575035887569264,8.408547438893322,11.074973933827458
PTON,2020-12-14,2020-12-11,db,5.34,19.15,39,False,31-60,2.3154229764438705,10.253271333697334,39.33840694721547,154.67594528041553,265.5947640866307,5.873943407596144,-1.2012233012679174,4.172405078217678,11.610242429670192,29.20901922964234,48.149213565622006,3.559402651750565,5.837310035142074,24.84374544300254,97.10384522599126,146.77469106151696
OKTA,2020-05-04,2020-05-01,db,9.29,18.04,4,False,<=5,-4.19054361754394,24.47938171595847,16.23583974279914,34.00557913643936,45.70728743472723,4.578253853706991,-0.5144050576285197,16.69135377031632,-2.6825385696634396,7.434796392563481,13.565783998767934,-3.695146580813913,6.674040272916315,19.439860056363113,24.73200828415687,28.302101481823083
NET,2020-06-15,2020-06-12,db,5.21,17.42,19,False,6-30,-1.098145852871546,0.104198604872896,50.41753613957811,63.193657666126725,,5.384013153937707,-1.5895583093094579,6.194855810477162,33.30848590485744,14.71362130212015,30.46931948019227,0.4993499144963165,-5.7353599278613725,12.834179398700417,42.261795777787526,
SPCE,2021-06-22,2021-06-21,db,6.34,17.2,94,False,>60,-1.2880191197773616,70.9539712501815,8.690410030466932,45.241940406061,140.13334147135416,9.55090840204791,0.07241114396905335,5.427788211563533,10.236611792256923,11.742502858614557,41.836736081586956,-1.3594458734378145,62.15266785937457,-1.4026209048440652,29.97913657780924,69.30264197085395
PDD,2020-05-08,2020-05-07,db,9.58,16.67,11,False,6-30,5.501687786479237,23.18483367291304,46.00350355697165,15.56222038802806,119.32515296401314,5.008289541758178,1.3293124965995995,12.942954382189686,-3.0136734496570283,11.148328176370592,20.123182601800128,4.117639000086637,9.068187871255496,50.54029650373981,3.971172831905734,82.5835348461092
DDOG,2020-06-08,2020-06-05,db,7.44,16.39,8,False,6-30,-0.855890290007999,51.630914111187785,49.38690232947356,97.04406709271565,,7.295617366519124,2.7125455060205805,10.121282939508959,13.521786429213645,18.681419460389527,37.18875694701573,-3.474196631432347,37.69446746682075,31.593156722056648,66.02773036303296,
LABU,2020-06-18,2020-06-17,db,5.33,16.09,119,False,>60,-1.6212942328129865,2.9319390602934536,200.61159397290916,-18.33515190447096,5.529363853886071,9.716473146749914,-1.055966934907271,9.114520774562408,34.039295885266974,16.848216164005937,33.723659393853936,-0.5713606777417279,-5.666140189574365,124.2712422409488,-30.11031680543089,-21.08399939679163
CCJ,2021-10-12,2021-10-11,db,6.24,15.26,20,False,6-30,-1.4645293271739246,-11.87064428086222,17.457734464923092,25.10170013361046,122.61231259438227,5.2520668702346365,1.6363747468398637,-4.727288911244831,-0.615662518581539,6.553860759736008,26.11012317563983,-3.0509786301780695,-7.497797940233597,18.18535741296636,17.407008288228276,76.5221593545976
LRCX,2021-03-26,2021-03-25,db,10.15,14.77,27,False,6-30,1.643259613256931,0.3123305295298584,14.369064432209377,67.40951310020222,137.6775405365689,4.970543945615226,-0.10153364187061031,-0.35381032550186875,0.6987826595918012,14.99786496831641,71.60243735049625,1.746566607812139,0.6685060986353131,13.57541909799389,45.57619234611528,38.504757977950455
ZS,2020-09-21,2020-09-18,db,7.7,14.24,11,False,6-30,0.46693081985651474,0.8830232648538106,14.19726016673315,157.32511623535825,148.50818904244196,5.5038534687016405,-1.3237458894566068,-3.9932236562650547,9.43759970158402,51.70093176769291,39.73925575913269,1.8146987088779154,5.079065360616153,4.349200346250126,69.62658912959931,77.83706353123372
FSLY,2020-12-06,2020-12-04,db,3.99,14.16,37,False,31-60,5.183861161315084,24.83457650683498,9.577360572623217,87.10698314191963,333.17049899018605,6.940576474998005,2.177162207603689,6.486355657104559,7.7368183977011284,30.217963040230433,51.839396961738046,2.942633058845745,17.230583896413275,1.7083687845021345,43.687536476141545,185.28202011981153
PLTR,2021-01-22,2021-01-21,db,3.31,14.13,36,False,31-60,4.253609400871339,-8.874081607626616,182.39130522668475,,,7.052042629306151,3.8205907607779643,5.645475470811734,15.04680057626353,23.845275672116895,46.99841110350573,0.41708358324712425,-13.743662010825908,145.45776485065306,,
BLDP,2020-11-16,2020-11-13,db,4.24,13.67,90,False,>60,3.784478170707084,-13.568371267870315,9.546376463860984,73.79161735678983,161.38934015521164,5.3167997205049184,-1.249083668379225,-1.2189283599337797,6.771147878255612,32.86948370011016,45.19081968825256,5.09723051296338,-12.501831274856833,2.599230822890264,30.79874514229466,80.03158926745886
NTLA,2021-05-26,2021-05-25,db,1.86,13.2,89,False,>60,4.068711457819085,-11.789504724738098,20.167036874388344,92.58225427541815,229.01380805929773,8.566017798441477,3.336244247947384,-1.9003028089057517,6.572430101476745,12.72944899413304,45.68305210067736,0.7088192678206928,-10.080767014569458,12.75621355351193,70.83579844823069,125.84219874246303
BLDP,2020-12-17,2020-12-16,db,7.97,12.76,16,False,6-30,-0.20325668143827968,15.39364783441972,25.816782969930063,38.21252172360692,190.9629539207176,7.034811891524365,2.545588810799493,5.381988143255012,12.515944134237532,27.452085821587158,48.53987784639657,-2.680608229096526,9.500351879445446,11.821292473735024,8.442730326973757,95.88204739309072
URNM,2021-10-12,2021-10-11,db,8.48,12.72,18,False,6-30,-1.3348555789373218,-8.381530617188027,31.03157323384085,26.71021094846493,178.0052858402458,5.635073226329492,1.6363747468398637,-4.727288911244831,-0.615662518581539,6.553860759736008,26.11012317563983,-2.9233926664327115,-3.8355596940439107,31.84328290998504,18.916583636681782,120.44644699383413
NVAX,2020-02-26,2020-02-25,db,2.09,12.71,24,False,6-30,-0.500625319134762,1.923071985414171,110.31745686342443,27.403847770342992,-80.3217833935659,8.960700050527443,-8.247777650076571,-3.2914225162817723,5.688425733411173,18.785160263925228,25.141095447193763,8.443558240361536,5.391966914800128,98.99762476728517,7.2556937981715475,-84.27517632308262
SOXL,2021-03-31,2021-03-30,db,11.62,12.33,30,False,6-30,4.378478231180427,-8.20267110736852,15.48202374693155,110.55011937735455,426.6208212391207,11.1653553537345,-0.9142116956136981,0.18362793408339684,0.5581807216344048,13.477997329703229,64.463476442302,5.341522752521555,-8.370927679889718,14.84100340539114,85.54268169327517,220.20533229082795
CLF,2021-03-26,2021-03-25,db,4.15,12.0,50,False,31-60,-9.107252301532043,5.274116841981269,7.208483994783443,157.99319355517292,312.1221479637332,7.272024999444894,-0.10153364187061031,-0.35381032550186875,0.6987826595918012,14.99786496831641,71.60243735049625,-9.014871787297041,5.647910056437877,6.464528332181962,124.34607253469774,140.16101072153063
WWR,2021-01-19,2021-01-15,db,1.79,11.93,70,False,>60,-2.5341152347144846,6.382983040626322,-18.566773473532784,110.9704743222172,113.6752215127741,9.848463885143614,-2.247460782518762,1.6711068378773675,7.695703141881083,19.749021918491017,42.45148052957819,-0.29324501899431477,4.634429927336603,-24.385816563930142,76.17720039986418,49.998596517504936
XOP,2021-01-05,2021-01-04,db,8.71,11.78,15,False,6-30,1.9164492765394892,-2.7384788295774176,42.5505575235444,15.098636359870321,-36.70481709700659,3.8784299150160817,-1.0778278072416603,1.4239978401629605,12.963626616001012,22.871858033440052,45.238091009174084,3.026901873875709,-4.104035295769104,26.191555453614022,-6.326283168481284,-56.4197088634308
URA,2021-10-12,2021-10-11,db,6.43,11.52,18,False,6-30,0.04149064211176334,-8.46621500428143,18.070519232548964,19.909635020718987,120.31033431184585,4.780372326960864,1.6363747468398637,-4.727288911244831,-0.615662518581539,6.553860759736008,26.11012317563983,-1.5692060137925123,-3.9244459933059472,18.801938237626416,12.534294079778462,74.69678782646871
BYND,2020-09-29,2020-09-28,db,3.08,11.52,71,False,>60,1.6801074924241766,15.478551456252344,6.789956855793244,128.82637139572566,-0.2373734680592654,6.838026588288831,3.6222809784829835,-5.240465999118471,15.394203250821082,49.855355829099054,49.10816682884595,-1.8742817352786267,21.864836793285704,-7.45639395449148,52.69816025573903,-33.09378778262801
GUSH,2022-02-28,2022-02-25,db,3.57,11.37,14,False,6-30,5.115802273303882,8.295749554434217,6.731485994105224,78.02316015048187,57.537217220545564,7.727292534797611,1.2474227893170209,0.19128191516437631,-13.177927036608994,-7.52521139751996,11.062192747377031,3.8207189649029027,8.088994854993658,22.931280434998524,92.50994010459144,41.84594534242721
AMAT,2021-03-26,2021-03-25,db,7.6,11.2,1,False,<=5,4.760239835231106,5.082045995011919,40.56863236551458,106.59982470700325,170.92210428533065,4.533965559034142,-0.10153364187061031,-0.35381032550186875,0.6987826595918012,14.99786496831641,71.60243735049625,4.86671482990797,5.455157230066132,39.5931794336593,79.6553568746033,57.87777170785458
BILI,2021-02-02,2021-02-01,db,2.45,10.46,5,False,<=5,-9.406423237451955,41.903870342304536,172.3080465094195,179.11884873526773,464.45477353177074,7.0563254379969,-1.7341456954456769,2.7666316290559934,19.90662539765269,21.5261725840173,48.0146627198907,-7.807673984319797,38.083605634285455,127.10008359116931,129.67797207823563,281.3505791652339
BNTX,2021-05-25,2021-05-24,db,3.57,10.29,14,False,6-30,-1.7196209422365993,12.653177915301296,70.70158496849524,91.31245568766111,281.9126017120752,8.62290282193591,2.49683442591897,-2.035823405652726,2.7149312906069367,13.265683541258987,45.48179710477105,-4.113742040690116,14.994257933467491,66.18965015469523,68.90592958631838,162.51573001743625
ARKK,2021-01-06,2021-01-05,db,4.97,9.9,7,False,6-30,2.767057849925836,10.763774896544454,35.36768496018345,73.21065321526339,158.93489818258962,3.408445642960843,-0.3514978847981798,2.2601491461739176,11.516669785183065,23.88482800853968,46.4354508260415,3.129556058071703,8.315679002399246,21.387847414153516,39.81587253228744,76.82528152980677
TNA,2021-05-26,2021-05-25,db,7.58,9.86,50,False,31-60,-0.6363152727328458,-9.332763734211625,-3.440505545128969,57.804714112123975,257.5851310054474,5.798373135940325,3.336244247947384,-1.9003028089057517,6.572430101476745,12.72944899413304,45.68305210067736,-3.8443041447765225,-7.576436154362165,-9.39542772654386,39.985350341184464,145.45417318572555
MOS,2022-02-01,2022-01-31,db,4.9,9.41,9,False,6-30,2.1477791948241176,1.6798175790925907,-3.6859449806745603,28.50236530881325,55.146748858350335,4.3085111273124514,2.7596952721039125,-8.747011270652816,-5.852300160385027,-0.1792181627059075,15.971185057451919,-0.5954825728700985,11.426287505684861,2.3010176386687675,28.733078366656727,33.78042897594855
JMIA,2020-01-16,2020-01-15,db,1.75,9.4,120,True,>60,-3.040000915527341,12.639401744869438,-10.619472636405137,-74.59119561487361,,6.037396485062394,1.390760676329661,6.495167914871947,14.01785141159917,13.877068055942354,36.7067109931966,-4.369985551248945,5.769495414955306,-21.608304088334997,-77.6875144233216,
BYND,2020-06-08,2020-06-05,db,3.52,9.29,16,False,6-30,4.084500559195581,33.316687197577856,39.28235626764651,81.27883809485141,30.14619957618936,7.229698435495517,2.7125455060205805,10.121282939508959,13.521786429213645,18.681419460389527,37.18875694701573,1.3357229600492904,21.063507106805535,22.69218151750618,52.744076468814114,-5.133479978644539
RUN,2020-11-17,2020-11-16,db,2.72,8.87,32,False,31-60,0.07207983352000014,-10.995352905051881,21.696246941575104,294.66950947926534,277.49829119845487,6.745926231545709,1.5974504871432815,1.6256183947862546,7.730745105301384,31.54921194146201,45.37182286402754,-1.501386743771005,-12.419084379697743,12.963339130926045,200.01662773539763,159.6777585650454
NUGT,2022-03-01,2022-02-28,db,4.58,8.71,2,False,<=5,-0.7939237708961877,35.91866817699496,14.79928685695553,9.008165779117228,14.160876506834374,6.3853351257273285,1.5489857191870238,-1.4212485046986911,-11.236482826631866,-7.555606100960455,10.928450930802969,-2.307171729476498,37.87826089831685,29.331611131108893,17.917551493893,2.9139734206220735
LABU,2021-06-07,2021-06-04,db,2.73,8.42,80,False,>60,-2.6984302823798934,-8.247281999515177,-26.700964399883297,-33.69390527939873,32.683980718640846,8.739928919547456,0.5001037051004076,1.653822357946555,10.497806016444834,10.18358614810182,43.478821486735676,-3.182617598948778,-9.740021700903345,-33.66471404037834,-39.822166768581305,-7.523647501588093
TAN,2020-11-16,2020-11-13,db,4.02,8.39,4,False,<=5,-2.5281321001308976,-0.5402530151581653,40.507540334385816,136.63237412837765,169.36203120171774,4.452476470008678,-1.249083668379225,-1.2189283599337797,6.771147878255612,32.86948370011016,45.19081968825256,-1.2952268994207872,0.6870499919747086,31.59691838716361,78.09384633605035,85.52277050303887
RH,2020-07-01,2020-06-30,db,1.98,7.65,18,False,6-30,-2.4342466775154725,14.758630917476822,110.93219821735963,17.42780997005906,115.31141624729746,5.43244118265956,-0.4983034762841343,6.28667822028699,29.155706941788708,17.128861569791297,33.661987533676864,-1.9456383849394077,7.970850946749031,63.31620430247662,0.2552303473807971,61.08649902654528
SE,2020-09-25,2020-09-24,db,3.12,7.61,15,False,6-30,0.6573622991027595,-0.23270134631596662,44.78965500030845,250.280105098293,380.0383763911488,5.22176781237811,-1.8237909042810863,-6.43092297724942,8.895791395294307,44.75193543292087,42.041569380203,2.5272448653673285,6.624220125016733,32.961662838482496,141.98647434363005,237.95626061144745
ROKU,2020-07-09,2020-07-08,db,3.27,7.55,99,False,>60,4.182564952656631,18.424079788270966,52.32888990525335,-0.653598400773725,29.549631483618334,6.3142103341329125,3.7925540716227335,7.821195358684019,29.850955659231726,20.192099589416436,38.15320671809237,0.3757599805904954,9.833766352074647,17.31056512592062,-17.343650756913586,-6.2275610091555915
PFE,2021-12-13,2021-12-10,db,6.02,6.99,9,False,6-30,-2.7455314222590177,7.6703343069550955,16.787213874130515,32.068663196525925,31.42854899457992,3.420057578847755,3.883778748383371,2.182211419825264,5.805075412072247,17.20681913644979,32.269352037959024,-6.381468069908413,5.370918099023481,10.379595136893794,12.680016546455608,-0.6356748788924338
BLDP,2019-11-12,2019-11-11,db,1.72,6.94,0,False,<=5,4.467349559724476,19.215687007823412,33.626366347999735,77.25946954439044,115.6028392778893,4.415043678213173,0.42976801402514475,5.154107980732858,7.976428563625082,9.086737996946148,18.21142024985154,4.020303566902084,13.372353488716794,23.75512704539995,62.494060047292606,82.38748745441968
YINN,2019-10-09,2019-10-08,db,9.67,6.8,120,True,>60,0.24571839068170398,-7.477161591983683,-20.688244836034563,-38.08335952775437,-18.66459105347976,2.655889274778999,-0.9878859429131026,-3.0252410255788287,-2.064238484107428,0.580537579539242,4.483293496376195,1.245912528323112,-4.5908034353342675,-19.016553364834888,-38.44073419941522,-22.154627572740893
PBR,2019-10-22,2019-10-21,db,6.73,6.76,70,False,>60,1.8789516568149311,0.6877978398412754,-8.442770287118673,-5.933734041469196,-4.599366529532711,2.127434921626865,1.2036068053175253,1.561829100013079,1.4501905527120273,3.63861954012763,12.77223603913058,0.6673130264977178,-0.8605903102740453,-9.751544857562845,-9.236280475436597,-15.404148378006411
VIVE,2019-12-31,2019-12-30,yf,1.5,6.52,119,False,>60,0.8716179102063348,1.457175040644998,-80.58049790018642,-97.74631575534218,,7.572138341293064,0.18884407817598703,3.6908943373917813,12.637109177585138,14.115330536218273,39.86975964184947,0.681486884405591,-2.1542096931661647,-82.7592325108446,-98.02508196395003,
PDD,2021-02-02,2021-02-01,db,1.89,6.5,5,False,<=5,-3.585870545115044,-2.088136147528019,93.33185177133285,89.49891168934569,393.92390881465815,5.816221000256419,-1.7341456954456769,2.7666316290559934,19.90662539765269,21.5261725840173,48.0146627198907,-1.88440314570546,-4.724070157429761,61.235337188563356,55.93259267532296,233.6993104185772
DHT,2019-12-19,2019-12-18,db,4.9,6.49,38,False,31-60,-1.3404970489943269,-2.1276440514536588,26.42467296210105,32.77721001944147,89.78747725032699,3.0388374463246612,2.229510056609585,3.1910403213076144,9.065338517087396,12.889240206813191,33.45725354607669,-3.4921492860789605,-5.154211408471509,15.916454009166214,17.61724126780684,42.20843918746016
AMD,2020-11-19,2020-11-18,db,3.21,6.31,54,False,31-60,1.5501995019116643,-0.7574813842585848,1.077635579174352,51.19985470748245,106.97090949057055,3.799176488814234,0.12077501332590224,0.5545769040232962,4.36738352903594,27.781936648300864,43.726408548594684,1.4277001834988923,-1.3048220465729843,-3.152084337676575,18.326469823067114,44.00339616125073
M,2021-01-06,2021-01-05,db,2.39,6.24,19,False,6-30,-1.0425408236763412,-2.8156945083896767,87.95382320513652,67.50002146149463,-28.236516567231497,6.2924451022737635,-0.3514978847981798,2.2601491461739176,11.516669785183065,23.88482800853968,46.4354508260415,-0.6934805081959539,-4.9636575899258855,68.54325327970786,35.20624289033072,-50.993094207754254
CLF,2021-05-04,2021-05-03,db,3.03,6.17,20,False,6-30,-3.803492916512341,-6.230695093036287,20.039545108040556,119.92753226742181,335.64592900259464,6.081152382662838,-1.5923753825131781,3.5801072990451432,3.1357698799355793,22.783455559651355,58.79063058776297,-2.2468965617185033,-9.471705183464197,16.389827940183444,79.11821365914837,174.3524144907371
TWLO,2020-06-15,2020-06-12,db,2.0,6.03,13,False,6-30,-2.450311199078903,0.8408251405578326,144.9451217255638,98.11067332281318,34.10441281759642,5.253608422740773,-1.5895583093094579,6.194855810477162,33.30848590485744,14.71362130212015,30.46931948019227,-0.8746560578143159,-5.0417043547518965,83.74308286749404,72.70021735348327,2.7861671631973506
PTON,2020-07-27,2020-07-24,db,2.61,5.97,9,False,6-30,5.621050716117693,11.287129691948937,94.77000674422618,102.68852358958762,,5.901298559221599,-1.487990101977199,4.862327909481934,19.717721463559545,15.19980230482565,32.01367551650425,7.216420439958537,6.126892193365152,62.69104052695451,75.94520088954799,
NVDA,2020-09-27,2020-09-25,db,4.08,5.96,16,False,6-30,5.615617012556129,1.000789167292493,35.696546658131,109.81154412435016,189.52909259143777,5.620326501630747,1.7574011157170721,-5.002464031274467,10.376806326107513,49.222281124762816,43.73056473479957,3.7915825822355087,6.319377800012949,22.93936667927905,40.60336200659569,101.43877756666045
FCX,2022-02-08,2022-02-07,db,5.24,5.9,14,False,6-30,4.513708449406217,-6.805956491391552,5.371688193420909,6.108390465414493,23.798210524681608,4.386095179115052,-2.18152508361551,-6.510301133955543,-10.791880711074109,-3.280060579150146,7.689804347147788,6.844549088242102,-0.31624377981966934,18.118943694065216,9.706841320188818,14.958153443762345
REMX,2021-05-26,2021-05-25,db,4.18,5.55,65,False,>60,-2.127131816486494,-1.7482406929428373,-4.630288969125651,44.725781735634705,144.70438725243088,1.8965607143975594,3.336244247947384,-1.9003028089057517,6.572430101476745,12.72944899413304,45.68305210067736,-5.286989191638247,0.15500773225294306,-10.511835997298103,28.383295604653313,67.97038758037739
BCRX,2020-06-26,2020-06-25,db,1.08,5.54,31,False,31-60,4.622872288278801,-21.100911170221426,113.93035876302746,34.79624180576286,18.784539410855828,7.42899995548532,0.8915378206710844,7.314216197810897,35.19351219846551,16.545388507964496,34.11433769599237,3.698362170115743,-26.478437223689998,58.24010729817819,15.659867397113825,-11.430394802296096
LI,2020-10-12,2020-10-09,db,2.47,5.38,31,False,31-60,4.018914315068511,11.392406132946675,,,,6.051230815531596,4.155856295909666,2.817750204613012,8.974750583267177,42.49072411220551,53.52166652399044,-0.13147794633082688,8.33966500071206,,,
CCL,2020-04-27,2020-04-24,db,1.6,5.14,67,False,>60,-5.175159389230977,-12.938594471857723,-74.64435127108851,-72.23562962744099,-76.84564173087429,12.737277828097138,-0.6735104548623694,16.432530395860567,-3.773809844943521,10.649881335155055,13.68361961311888,-4.532173597379474,-25.225875249690954,-73.64995050925944,-74.9079076836408,-79.63263454495626
BILI,2020-08-17,2020-08-14,db,2.53,5.12,29,False,6-30,-0.0720951186177432,-5.457020773446796,33.99935839817631,44.92855021628694,201.08617355283727,4.653179382892833,0.2541948785524939,4.528212525026376,22.901917253743576,16.439785511211834,50.11975658334611,-0.32546268768653963,-9.55266818140843,9.029510191871903,24.46652111217773,100.56398998067584
MSTR,2021-11-02,2021-11-01,db,3.49,5.08,59,False,31-60,-1.32703935363373,20.190708708685136,17.589171844304108,12.01533216122359,340.6057118849951,4.499794270132065,2.513681576120219,7.565636113078633,6.388181296189455,14.887838670099862,44.592972568250545,-3.7465447252541306,11.737087281605785,10.52841623162124,-2.500270300257512,204.7213872562313
ZM,2020-10-09,2020-10-08,db,4.48,4.69,11,False,6-30,-0.919274215031185,36.385653537822904,79.68983727549264,306.2049042611669,550.2921750338082,5.979820975618994,-0.2976083921091277,4.245241137571765,8.238775078889638,40.54908383378455,52.68716592314804,-0.6235214751587281,30.831539214184023,66.01244530393662,189.01284389839986,325.8983858283933
HUYA,2020-08-24,2020-08-21,db,2.03,4.69,9,False,6-30,2.3631756974596074,-1.121348917820586,44.4704541287952,23.142138195603245,3.9578889554887198,5.678183269405852,3.5677479106925425,6.768956091408573,23.371446591047395,22.88266548839548,50.63740277366298,-1.1630765730965331,-7.3900741358508775,17.102018433557763,0.21115484936504725,-30.987996977292266
NTLA,2021-03-30,2021-03-29,db,0.54,4.54,49,False,31-60,-4.4896165810693445,8.021830214295633,19.571583368282774,202.22117405822345,447.9026605753121,11.387003229255924,-0.8474193589505075,0.6904309978402079,1.0701054866324,14.833255306251614,71.30777945867545,-3.6733256951770654,7.281128051396157,18.30558877184252,163.18262358079326,219.83524759159144
COPX,2022-02-08,2022-02-07,db,2.77,4.53,12,False,6-30,3.5017426679424757,3.0883733368507915,8.412981111136975,5.093337462604852,22.954263774041927,2.5301767171193914,-2.18152508361551,-6.510301133955543,-10.791880711074109,-3.280060579150146,7.689804347147788,5.810014679145281,10.26709315275438,21.528154584237647,8.65736485350812,14.174470386897342
EDC,2021-05-26,2021-05-25,db,7.83,4.43,69,False,>60,2.5422038147863812,-3.7326836474095293,-5.656617784656204,24.868992278876934,196.15904662354905,3.305758140649082,3.336244247947384,-1.9003028089057517,6.572430101476745,12.72944899413304,45.68305210067736,-0.7684045795740002,-1.8678761412834644,-11.474870071451527,10.768741791131875,103.28997941289839
JD,2020-04-06,2020-04-03,db,1.81,4.37,21,False,6-30,-0.647588651567077,-3.7867891986165136,5.00129789980901,38.50694327651296,31.606717838749553,6.971617624942075,-1.0415694825083865,-12.277642435507108,-14.20264770215438,-1.0269372212687644,0.6303808794188237,0.39812760659301283,9.679235114774665,22.38291169556943,39.944081134647206,30.78229128084924
AMD,2020-11-25,2020-11-24,db,3.28,3.71,58,False,31-60,2.0513424567565552,3.794534706065833,2.3952790321505324,54.196125644806244,117.29245563015192,3.5912490108617767,0.7527210857525723,3.4171319847058346,3.821894471364229,28.442960441568154,46.78271220275747,1.2889194028801398,0.3649324963061362,-1.3740988319252634,20.050273767205674,48.03681739440555
ALB,2021-10-13,2021-10-12,db,1.86,3.69,22,False,6-30,-2.4821199680413963,-9.92574481626759,15.863308672137965,47.396268191886094,130.5341033445515,3.2053231371444406,-0.06715803980439361,-5.059605371906695,-1.3476416574673578,6.320924455376398,21.90693557244694,-2.416584859258686,-5.125467893221691,17.44606071133836,38.63335834118833,89.10663471443718
OKTA,2020-06-17,2020-06-16,db,1.47,3.41,11,False,6-30,4.459376049693131,3.5792950338860985,95.77435732595762,61.834294649269395,45.87050062437381,5.171904412379382,-0.1849663423926451,8.769640007897483,43.74925334454831,16.545662543592265,34.10385065634769,4.65294878125988,-4.771869221627034,36.19156466622604,38.8591313629862,8.774281954199182
ALB,2021-07-09,2021-07-08,db,2.07,3.16,117,False,>60,-2.3949295030626483,-4.388200049238689,15.13057806093161,-8.355031778083443,117.88835464540375,2.459897492270157,1.1845049536254093,6.659401005506926,7.194134428308208,12.729152539592947,38.57906333277461,-3.537532212396133,-10.357831518456795,7.403804018708993,-18.703400001407054,57.23035601862962
MU,2019-10-24,2019-10-23,db,1.56,2.65,30,False,6-30,-1.107172875602891,-9.95966816801268,-4.8775260884787786,4.4189962278902595,15.460200915750555,2.9404365909172956,-0.4247821429062215,0.9028764683510326,-0.6101431859075968,1.4310730453539922,11.928224458679137,-0.685301772250213,-10.765346852892577,-4.293579887687404,2.9457671035386213,3.1555726664594053
SE,2019-12-20,2019-12-19,db,1.26,2.27,0,False,<=5,4.075068334729148,4.89057404857518,21.50234356129861,23.277230793850133,240.22787216451144,2.897355746780151,2.106440294820411,3.682956550632599,9.56507563767377,13.170016098861304,37.67212950851433,1.928015543607775,1.1647213178694882,10.895139581795931,8.931000492356134,147.1290836998857
DT,2020-01-06,2020-01-03,db,0.76,2.0,102,False,>60,2.5720960691224315,-2.590676354849286,37.369519334203915,,,3.621706522207263,0.2668510082118214,6.570839848565324,15.3567798166383,12.347045750896024,44.13632900264999,2.299109863061144,-8.596644463375636,19.08231102892719,,
FSLY,2020-09-21,2020-09-18,db,0.29,1.71,31,False,31-60,10.165696520869716,6.863116845652639,34.80849286429377,482.5451736884309,192.79970239761917,8.414920503932754,-1.3237458894566068,-3.9932236562650547,9.43759970158402,51.70093176769291,39.73925575913269,11.64357373908329,11.30788983378479,23.18297662950526,284.00896217335765,109.5328909596566
NUGT,2020-04-22,2020-04-21,db,0.77,1.69,40,False,31-60,-1.4782583606169797,111.77568411975093,-65.74969629923599,-57.631876461406996,-32.45798300256541,13.654998029230173,-3.2899212849438753,20.285073627894445,-8.040744809252198,6.402493366809092,10.274075281636819,1.873292782301128,76.06148271969761,-62.7549139782398,-60.181268128243694,-38.750774536141684
DOYU,2020-08-24,2020-08-21,db,0.64,1.52,12,False,6-30,0.0,8.928571153434595,92.37844568989651,81.41263406327393,78.10219033267354,5.8116981935049665,3.5677479106925425,6.768956091408573,23.371446591047395,22.88266548839548,50.63740277366298,-3.444844541535308,2.0226994260177156,55.93433570378244,47.63077716637403,18.2323825645595
BILI,2020-10-05,2020-10-02,db,1.16,1.49,21,False,6-30,-0.9478708972683103,-17.84591517382026,-13.242011265470788,71.17116751215116,202.89854100961904,4.56331851328257,1.012686460596579,-9.39687016455444,8.771169724499227,47.72705570072993,49.942769138247,-1.9409021050337816,-9.325334593419754,-20.238065882463196,15.869883617605595,102.00943516679155
IGV,2021-05-20,2021-05-19,db,1.55,1.43,65,False,>60,2.4964701453090266,-6.5650367832760566,-10.125347298338328,4.536013596493427,33.790518916360156,2.1114569236124403,1.7987448713413068,-4.807002076784839,-2.4235656828904273,10.672067135105202,42.883569139329495,0.6853967353424029,-1.8468109470712202,-7.893075484207801,-5.54435613018871,-6.363957925842733
ALB,2021-04-23,2021-04-22,db,0.46,1.32,64,False,>60,3.5147226022611333,2.3989336697757713,-10.080046819024579,64.9357629995599,165.7144351808975,3.3016010185727236,-1.8763890491411472,5.207011638800263,3.1354514280754753,18.31645986120516,59.65134238445049,5.494204299210104,-2.669097739098669,-12.813729967833876,39.402212670192284,66.43420043474511
NVAX,2021-04-13,2021-04-12,db,0.27,1.27,42,False,31-60,-0.9250377639766771,-13.37476441512303,41.49347088778153,59.36308469527691,930.2052888934134,8.786988407559267,1.6976429413245508,6.858324178695607,7.382528298521995,14.659401427244067,68.42257698880563,-2.5789001882909,-18.934499253407267,31.76582180523033,38.988240573014934,511.6788540540423
SOXL,2020-06-02,2020-06-01,db,0.37,1.12,88,False,>60,6.739575095336492,36.99365456311807,-25.67211083937061,-31.118755974404998,44.357857929782526,8.437002854848094,1.9158825467524343,10.021613141860875,13.974141443393307,14.611039611870268,35.706887022227754,4.733013567704969,24.515220828910845,-34.78530461442847,-39.899991956393556,6.374747146132553
ALB,2021-05-27,2021-05-26,db,0.56,1.1,88,False,>60,3.3253137405905298,-4.907044584783671,3.438991646700851,21.024883281003113,119.4799283948722,3.682925894747313,3.5772736029342944,-2.195374741040179,6.497719601950824,13.122171174047036,46.58628192630574,-0.2432578630227833,-2.7725374301713623,-2.8721065264893597,6.985997550203615,49.72746802133419
DDOG,2020-07-20,2020-07-17,db,0.41,0.8,6,False,6-30,-9.449227532735726,5.130060319440477,116.08910830321703,111.94466123421898,,5.8993631878534725,-1.7236341411141831,6.670733541832097,20.70752613440088,16.58385378763194,36.06449228901945,-7.861089819616096,-1.4443260782372236,79.01875319904599,81.79589569949832,
TTD,2020-07-31,2020-07-30,db,0.52,0.6,13,False,6-30,1.390231070579051,5.8523928989764995,47.06746934636834,54.9812686327847,62.29396347513403,4.871016687558898,1.2092366027279144,5.464423899434112,19.49388583446945,17.76347312531219,35.84455984340234,0.1788319662577642,0.36786717757291143,23.075309099994932,31.603853486784494,19.470344386423566
YINN,2019-10-25,2019-10-24,db,0.43,0.54,81,False,>60,-3.1897664870941367,7.943122258335689,-12.016063261913711,-25.45786765361653,6.3877165074981646,2.3393804120102604,0.27896198238148706,3.2558024761051074,-0.34260566760554445,2.741745622640779,18.437614987307537,-3.4590789542527034,4.53952191530862,-11.71358901415067,-27.447084050753247,-10.174046886287524
AGQ,2022-03-02,2022-03-01,db,0.18,0.35,73,False,>60,11.216733031901116,26.54511739978167,29.179810023267237,6.060606360002296,-16.171950783922263,3.7903009346882808,1.0086531943885868,-6.574185900569606,-11.674378978372257,-10.056944575153182,6.04010834638502,10.10614389429323,35.449841801863634,46.25406368966915,17.919728053515737,-20.946846883398628
SEDG,2021-11-11,2021-11-10,db,0.15,0.29,7,False,6-30,-2.7451210259453407,31.095579560132936,15.823210142461708,60.91684338891889,52.23271524782118,4.024400023510629,-0.9333984268429352,7.849736027522747,6.297519458242284,19.841066740062896,38.16799226025527,-1.8287925197116195,21.553917875772967,8.961348047224638,34.27520946383928,10.179436465338076
AMC,2021-06-28,2021-06-25,db,0.08,0.23,17,False,6-30,-8.77489067538091,229.43324526442893,394.14987938373736,2053.784730557373,1166.0420747700305,24.990307340506295,2.1117117329028545,5.074151128141735,12.37768010151752,13.16295584331848,42.64208019764466,-10.661463042319985,213.52453646061167,339.7224421587472,1803.2595203146063,787.5656279099438
TAN,2021-02-08,2021-02-05,db,0.25,0.19,9,False,6-30,7.360387884196773,10.01226559583932,54.78656310400511,130.0609443345826,235.9273551928323,4.212734378779435,5.34074720757165,6.252801722024914,12.762162861440363,22.472060130109163,46.019819468673994,1.9172454441066966,3.538225640063386,37.2681750475143,87.84769692791608,130.0559995315565
AMD,2020-08-20,2020-08-19,db,0.06,0.1,8,False,6-30,-1.83997610607749,47.32920601208477,46.1871183583557,37.67401398497774,157.59211409483402,4.77687145949318,1.55962960669902,6.429673423190385,21.916654860563423,16.959046334773674,47.71036491674201,-3.347398691726089,38.42869312044945,19.90742243178383,17.711300065589874,74.3900059010941
TNA,2020-07-15,2020-07-14,db,0.0,-0.03,120,True,>60,1.726784747104082,6.637229358019359,36.63407302784925,-63.650378335779735,-57.65513830377205,8.41161735643872,1.4652497884410698,10.574339848907721,23.110877848134102,18.765259690218382,35.624194248139695,0.25775815780113565,-3.5606004939917835,10.984565633913324,-69.39372527030811,-68.77779666749335
JETS,2021-03-11,2021-03-10,db,-0.03,-0.04,10,False,6-30,0.3013221836007718,13.078561991217065,13.558131348953184,48.4990825822764,22.768356600294016,3.426286348173095,0.5563214978091979,-6.572488072158644,2.949705134916636,14.35829986319741,53.1771577913055,-0.2535885466076637,21.03347253703296,10.304474597701962,29.854223751070407,-19.85204689098724
TCEHY,2020-04-14,2020-04-13,yf,-1.0,-0.14,41,False,31-60,-0.2803231051323296,7.698958754749707,-4.798323828909668,19.539127501116905,,3.3332997591880265,3.333710348502894,5.7828261060540065,-7.914577460635974,6.694481271065644,10.190364782493777,-3.497438968799771,1.8113834912811377,3.3840900609368285,12.038716601862888,
ERX,2020-02-05,2020-02-04,db,-0.06,-0.16,97,False,>60,-12.73132348421907,-33.72681480062742,-29.934173411704034,-29.312993916006526,-44.95710768051193,4.511258270909082,2.7184489646630228,6.205080135306873,13.924612258545753,21.923088000395573,35.28259754333829,-15.04089343696875,-37.59885580337632,-38.498077632877646,-42.023281034545214,-59.31265859834273
DDS,2019-10-09,2019-10-08,db,-0.06,-0.16,55,False,31-60,-0.9403556919402867,8.647700498851062,5.7742085618565975,-10.535173788305329,-7.988724205205278,5.488294511837749,-0.9878859429131026,-3.0252410255788287,-2.064238484107428,0.580537579539242,4.483293496376195,0.04800448048751793,12.037092587679265,8.003661711143216,-11.05155294984803,-11.936853523873692
SLV,2020-11-05,2020-11-04,db,-1.0,-0.26,61,False,>60,2.1120251146488966,0.4970655875422558,-8.288660737657061,61.51052310662064,31.988126217349677,1.9310141644653334,5.621396015642066,4.59331727698038,6.1136028595061065,33.5419081946756,44.25076027269157,-3.322594695182257,-3.916360811647812,-13.572495145821872,20.94369871604109,-8.50091467952101
COIN,2021-11-15,2021-11-12,db,-1.0,-0.27,3,False,<=5,1.75938982588002,37.56066597181129,33.71540389330532,20.933686647587745,,5.163495125748981,-0.9784136696115442,10.516887468503743,7.511666633441183,24.83699908431978,37.591375229505665,2.7648552168784812,24.47026795883549,24.372924428011377,-3.1267272245911526,
GUSH,2021-11-08,2021-11-05,db,-1.0,-0.28,9,False,6-30,6.173060959408971,13.817207565561397,76.84304849026964,54.54546255101216,466.0093080202431,6.049121368905548,3.2348231148048523,11.533929707742562,7.945450579931457,21.41897185398718,36.12365503391097,2.846169302132262,2.0471598766418575,63.82630999286152,27.282796247740727,315.8052528630968
PBW,2021-11-11,2021-11-10,db,-0.12,-0.28,2,False,<=5,-2.662334921014642,20.546851433129444,3.796876514784886,18.206162977053975,25.345012733984174,3.042098087895284,-0.9333984268429352,7.849736027522747,6.297519458242284,19.841066740062896,38.16799226025527,-1.745226410027756,11.772968458973754,-2.3524941656232645,-1.3642266440727302,-9.280716406530354
DXCM,2020-06-30,2020-06-29,db,-1.0,-0.29,29,False,6-30,-2.0008305155663098,5.257596885304849,51.429884829098185,82.56843386030992,165.75014811738677,5.163488790020433,-1.5806042309682966,4.243349365116833,31.2802206277073,14.124203776755785,31.09237673634906,-0.42697507062956497,0.9729613700683926,15.348591055870141,59.97345682905391,102.71975742102785
AGQ,2021-06-11,2021-06-10,db,-1.0,-0.33,90,False,>60,4.560514694910833,5.072463930529181,12.520975634421427,25.702908018425674,82.29697916939406,3.150175000389545,3.13637377912912,4.478777844439152,9.617839748839563,12.851242796695761,38.89663111466852,1.3808328367560962,0.5682360555308019,2.648415524547487,11.388146823409384,31.246508793215888
SLV,2020-11-13,2020-11-12,db,-1.0,-0.35,67,False,>60,-4.489628741586182,-3.3433377162292,-3.714777268997649,56.380021621026756,43.44782986013686,1.896159035286794,-2.0347006775327303,-2.081252856021354,6.084038814236847,30.065546388910104,43.963937890090385,-2.505915952926041,-1.2889103435444138,-9.236842971630399,20.2317031394567,-0.3584981332947046
SOXL,2020-12-28,2020-12-24,db,-1.0,-0.37,12,False,6-30,-2.8835661495903997,16.355307946168416,100.17151635044432,154.5263878284119,58.60678574558129,4.709991945581919,-0.2825959060300365,5.315024192786466,16.854902024246023,27.25007034349849,46.90564178295349,-2.608341309315776,10.483104227533534,71.29920344198403,100.020626425859,7.96507460204674
AVGO,2022-05-17,2022-05-16,db,-1.0,-0.39,96,False,>60,3.5084827583239386,1.536983449626117,-1.7749025818281194,3.7963601205418973,35.71495304358236,3.4863829142885416,0.43412359953964863,-11.816322638463017,-16.074344695579292,-24.716774249995833,-8.125324330841577,3.0610703300828934,15.142605170958134,17.038225155208252,37.874485433478064,47.71747715583039
JETS,2021-03-30,2021-03-29,db,-0.28,-0.41,7,False,6-30,-2.1465607884865623,1.2638795088733001,18.938376059243534,56.88409792424205,70.10070490945775,3.543833020867928,-0.8474193589505075,0.6904309978402079,1.0701054866324,14.833255306251614,71.30777945867545,-1.3102446967458992,0.5695163933158609,17.679085706479647,36.61904602969237,-0.7046233119313183
Z,2020-07-30,2020-07-29,db,-1.0,-0.48,4,False,<=5,-1.3501537707828803,16.40406006144788,45.74747790556892,39.30441756013943,34.595133218645316,5.154592357104127,-1.9477129324848907,6.971657048143376,18.822679299982028,17.567395193502257,34.55381611226682,0.6094290909201883,8.817665607497682,22.659646091308904,18.48898866123603,0.030706751820419598
QCLN,2021-11-22,2021-11-19,db,-1.0,-0.51,9,False,6-30,-0.7732897122057825,15.650931478960462,30.72443918103751,39.490296522072924,38.67319194197039,2.841802923186166,2.3536800652630196,7.595823368376742,11.12152019691921,25.517522644634937,38.912836927591265,-3.055063360179111,7.486450550227564,17.64097444795556,11.13213006680962,-0.17251464365801716
JNUG,2021-01-04,2020-12-31,db,-1.0,-0.52,103,False,>60,3.192671645995304,19.260063334609946,-6.5426416267722605,9.272181898509313,-85.51313352050653,5.776584607914994,1.3503070666310846,4.902438582238644,13.125769114006802,26.942120132320312,48.40613222084929,1.8178184483969906,13.686645369178517,-17.386322227747662,-13.919681044709542,-90.23836396602873
PBW,2021-11-22,2021-11-19,db,-1.0,-0.52,9,False,6-30,-4.879592084618578,10.861620756077507,23.59181108227326,16.952145371725113,9.954649836224583,3.4861819713214173,2.3536800652630196,7.595823368376742,11.12152019691921,25.517522644634937,38.912836927591265,-7.066939015059837,3.035245500673045,11.222210480252027,-6.824049019163736,-20.84630026414421
KRE,2021-05-05,2021-05-04,db,-1.0,-0.52,32,False,31-60,1.9676453638536318,4.699197979716896,19.05616400730228,75.51651302951375,100.65577367529536,2.3129494444178147,-2.942809221353848,1.7161038095128145,0.09599525951220489,15.42161691497661,54.13622969740819,5.059341348964574,2.9327648803680217,18.941985339806354,52.06554692333327,30.180797901448475
TAN,2021-10-19,2021-10-18,db,-1.0,-0.53,77,False,>60,8.096823686442711,3.2386731314356654,9.115722077418997,2.9126245838825504,19.799196124074104,2.7170681836710875,3.978861324176064,-0.20516199006962443,4.324133719250778,9.206128140114899,29.855265136730402,3.9603841683051533,3.4509150875745798,4.592981688266851,-5.762958236334126,-7.744059512772017
MU,2021-04-01,2021-03-31,db,-1.0,-0.53,22,False,6-30,6.277102103276855,-3.6272364692918613,17.331741491356944,87.84068762513834,109.72422540443354,4.76604955090947,2.32792639500341,1.716780703292975,1.8464673468022275,15.214599501515803,68.41860156783608,3.8593332704006444,-5.253820594433966,15.204527508867915,63.03549067379004,24.52557107829938
ALB,2022-02-09,2022-02-08,db,-1.0,-0.54,53,False,31-60,0.6616541935356324,-3.953047474700233,-18.476493714588727,0.321298031762951,41.45420658523273,4.579003840177132,-1.750919698226383,-5.459904908543923,-9.667209222443418,-2.1933712377365078,8.174992773458346,2.45556893189407,1.5938818682020406,-9.752034024763024,2.5710622084846646,30.764239459177233
SE,2020-04-27,2020-04-24,db,-1.0,-0.54,5,False,<=5,2.5839285553686864,26.96078243679192,19.986757539433686,93.90374641360648,121.99999750876916,5.185372185878364,-0.6735104548623694,16.432530395860567,-3.773809844943521,10.649881335155055,13.68361961311888,3.2795269672253546,9.042362993517528,24.692412061716283,75.24080828092174,95.27879061580369
IGV,2020-11-17,2020-11-16,db,-0.29,-0.54,52,False,31-60,-0.44740061027928046,-3.4093871194617043,9.781763200838633,27.08806344986705,43.499626928036925,2.364716039810455,1.5974504871432815,1.6256183947862546,7.730745105301384,31.54921194146201,45.37182286402754,-2.012699223866188,-4.954464822726501,1.9038372876122533,-3.3912392372066225,-1.287867138972154
KRBN,2022-02-02,2022-02-01,db,-1.0,-0.55,37,False,31-60,1.9535135986546548,2.5343957725456834,29.73467972148285,47.834644120550095,113.30514171469765,1.9723067781202641,5.914059034418573,-8.126181919597887,-5.534712623325633,0.4999011962626865,13.913778000250288,-3.7393953851554973,11.603499141413831,37.33582284482342,47.09929299517328,87.25139790748489
ESTC,2020-09-16,2020-09-15,db,-1.0,-0.57,12,False,6-30,3.9887787188061186,13.436100089113868,20.35727089448347,101.39751788491034,10.677335611979167,5.1857317724929946,3.374705895908936,2.535236794367779,17.087014812127066,45.64882343236254,46.10702833444344,0.594026186169283,10.631333808305854,2.793013458925153,38.2761035336731,-24.249136490110956
TNA,2021-10-14,2021-10-13,db,-1.0,-0.59,88,False,>60,3.5586404955847417,-0.6621782004517018,-1.9495294063559543,-2.9664341952117534,123.71018949862429,4.793232055922233,0.09176856575547898,-4.233181660750029,-0.5576158022177036,5.935787915684698,22.88733863001342,3.4636933481215326,3.728852563158358,-1.3997186565537834,-8.403413318624498,82.04494620244496
AGQ,2021-05-06,2021-05-05,db,-1.0,-0.6,65,False,>60,1.2022773605963932,12.734957692803771,-5.140376027471849,-1.7809599980758595,136.35468643093338,3.0852642520223497,-2.9410164109625825,-0.6101932562352363,-0.5777348895861567,12.110696504337849,51.895887062256875,4.268841088530584,13.42708209851331,-4.589154283317354,-12.391017927425152,55.60308511451648
TSLA,2021-02-08,2021-02-05,db,-1.0,-0.61,9,False,6-30,7.397319446610906,15.932306697114097,94.53308397652636,186.94225157966798,479.98502003105494,4.186717725929062,5.34074720757165,6.252801722024914,12.762162861440363,22.472060130109163,46.019819468673994,1.9523045863599542,9.109882109661815,72.51627588552401,134.29201017344906,297.19609443530413
EDC,2021-05-25,2021-05-24,db,-1.0,-0.61,68,False,>60,3.6930921725465637,-6.45347783756427,-14.352092391399406,19.21571645928819,187.78873109024983,3.1955796706305084,2.49683442591897,-2.035823405652726,2.7149312906069367,13.265683541258987,45.48179710477105,1.1671167732425936,-4.509459054817855,-16.615913059143605,5.253164711500458,97.81769047229609
TTD,2020-08-26,2020-08-25,db,-1.0,-0.63,12,False,6-30,0.1748118247805852,10.28705000345147,52.76333331865823,71.80359755341095,90.68296208932658,3.800030087746592,2.8384573411734726,11.856348705802343,24.68744937977483,33.24391271929854,58.27399526554342,-2.5901258977038766,-1.4029589920535934,22.517008791614202,28.939171814434083,20.476495061244382
PALL,2020-02-18,2020-02-14,db,-1.0,-0.65,17,False,6-30,5.4547065534007455,12.843094602592299,40.857447186224036,70.64219833928298,70.84443834092882,3.012451426635596,2.373472630763196,6.615795030760663,16.739667084656862,28.924796558381914,38.16943211844237,3.00979720962562,5.840878989867249,20.65945595345713,32.35793493147759,23.648505839176217
JD,2020-07-02,2020-07-01,db,-1.0,-0.65,10,False,6-30,0.2673783368178251,9.629086088576466,46.663422838719804,70.30940491506709,92.36933722763823,3.2713894829290173,2.78200681011882,7.205688687012746,37.63678438307097,18.2730617699715,33.4215977413731,-2.446564871949386,2.2605119478676494,6.558303796553311,43.996783685452165,44.18155717227321
SHOP,2020-08-26,2020-08-25,db,-1.0,-0.67,19,False,6-30,1.2179066179269782,11.54859448506902,25.69410414594826,122.35347505378856,170.9836646247863,4.409847187514511,2.8384573411734726,11.856348705802343,24.68744937977483,33.24391271929854,58.27399526554342,-1.5758216966151206,-0.2751334406085104,0.8073424961219322,66.87702313441875,71.21174212487958
YINN,2019-11-01,2019-10-31,db,-1.0,-0.67,86,False,>60,-0.8237302344795805,9.587379153486285,-3.619296291946328,-25.219694177913553,2.605186407941207,2.06142238620725,1.5405396070826027,4.38008163682877,3.3372119463501937,4.418093998096229,17.08957931211781,-2.3283999186047954,4.988784675198232,-6.731852066909017,-28.383766683722598,-12.370351818898017
TSLA,2020-10-12,2020-10-09,db,-1.0,-0.68,27,False,6-30,4.555646978163019,18.488594994306396,55.635883400412276,278.7085572345882,787.4167055987152,5.9740545356914145,4.155856295909666,2.817750204613012,8.974750583267177,42.49072411220551,53.52166652399044,0.3838388895940126,15.24138075235797,42.81829741972341,165.77769156143174,478.04004196374524
TLRY,2020-04-24,2020-04-23,db,-1.0,-0.69,113,False,>60,7.064358134075288,77.14284921621348,-67.7846018274076,-69.86301545358621,-86.4305618543515,16.902918553664776,-1.2801881683763394,23.501103825680158,-6.065006143980522,9.99168975481306,11.565751179023565,8.45275750391834,43.434223443255846,-65.70458265854457,-72.60067136563376,-87.83727263766247
SLV,2021-01-28,2021-01-27,db,-1.0,-0.73,117,False,>60,-2.457310066487106,-2.253752207063564,3.0356381344200045,2.584319555670467,38.661935598692935,2.2791751872593857,-1.3404721853287227,3.188379174313516,13.213366334089539,23.023586773924798,47.294175274833286,-1.1320121896957858,-5.273976997142116,-8.989864473807218,-16.614104460971944,-5.860543813109809
TSLA,2020-08-06,2020-08-05,db,-1.0,-0.73,17,False,6-30,-0.9398887263965761,22.86499595888134,93.30912209004947,102.12604342446419,550.4117482389897,7.372303219375809,4.342319721397359,7.47847348019286,24.745629199757868,19.227046000164183,51.186731401019884,-5.062383567758388,14.315910880074089,54.962641440927285,69.5303626193891,330.20425285456116
AGQ,2021-05-03,2021-04-30,db,-1.0,-0.74,62,False,>60,-1.3571677687816752,15.543779160703085,-11.619379073915814,7.7665311995808395,126.79544182421503,2.7171663555365844,-0.42130942892598666,7.530570595017849,7.584189720785228,25.855768758474863,55.14133175609637,-0.9398178812039304,7.452028312827075,-17.849805668045025,-14.372990397927964,46.1863445782255
LMT,2022-04-05,2022-04-04,db,-1.0,-0.76,20,False,6-30,-0.21797723541595593,-3.0863165000452497,23.502599497474506,30.282893892995144,23.199306595201065,2.692731388660541,1.20303086295519,9.62245265614603,-6.737822155271966,4.993721771130399,14.326375058185548,-1.4041161477618358,-11.593217309281535,32.42517208111275,24.086366018142602,7.761053853495925
AGQ,2021-03-15,2021-03-12,db,-1.0,-0.77,28,False,6-30,6.015036286993181,-10.793713735784383,9.662970644902313,-18.10982219428746,97.66353852860294,4.5829231613703305,2.196446721086742,-6.238682322537315,4.698288073510448,16.854013138559477,78.91718190293162,3.73651891863529,-4.85811369344904,4.74189469832218,-29.920953841258857,10.477672645124624
ZM,2020-08-03,2020-07-31,db,-1.0,-0.78,14,False,6-30,2.98102132393514,0.14593767680626257,87.84494126037802,232.77849738730745,165.84650610722994,4.997179848075302,4.0030096125710735,7.346539601011193,21.626370993502487,21.796531210230064,40.207929195461276,-0.982652610191781,-6.707810005770421,54.44425392780408,173.2249384121675,89.60875296618802
TQQQ,2022-02-09,2022-02-08,db,-1.0,-0.78,53,False,31-60,-5.856227027103955,-17.65116818243856,-30.154255930890027,-13.039650301874484,10.506700612509178,8.830424567456074,-1.750919698226383,-5.459904908543923,-9.667209222443418,-2.1933712377365078,8.174992773458346,-4.17846896507128,-12.895336377757038,-22.679523716803697,-11.089513258351635,2.1554961819446827
MU,2021-04-08,2021-04-07,db,-1.0,-0.78,1,False,<=5,6.518546441495787,5.656149580892844,18.771309691738058,94.09218796578776,101.89087027238304,4.024373137540796,3.91376254760456,7.567355272441234,5.4159000877462615,18.834217156817722,69.66354408604923,2.506678451468769,-1.7767525163259634,12.669255390197298,63.33021970402433,18.994844390371156
JD,2020-07-20,2020-07-17,db,-1.0,-0.79,6,False,6-30,-5.304077524195783,0.19351796950066724,34.626198272351935,53.97770359887109,102.31195770184245,3.3674017632414124,-1.7236341411141831,6.670733541832097,20.70752613440088,16.58385378763194,36.06449228901945,-3.6432395029978304,-6.072158086164581,11.530906633322457,32.0746386368008,48.6882832532858
LHX,2022-04-05,2022-04-04,db,-1.0,-0.79,20,False,6-30,1.2788118094374301,-4.918997802866754,18.570241086061714,16.70380444404436,26.33769725123145,2.8525700750413017,1.20303086295519,9.62245265614603,-6.737822155271966,4.993721771130399,14.326375058185548,0.07488011558158814,-13.26502929525315,27.136470352932363,11.153126563548321,10.506169015621136
TSLA,2020-09-21,2020-09-18,db,-1.0,-0.8,12,False,6-30,18.62792484948004,17.151273854062588,120.20300166333513,512.0231397370761,807.942748525279,8.538558774503999,-1.3237458894566068,-3.9932236562650547,9.43759970158402,51.70093176769291,39.73925575913269,20.21932319865478,22.02396363629957,101.21329621975241,303.4405936769705,549.7406498931781
TSLA,2020-10-13,2020-10-12,db,-1.0,-0.81,28,False,6-30,3.90434751843749,18.668171994214088,43.17158958071647,285.95112933511126,792.1296300036598,5.464380879090093,5.1291629375973535,8.903621178112697,11.5770583356118,46.88946121498498,55.04783120062173,-1.165057710853168,8.966231526986036,28.316332870213976,162.7493668659044,475.3899445709128
ARKK,2021-04-13,2021-04-12,db,-1.0,-0.84,38,False,31-60,0.6823439493792494,-3.3233321344630418,-13.13568730490391,21.596238491145403,163.11996639108622,3.828673584419614,1.6976429413245508,6.858324178695607,7.382528298521995,14.659401427244067,68.42257698880563,-0.9983505640647872,-9.528182658126106,-19.10759220195071,6.049950529615344,56.22606606273144
ERX,2022-03-30,2022-03-29,db,-1.0,-0.84,15,False,6-30,2.4645983158156026,18.57013356838737,87.71952222445978,109.48034810807292,134.23638190331295,5.592516048757999,3.9864388629710756,7.165204028761152,-7.446422212698045,3.574797941166774,18.061567110075316,-1.4634990521801505,10.642381212249962,102.82254528923707,102.25030825265362,98.40189118015132
UBER,2020-11-16,2020-11-13,db,-1.0,-0.86,4,False,<=5,6.106533861581487,33.886385747193074,56.3033553557174,44.18534206639444,78.24785564305287,4.707778160572471,-1.249083668379225,-1.2189283599337797,6.771147878255612,32.86948370011016,45.19081968825256,7.448657494234712,35.53850299887606,46.39100399476854,8.516521665595134,22.7679932007953
ALB,2022-06-06,2022-06-03,db,-1.0,-0.86,4,False,<=5,-7.441298278902475,27.211866641315076,34.85697461717179,0.08683817313004383,50.24899508321325,6.054026216358145,-0.9382042334898699,-3.9583366501034556,-10.425233579757354,-19.878343174891423,-6.767587891399196,-6.564684190402204,32.45487656524653,50.55241560383907,24.918582739248563,61.15532322407069
SNAP,2021-03-11,2021-03-10,db,-0.2,-0.86,10,False,6-30,-8.247252124602678,-12.028752336806825,3.612414137016451,136.2505403540893,359.29942240264523,8.16978519035979,0.5563214978091979,-6.572488072158644,2.949705134916636,14.35829986319741,53.1771577913055,-8.754868407356842,-5.840104431831938,0.6437211269632481,106.58801384482545,199.84850811007516
AGQ,2021-04-21,2021-04-20,db,-1.0,-0.87,54,False,31-60,3.6248353215736273,-3.7862835557342933,-4.688476602011827,-2.784266907196642,109.14494706562667,2.611732608157804,-1.2301750266455858,7.56686226945269,4.035222005848138,18.64750116640288,58.8945253398661,4.915479347593221,-10.554501252204973,-8.385331851716128,-18.063396079064077,31.62501767652337
JD,2020-11-04,2020-11-03,db,-1.0,-0.88,43,False,31-60,-0.3854937937481817,8.65966429103091,28.1419627992058,99.83085474224866,162.59131360169374,3.2254041577208272,-2.8338136943902636,0.12392809108490166,1.9563392963799497,29.325754731359876,38.94086127878251,2.5197241897933154,8.525171118117614,25.683173487335665,54.51744716846581,88.99502362721697
TCEHY,2020-04-06,2020-04-03,yf,-1.0,-0.89,36,False,31-60,-1.5242091523702594,-4.741986530741116,-2.4882856737987624,14.707280224933195,,3.6373463679690166,-1.0415694825083865,-12.277642435507108,-14.20264770215438,-1.0269372212687644,0.6303808794188237,-0.48771960846384355,8.590348132431158,13.653523931238798,15.897474529385946,
TSLA,2021-11-19,2021-11-18,db,-1.0,-0.9,10,False,6-30,3.0907086683312768,26.0047483554684,59.128578049773516,89.72778560560745,125.29590163988398,5.8006269412558975,2.857211557676975,7.808946510036385,11.039292235704634,24.96492930854608,39.22349200011625,0.22701092817722923,16.87782177125541,43.30835044588459,51.82482529731032,61.82319406246171
SHOP,2021-03-16,2021-03-15,db,-1.0,-0.9,22,False,6-30,8.072326972883959,-20.370456180659435,7.90428970701591,24.705449591974048,196.4952700779305,6.327678371267689,6.297948991731239,-5.2370303913368055,3.9434762984880356,14.458538245808516,66.70751427290081,1.6692494991514373,-15.96976735935799,3.81054545179329,8.952509356846328,77.8535726905307
BLDP,2020-02-10,2020-02-07,db,-1.0,-0.91,14,False,6-30,8.915908051108046,31.901846664608758,86.63193702835757,141.5730440621127,231.79012248018606,8.335405712537655,4.6241051867747185,6.342540939137398,14.60206003232476,24.917339415065243,37.36483783580182,4.10211667442375,24.03488340578548,62.852165986995345,93.38631865944032,141.53933983949315
IWN,2021-05-14,2021-05-13,db,-1.0,-0.92,42,False,31-60,-2.1615469113064334,1.4056857370703169,6.609626879842234,38.03333601234511,99.77734620397128,1.9243164209293118,-3.6710833879227023,-6.241901300755426,-4.965574773121794,10.103087143652933,46.293403425654,1.5670647295819462,8.156721546111466,12.180009112834899,25.36736216328903,36.55936735759771
TQQQ,2020-11-04,2020-11-03,db,-1.0,-0.92,43,False,31-60,-9.324694620997299,-1.8531887313012585,-0.3472481515022996,94.30011238440889,73.45038980938625,5.937184446846588,-2.8338136943902636,0.12392809108490166,1.9563392963799497,29.325754731359876,38.94086127878251,-6.680184921729603,-1.9746696519812312,-2.2593861880288557,50.24084938689599,24.83756629474245
TSM,2021-03-31,2021-03-30,db,-1.0,-0.93,30,False,6-30,0.1566798168467498,-8.286819073584672,6.063879556837115,43.07496570041756,145.63241421294228,3.7141010987778813,-0.9142116956136981,0.18362793408339684,0.5581807216344048,13.477997329703229,64.463476442302,1.0807720570085388,-8.454921410154226,5.4751376722333545,26.08168020865065,49.35377721941592
LI,2022-01-12,2022-01-11,db,-1.0,-0.94,28,False,6-30,-1.7144756316245124,-8.163893078474882,5.63430259133797,-6.316782678061362,-9.08814079408523,5.905847514283559,-2.6861893248093627,-2.9389212309604784,7.791146503307633,7.1275168159374624,23.299643046371887,0.9985362678152532,-5.383179245253822,-2.000947185308466,-12.549809697445259,-26.26754063535801
AGQ,2021-06-09,2021-06-08,db,-1.0,-0.95,88,False,>60,-1.8126871243736797,0.7166355301767791,19.04761821587797,16.175160746115957,84.79033805213474,3.3241781602260856,1.1838161408199266,0.7659779305511316,12.417585535746568,9.57103386943472,40.08854465116563,-2.9614451989271706,-0.048967321498494254,5.897682865660903,6.02725614923989,31.90967078163387
JNUG,2022-03-23,2022-03-22,db,-1.0,-0.97,10,False,6-30,5.67906023696354,23.507087917681613,25.253036267628048,35.130035601707,-12.23939523568982,7.361555218940354,8.91402217906052,5.715024062941776,-9.277491977366614,-3.169138281526629,12.57341997177377,-2.9701978472326807,16.83021312481243,38.06169934850128,39.552652123023414,-22.041451004762102
MELI,2020-11-18,2020-11-17,db,-1.0,-0.98,7,False,6-30,6.099363597134833,2.3148117477000962,9.323713004935152,67.83563371156677,136.46793607074707,4.968986654061087,3.1225497837152227,1.3032507989685804,6.156469408454757,31.13192342843629,44.910687514727535,2.8866759207011983,0.9985473721261906,2.9835615428145834,27.989912237626193,63.18184678180787
RIVN,2022-02-17,2022-02-16,db,-1.0,-0.98,63,False,>60,2.6654288753139577,-17.13570665563784,-61.4847961655117,,,11.059696855715444,-2.9149323109402547,-6.307707611603375,-10.297720670834376,-3.2765998643932814,6.620780903465917,5.74790883818177,-11.556979520948795,-57.06329412973397,,
TQQQ,2020-11-13,2020-11-12,db,-0.38,-0.99,50,False,31-60,-6.269492876922067,-8.317144629182227,11.35340060160328,96.18529578711772,91.32001522325528,6.573164062046138,-2.0347006775327303,-2.081252856021354,6.084038814236847,30.065546388910104,43.963937890090385,-4.322747165248675,-6.368435008662521,4.967157968592795,50.83571417176258,32.89440260332348
ROKU,2020-02-14,2020-02-13,db,-1.0,-0.99,109,False,>60,10.217183747213054,3.822900512188565,-2.331946462944623,2.7488370430580167,176.99203374198467,4.471553169684691,1.6421474975945927,5.8927554534572435,16.31392638626106,24.714747716473596,37.9440285200993,8.436496532918492,-1.9546709615828606,-16.03064519315214,-17.612921547460335,100.80030771438953
ERX,2021-12-07,2021-12-06,db,-1.0,-1.0,28,False,6-30,-0.03364263809481072,-8.446341885137432,32.62062845962643,0.31509334793689003,86.71979558028349,5.10515611635539,-3.3751076946749947,-3.1108763492687763,1.3256217537286341,15.338723679053533,27.084341967031065,3.4581824381459514,-5.506774480799415,30.885580728988906,-13.025660291613805,46.925886140027686
JD,2020-10-29,2020-10-28,db,-1.0,-1.0,39,False,31-60,-3.0860457136690833,5.229961044303311,30.23255188229328,83.75399118442768,152.37942798555895,2.843753208785881,-4.416060928811005,-2.005752333417976,5.774704772149608,28.658344197653072,38.322365313414906,1.3914630722127397,7.383814407494871,23.122586031158,42.82322093476751,82.4574264716412
NIU,2020-12-22,2020-12-21,db,-1.0,-1.02,25,False,6-30,4.748506391060281,-16.652669834370815,50.02518949292105,86.12500429153442,250.35294925465303,7.040110236745001,1.789199121431917,6.577582694071338,15.68910209872232,26.931769428012544,47.06548503485717,2.9072900613924535,-21.796565413877033,29.67962130512374,46.63390034682566,138.22921412975523
NET,2021-09-16,2021-09-15,db,-1.0,-1.02,6,False,6-30,0.2886646880316812,5.585218112326751,37.63383399532352,71.05788481919046,255.4050582234415,3.408478686228361,-0.7169436149315089,2.502556944230827,10.585086993198889,18.861614756505208,36.047266785660085,1.0128700098261945,3.007399288364221,24.459669687458096,43.913478854895494,161.23645599097225
BABA,2019-11-05,2019-11-04,db,-1.0,-1.04,32,False,31-60,0.5652696258345413,5.4890338690415375,11.608685545964658,-7.95041178156265,21.749449863715608,2.3409866770480727,1.2805845665571747,5.97960282371186,7.0208496507301765,5.1472398214746695,19.192644813791702,-0.7062705490730625,-0.46288997278688404,4.286861775258921,-12.456486375938447,2.14510304215354
SHOP,2020-06-02,2020-06-01,db,-0.61,-1.04,4,False,<=5,-8.140135218647615,23.52520209242652,63.60536348182695,125.09281297425296,175.73664489948678,5.7921330536865785,1.9158825467524343,10.021613141860875,13.974141443393307,14.611039611870268,35.706887022227754,-9.866978054953302,12.273578404230667,43.54603720624086,96.39714789825543,103.18544692158711
NET,2020-11-17,2020-11-16,db,-1.0,-1.05,6,False,6-30,-0.04645931460223185,10.722250646482866,67.63636601435674,118.85385356542577,285.54361886479484,5.700912543678517,1.5974504871432815,1.6256183947862546,7.730745105301384,31.54921194146201,45.37182286402754,-1.6180620614623997,8.951121179266842,55.60680087239778,66.36652575525378,165.2120687964477
SNOW,2021-06-07,2021-06-04,db,-1.0,-1.05,120,True,>60,1.903120952202797,11.062273048212878,-2.5863463620105387,-37.436164580498634,,5.076772421362369,0.5001037051004076,1.653822357946555,10.497806016444834,10.18358614810182,43.478821486735676,1.3960356212360692,9.255383095322278,-11.84109698658462,-43.218552230268656,
MELI,2020-11-05,2020-11-04,db,-1.0,-1.06,11,False,6-30,3.30561457892935,21.898770068009355,12.075667306343508,116.61012323393467,170.83511769768847,4.245119303362216,5.621396015642066,4.59331727698038,6.1136028595061065,33.5419081946756,44.25076027269157,-2.192530608447707,16.545466996903137,5.618567540988262,62.20385507608843,87.75299151678777
KRE,2021-05-21,2021-05-20,db,-1.0,-1.07,44,False,31-60,-0.5430957096381528,7.724442426242151,9.592299738231326,47.85249511195082,102.63661117273024,2.456605483995178,2.97173656123233,-2.2532008906044787,-0.5361238947086955,13.589829837171298,42.79600904105509,-3.413395158952559,10.207641997238115,10.183017221466596,30.163497316524168,41.90635475986619
SQM,2021-04-26,2021-04-23,db,-1.0,-1.08,65,False,>60,-2.867515607294946,2.7649633879481383,-5.708243127391366,43.5622277679385,156.52582053107284,2.93659162976767,-0.7572773619928141,6.998307500569156,4.433877982484691,19.570362874873616,62.00683211226501,-2.126340540856919,-3.9564589492207647,-9.711523986092963,20.065059866190737,58.34259406622402
AGQ,2021-02-19,2021-02-18,db,-1.0,-1.08,116,False,>60,-0.3718172845058043,16.020963099759644,15.757163204425527,-18.032523994328876,56.50169615073226,5.00196937937867,-0.6306620859030776,6.608733498836461,14.809050921967447,19.82320250177594,42.44569843730186,0.260487597915815,8.828760357636089,0.8258166711111459,-31.592985086126156,9.867618234619568
TSLA,2022-01-12,2022-01-11,db,-1.0,-1.09,46,False,31-60,-7.410468512624613,4.657673098874038,34.4041113064975,62.02145423561865,31.214630379494835,5.556225064904092,-2.6861893248093627,-2.9389212309604784,7.791146503307633,7.1275168159374624,23.299643046371887,-4.854685224056965,7.826612300395808,24.689379106263832,51.241678189925665,6.419310824887137
DDOG,2020-09-22,2020-09-21,db,-1.0,-1.09,51,False,31-60,4.44365449356785,2.345560356065568,1.555476967254621,164.05031926089498,,5.712311117589399,-2.780199334267064,-5.094562569621919,9.71800033480803,57.32059538197882,41.337095357758955,7.43043472458087,7.839511757316853,-7.4395480619818155,67.84218151461567,
IQ,2020-01-22,2020-01-21,db,-1.0,-1.1,7,False,6-30,0.16757020013575818,13.425047124993128,44.64609107202797,27.860956534280355,29.243242418443828,2.9141671461955507,1.454026109465012,5.693680463750939,15.706127834661343,17.384087169428497,36.22998462608069,-1.268018587987052,7.314880726377737,25.01160809626304,8.925289293880079,-5.128637595323693
ARKK,2021-04-26,2021-04-23,db,-1.0,-1.11,47,False,31-60,-0.5467051670363987,1.6433904852274805,-15.320371090141006,26.718196675356175,141.6441411085961,3.309140800839276,-0.7572773619928141,6.998307500569156,4.433877982484691,19.570362874873616,62.00683211226501,0.21217897832619403,-5.004674504139417,-18.915556382899823,5.977931009511561,49.15675959958605
BABA,2019-11-01,2019-10-31,db,-1.0,-1.11,30,False,6-30,2.3877041566412016,5.644926709965081,2.0564937967986863,-4.796033491358043,24.170648520172744,2.291768195654075,1.5405396070826027,4.38008163682877,3.3372119463501937,4.418093998096229,17.08957931211781,0.8343116481720037,1.211768618400888,-1.2393581415922283,-8.824263244665499,6.047565675489719
BYND,2019-11-27,2019-11-26,db,-1.0,-1.12,86,False,>60,2.689078050532334,-21.20821125999064,-48.797783919894556,-0.3012399514062958,,4.718031620045951,0.6097175670441324,4.584953343306797,10.930945325939035,15.332257256645555,26.735097884683313,2.066759090246495,-24.662404847693264,-53.84316258221518,-13.555181854511943,
ROKU,2019-10-04,2019-10-03,db,-1.0,-1.12,18,False,6-30,5.3222374636212155,-30.622136059217485,16.39396198422345,58.65889031899878,49.979325886166734,7.575708407076684,-1.7478191264628573,0.4283494438427571,-2.609065605442784,1.674514311427111,0.9589296477227727,7.195826624127677,-30.918048215482187,19.51211137648581,56.04587973051891,48.55478996210778
QS,2021-02-12,2021-02-11,db,-1.0,-1.12,34,False,31-60,-5.106558767911529,-15.374479229927907,218.03394716280212,,,8.804695089707067,1.3142005881893182,6.411801475435075,15.677244089004706,26.394842579253375,45.030320880125686,-6.3374722584045635,-20.47355688306085,174.93216117605596,,
SHOP,2020-08-19,2020-08-18,db,-1.0,-1.13,14,False,6-30,5.423927519376459,10.405866379683793,38.84582797153755,91.03111964115773,185.6414091049551,4.718264803902598,4.819196621545507,7.150515631577159,22.43474189687893,18.87989593266848,51.0759958485963,0.5769276213920538,3.038110203127453,13.403945498150271,60.692536061231465,89.07133956026748
TWLO,2020-08-18,2020-08-17,db,-1.0,-1.13,10,False,6-30,-0.8998200250108668,3.868883532788514,30.958673212737132,93.98779332690164,98.62135204292079,4.322332727689796,1.8534147088572706,6.129015137479432,23.52702021756612,17.79172311280306,49.63573955588494,-2.7031344425104575,-2.1296076306400735,6.016216518525064,64.68711739714472,32.736572581138645
FAS,2020-05-26,2020-05-22,db,-0.81,-1.14,65,False,>60,14.775033773945555,12.137082163996403,-73.0540776723983,-67.6296333271752,-59.448163769255046,6.701663469956555,2.861986839939923,8.859075366972991,-0.05239029787577065,14.27851841637715,27.955168111211172,11.581583537311136,3.01123887555812,-73.03995322358467,-71.67414565624449,-68.30777777143034
WEAT,2022-03-21,2022-03-18,db,-1.0,-1.15,10,False,6-30,-3.4782593952860763,30.41775915913314,34.45490904796866,45.20348414915731,66.22296848958422,8.64994513034527,8.350774639626657,2.9223100442437477,-8.565922305789774,-5.751525866014495,13.185271267868393,-10.91735068277634,26.71476097171719,47.051200644945745,54.06454638483924,46.859186383177786
NIO,2021-11-04,2021-11-03,db,-1.0,-1.15,87,False,>60,5.571097812774362,17.297904881637116,-6.888040645826454,4.957003133763127,16.901408450704224,4.182693306360511,3.4684314651604486,9.162073544260284,7.3078223820556065,17.21719569512985,43.92332338459932,2.0321815241993946,7.452983507205113,-13.229103631736672,-10.459380544518615,-18.775216065352897
GME,2021-11-04,2021-11-03,db,-1.0,-1.16,104,False,>60,25.831369225507594,23.41303335681104,42.93289808907017,34.605429062198766,1787.035502072861,6.622460459228027,3.4684314651604486,9.162073544260284,7.3078223820556065,17.21719569512985,43.92332338459932,21.613295421296797,13.054863607709532,33.19895503999335,14.834200105156903,1211.139471835449
JD,2019-10-28,2019-10-25,db,-1.0,-1.17,65,False,>60,4.10959103379942,3.9013091275991174,-2.1049228534178344,6.602812359031818,38.12057391151635,2.717179283825876,2.0605989791474766,2.9251113529443318,1.4146474699460176,3.1436212549796227,15.391451305955739,2.007622995697478,0.9484544265463635,-3.4704753318862247,3.353761543334599,19.69740595886542
MU,2021-04-12,2021-04-09,db,-1.0,-1.17,1,False,<=5,3.1273835926278526,6.7189236671170605,23.09485934373039,91.02026087729047,106.59008735042033,3.804970165038685,3.863529954486511,8.264317585040448,5.800611465365901,18.35340575786404,68.64262487583721,-0.7087630876605466,-1.4274268312913896,16.346075546100035,61.39819522227652,22.501702936918733
TSLA,2021-10-29,2021-10-28,db,-1.0,-1.18,2,False,<=5,20.474273886456594,38.5153518255972,66.47191416361728,55.103692638053744,165.2677300842582,3.2016681901063513,1.84218251779098,6.766335184064887,5.143359523208235,13.59650580987488,42.201954954802055,18.295062917971872,29.736917153517627,58.328509682888765,36.53914047114173,86.5429558746726
AMAT,2021-03-22,2021-03-19,db,-1.0,-1.18,20,False,6-30,0.49873903071229186,-3.6681579793303443,33.67174104881627,105.55554960501885,189.28602366046405,4.995141965423413,-0.7354353327515106,-5.40148156838427,1.1764238580567188,17.550699997444053,77.26147798760374,1.2433181645443714,1.8322946466724277,32.11747949932304,74.86544070727636,63.19734380229776
JNUG,2021-05-25,2021-05-24,db,-1.0,-1.19,96,False,>60,2.206957113335939,18.030861157326285,12.47071437588052,19.335418476119415,11.752711608704193,5.9747650687457705,2.49683442591897,-2.035823405652726,2.7149312906069367,13.265683541258987,45.48179710477105,-0.2828158686135285,20.483696449643716,9.497921054604962,5.35884722105564,-23.184402562594354
NEM,2022-03-31,2022-03-30,db,-1.0,-1.2,16,False,6-30,1.3306049702742406,21.647564895868964,30.752855679454516,49.767746744798,38.13266712126193,3.4824798487260686,4.337330470894463,5.9815130143053175,-8.194369155367031,2.8085039245433263,17.348166645700005,-2.881735124955076,14.781872268089868,42.423568659676,45.676418805511055,17.711823771661408
UCO,2022-04-21,2022-04-20,db,-1.0,-1.21,30,False,6-30,-4.911875093962125,7.149830828853165,54.27526476845011,62.63095725978209,182.53777182255342,6.138498388468213,-1.4840309358862824,-2.8046709440277873,-5.553498212916052,-8.776945670017078,1.912757669634857,-3.4794807284949103,10.241749135031398,63.34672205884502,78.27835129428355,177.23493925896992
SNAP,2021-06-11,2021-06-10,db,-1.0,-1.22,74,False,>60,3.349839348364081,20.11891407990585,13.727985137435095,17.836310950283774,195.4245227085141,4.052758521976387,3.13637377912912,4.478777844439152,9.617839748839563,12.851242796695761,38.89663111466852,0.20697408820296026,14.969677630373557,3.749522338711331,4.417379933129073,112.69379994149844
JNUG,2022-03-21,2022-03-18,db,-1.0,-1.23,8,False,6-30,-3.290561067172171,19.03959830535069,33.66064220729821,30.25013527386924,-12.979388036183648,7.34428798010288,8.350774639626657,2.9223100442437477,-8.565922305789774,-5.751525866014495,13.185271267868393,-10.744118577386974,15.659664317851508,46.18252360384649,38.1986673743949,-23.11666439543163
EWZ,2020-12-29,2020-12-28,db,-1.0,-1.23,6,False,6-30,0.5188415976344674,8.979128801691495,35.053154303236965,31.50921628382468,-20.516761930038406,2.352680070973987,1.2171789928411725,4.7613093135921325,13.003925835978869,30.399979860576565,47.21235602830838,-0.6899395953883447,4.026123304237972,19.51191368277041,0.8506415602472561,-46.007767136966905
XOP,2021-01-04,2020-12-31,db,-1.0,-1.25,14,False,6-30,-0.8474356421971363,8.76217944563269,39.75957617552548,13.584312536963484,-36.39968929231318,3.908572172042315,1.3503070666310846,4.902438582238644,13.125769114006802,26.942120132320312,48.40613222084929,-2.168461815693712,3.6793623823798693,23.54353678221399,-10.52275445016444,-57.14441865984312
TSLA,2020-05-08,2020-05-07,db,-1.0,-1.25,65,False,>60,-0.2353278163465311,43.00851933872056,4.2736622890737985,132.47302837412738,215.7289673532342,7.023006696344317,1.3293124965995995,12.942954382189686,-3.0136734496570283,11.148328176370592,20.123182601800128,-1.544114209793579,26.620133253103575,7.513776423884,109.15566809537455,162.83766423326747
AMAT,2021-09-16,2021-09-15,db,-1.0,-1.26,114,False,>60,5.742763899585479,8.921012545855177,2.054488569926427,23.377256405335125,148.9966473952703,2.7083916561604715,-0.7169436149315089,2.502556944230827,10.585086993198889,18.861614756505208,36.047266785660085,6.506354407002801,6.2617516996346545,-7.714058608822272,3.799074796418056,83.02216081088922
TSLA,2021-01-25,2021-01-22,db,-1.0,-1.27,9,False,6-30,2.4789364208482656,32.217249942291645,98.83980302582674,165.84939821727653,643.2403137580958,3.7232667993396933,4.3481209674786525,5.055505058995502,14.71948609612339,23.055061383605956,46.18870510835311,-1.7912967950931669,25.854661179386127,73.32696457445687,116.04101060786954,408.41158570165595
JD,2020-07-27,2020-07-24,db,-0.61,-1.27,11,False,6-30,-2.0119035747794722,1.7379701030143968,35.138741022685196,53.93173600130956,89.06831117338089,3.4891188114957825,-1.487990101977199,4.862327909481934,19.717721463559545,15.19980230482565,32.01367551650425,-0.531827006011365,-2.979485453693642,12.881150234570416,33.621527920678965,43.2187312667798
TSLA,2020-11-09,2020-11-06,db,-1.0,-1.27,47,False,31-60,10.800434075671618,3.857674618464846,44.31919917327314,174.7003435143165,558.2613901708992,3.7425129328319615,9.365923240618734,7.06859225166192,7.2713309606969645,34.75900860397243,48.37422934795661,1.3116616150140148,-2.998935136505665,34.53659787828129,103.84562513486676,343.64940802974064
NUE,2022-01-05,2022-01-04,db,-1.0,-1.28,99,False,>60,2.7363095121445635,6.408769416206139,21.493811050453495,22.3023528788713,126.93564537416466,3.880188218256871,-1.2798693463128785,3.6139840991028738,12.579101408005066,10.812075535621801,28.796371756928597,4.068247106100675,2.6973051383007984,7.918618581027803,10.369156328595096,76.19723465692788
BA,2020-05-21,2020-05-20,db,-1.0,-1.28,120,True,>60,9.72840108989197,-7.165234483949368,-60.35446419407249,-63.84211213718416,-61.52452242198853,5.999259323592759,5.4937452338844395,8.766563941666083,-1.2338689363717736,14.957128583602897,29.685613181329096,4.014129791883958,-14.647698564937684,-59.859179073860226,-68.54663272445961,-70.3317302249909
F,2021-12-16,2021-12-15,db,-1.0,-1.29,3,False,<=5,1.918220293924855,2.1735044964768413,53.49210034203489,35.277715524248165,121.76681767885054,4.236466200057366,-0.6406261741393915,0.6183364321396434,5.142232830229321,16.27162964190081,29.902066169718267,2.5753448009333546,1.545610988496171,45.9852013889366,16.346279776832272,70.71846831836386
JD,2020-10-27,2020-10-26,db,-1.0,-1.3,37,False,31-60,0.9924222374653624,9.026386814429355,33.72207023281377,80.7103221820954,161.26442383466372,2.820045634524552,-1.1733388761525965,3.281052965996256,9.747247408045933,31.386903965887992,44.2276221426962,2.19147453631352,5.562814943728989,21.845488967598612,37.540589455561914,81.14728645818859
TAN,2021-10-27,2021-10-26,db,-1.0,-1.31,83,False,>60,-1.9888582409962052,11.360819402397437,9.019097138819943,-2.383545616294347,28.932991679326815,2.920904791949155,0.9721207647330976,1.5509162229439655,2.998818860714736,11.225749745175516,35.89691219611881,-2.93247183807146,9.660083379175921,5.844997393850138,-12.23574162696096,-5.124414090249574
NUGT,2020-10-21,2020-10-20,db,-1.0,-1.31,53,False,31-60,-4.373620289260527,-10.34085610726898,-8.596162474596847,49.327521500384705,-39.907849345973275,5.208473762006967,-3.4326917437474513,6.57249273685796,6.608458272614093,33.92151016903158,49.267416706132614,-0.9743758653976475,-15.870276100126802,-14.26211483926576,11.503761652559131,-59.74195040011176
SOXL,2021-10-28,2021-10-27,db,-1.0,-1.31,29,False,6-30,-0.24886458203141615,-7.548754962559789,12.618135776941063,6.65215468001108,145.8252056420975,5.027803675148766,1.3387299016071275,2.6056364607094373,4.388020055851816,11.9690049788173,35.156977405415724,-1.5666216511495579,-9.896523985948502,7.884157316793439,-4.748501873185418,81.88125419875463
URNM,2022-04-05,2022-04-04,db,-1.0,-1.32,100,False,>60,1.3366303785445899,13.580250517002025,3.35774620353928,10.5703704250941,47.58977919097121,5.38318299894677,1.20303086295519,9.62245265614603,-6.737822155271966,4.993721771130399,14.326375058185548,0.13201137796980955,3.61038981062618,10.82493309948147,5.3114115395584305,29.095127100685648
NEM,2022-03-21,2022-03-18,db,-1.0,-1.32,8,False,6-30,-3.810634109500577,10.075171109153725,25.73913429539609,36.221523531602614,22.88340078567852,3.886423262694473,8.350774639626657,2.9223100442437477,-8.565922305789774,-5.751525866014495,13.185271267868393,-11.224108724257785,6.94976731656638,37.51889609026824,44.53446040722886,8.568367075657912
JNUG,2022-03-30,2022-03-29,db,-1.0,-1.32,15,False,6-30,-1.2184455388077997,16.9450242006818,25.337671333878586,51.91319187159431,-4.382381654567336,6.482012586482899,3.9864388629710756,7.165204028761152,-7.446422212698045,3.574797941166774,18.061567110075316,-5.005349215427646,9.12592875696474,35.421746333694415,46.67003449804945,-19.010376800874518
UAL,2020-04-28,2020-04-27,db,-1.0,-1.33,116,False,>60,-10.03958554736305,-23.87332556686994,-67.79595403257692,-72.71933635256661,-71.57152682971858,10.921063274344025,1.3255688598268422,16.330267570589953,-0.9539739405750369,10.656165442989929,14.03298298137068,-11.216472342644701,-34.559873347720185,-67.4857768164252,-75.34645852020925,-75.06995570314449
SE,2020-11-20,2020-11-19,db,-1.0,-1.33,9,False,6-30,-2.964704886218017,6.527883273072166,15.216527652501743,154.0940526592526,368.71118370133667,5.5192064518819235,1.380001384041818,3.0232548047441465,5.896408282121923,29.105358595047683,44.637301233518166,-4.28556540831112,3.4017838739129447,8.80116665104429,96.81139142817837,224.05968564402235
FCX,2021-03-11,2021-03-10,db,-1.0,-1.33,12,False,6-30,-1.5428384375608784,10.307318844845504,38.61624292878063,118.51621049869627,282.88881568347347,5.581885493965646,0.5563214978091979,-6.572488072158644,2.949705134916636,14.35829986319741,53.1771577913055,-2.087546465605161,18.06727651062916,34.64462355392144,91.08032452397343,149.96469526163688
LABU,2021-06-24,2021-06-23,db,-1.0,-1.34,93,False,>60,1.2711813450990705,16.96575329897252,-16.40433701103019,-43.04552097847933,14.135618945035166,7.292920269219148,2.0918321563767384,6.462581431986081,9.748246912384428,13.102869669753447,40.337124522696065,-0.8038359131616435,9.865599467636832,-23.829614284675603,-49.64364813393261,-18.67040219526762
OKTA,2020-07-29,2020-07-28,db,-1.0,-1.35,13,False,6-30,-2.9577398477168337,0.7715327647786818,38.87308172349289,60.86922067534177,45.91902037987035,4.647212065503924,-2.723485539002135,6.906165864584324,21.63432124419289,16.41669866735189,32.564264319334924,-0.240812810792701,-5.738334220662489,14.172612057982793,38.18397404912517,10.0741750645295
TSLA,2021-02-02,2021-02-01,db,-1.0,-1.37,5,False,<=5,-4.653722681908823,19.008892033755952,116.42357556091211,193.4838842402744,545.4417001223005,4.296977198633884,-1.7341456954456769,2.7666316290559934,19.90662539765269,21.5261725840173,48.0146627198907,-2.9711001925597946,15.804994429833652,80.49342548268301,141.49850028180052,336.0660547149725
KRE,2021-04-19,2021-04-16,db,-1.0,-1.38,20,False,6-30,0.37081488236594407,-1.8454802054515884,16.460761302019257,73.90679163328251,123.97610758223804,2.57132048949537,1.453547526902521,6.819496947180004,9.8063277905859,18.908405002805328,61.1532166433659,-1.0672200932643316,-8.111793633437758,6.060154861133471,46.25273262153304,38.98333042765134
CHPT,2021-11-30,2021-11-29,db,-1.0,-1.39,106,False,>60,-4.5421223064045275,5.1654571808396055,22.693038414361766,7.022589775571109,-29.814162490944586,6.313652059229375,0.0976855878673577,3.517130039589844,6.407070484498623,19.964466861506548,34.38687602548873,-4.635279893858268,1.5923230682876932,15.305343766827683,-10.788092028013796,-47.7732948448452
DXCM,2020-07-29,2020-07-28,db,-1.0,-1.39,11,False,6-30,-2.617589099885065,9.066467709412995,33.25359939130315,77.8283835036216,171.69798851318947,4.403255437807618,-2.723485539002135,6.906165864584324,21.63432124419289,16.41669866735189,32.564264319334924,0.10886125978488703,2.0207457889426905,9.552631221399599,52.751611701124524,104.95567935163463
BIDU,2021-02-02,2021-02-01,db,-1.0,-1.4,8,False,6-30,-5.092790825209126,11.861817075885739,81.80382851667486,102.58793659832652,95.7672419627081,6.0183065233127575,-1.7341456954456769,2.7666316290559934,19.90662539765269,21.5261725840173,48.0146627198907,-3.4179167865920457,8.850329433448323,51.62117015114818,66.70313257686698,32.26205996441476
NUE,2022-01-12,2022-01-11,db,-1.0,-1.4,104,False,>60,-5.321610504097574,-1.665512425816107,12.882247522761237,15.019326469799953,98.63106283012367,4.249195625636765,-2.6861893248093627,-2.9389212309604784,7.791146503307633,7.1275168159374624,23.299643046371887,-2.7081676906935526,1.3119664661614738,4.72311612280456,7.36674375400852,61.09621887179375
MU,2021-12-07,2021-12-06,db,-1.0,-1.41,3,False,<=5,-4.283760712598994,13.069104968047274,11.861873719311312,-1.4263990068776877,12.578727259266188,3.191721480734787,-3.3751076946749947,-3.1108763492687763,1.3256217537286341,15.338723679053533,27.084341967031065,-0.9403922697815204,16.699481538962125,10.398408401767313,-14.535554193041511,-11.414163604457272
SNAP,2021-04-29,2021-04-28,db,-1.0,-1.42,44,False,31-60,6.4150973025902225,20.23256346924549,16.770185711061924,44.75035005142631,278.06216631568816,5.345592999005564,-0.08546701632892173,7.278466131711259,5.635535610981934,25.181627675065776,61.056609406410665,6.506124909758149,12.075207452751812,10.540629188538354,15.632263887121777,134.7386845588467
INMD,2020-02-18,2020-02-14,db,-1.0,-1.43,60,False,31-60,2.68628281777894,5.953235252067435,-4.226584699158353,170.5230712890625,,6.9876317196877675,2.373472630763196,6.615795030760663,16.739667084656862,28.924796558381914,38.16943211844237,0.3055578549571836,-0.6214461736200216,-17.959835167776326,109.8301323799721,
JNUG,2020-10-21,2020-10-20,db,-1.0,-1.43,53,False,31-60,-3.3504911184760067,-12.340419039261874,-3.642111504705714,100.45251616649433,-76.99263359930386,6.158341724809553,-3.4326917437474513,6.57249273685796,6.608458272614093,33.92151016903158,49.267416706132614,0.085122622506284,-17.746522850711955,-9.61515619249228,49.67910376271099,-84.58647780714831
FCX,2021-12-07,2021-12-06,db,-1.0,-1.44,15,False,6-30,-1.6061334624311252,0.8909372906076074,3.6204088090608932,-10.071462917342643,50.08302915246708,4.471787796001515,-3.3751076946749947,-3.1108763492687763,1.3256217537286341,15.338723679053533,27.084341967031065,1.830764505955762,4.130302235266603,2.2647648399431786,-22.030924034761867,18.097183987782262
NVDA,2020-12-02,2020-12-01,db,-0.63,-1.44,62,False,>60,3.335826573385625,6.829387614370774,-3.118457143728348,52.16600179596724,147.45098792355464,3.618640558219995,3.052948523665755,12.651266867525468,1.1803142120676124,29.875986547436728,48.85221838818998,0.2744977739816079,-5.168054843094705,-4.248624240073029,17.162537772438146,66.2393685515859
PLUG,2019-11-25,2019-11-22,db,-1.0,-1.44,4,False,<=5,-3.1518594497203622,16.551724251328693,55.045872061313375,33.59684397878584,87.77778911001919,6.8780377635377965,-0.5322502738049906,5.2019990339007505,7.56146198976948,11.967822023210651,26.97759551400598,-2.6336266610297088,10.7885071782434,44.146304069444774,19.31717663588344,47.882615314846454
ZM,2020-06-10,2020-06-09,db,-1.0,-1.44,4,False,<=5,-1.2735530238148662,32.19433767328399,80.59779575892858,211.54077201972305,118.42635407755226,6.4026609690134215,3.255098982469007,8.200666876893091,25.958825207588653,19.736907040975616,35.5397695756827,-4.385887041813563,22.175159810881805,43.378437724622486,160.18775640589206,61.15296253000293
SEDG,2020-10-16,2020-10-15,db,-1.0,-1.45,5,False,<=5,4.671280276816603,52.01005025125629,73.00542718935472,228.76860447423638,256.721685275611,6.890430686773599,3.0880161412675022,3.9561371217948116,11.192014560442187,38.75969431339199,50.813925407832805,1.5358372338637905,46.225181562067476,55.59159340108166,136.93379125764352,136.53099958174283
ACB,2020-06-08,2020-06-05,db,-0.57,-1.45,119,False,>60,-0.9943246625916613,66.18979311042365,-11.323157377425675,-52.39071048218401,-84.97197093947426,16.666808112534483,2.7125455060205805,10.121282939508959,13.521786429213645,18.681419460389527,37.18875694701573,-3.6089750773384943,50.91523516095782,-21.885617367492138,-59.88479937779493,-89.04572838550482
FCX,2021-04-13,2021-04-12,db,-1.0,-1.48,34,False,31-60,-4.779397466731505,-10.021378355424371,8.647952259863768,100.29743382738361,311.1111326913437,4.412968799877907,1.6976429413245508,6.858324178695607,7.382528298521995,14.659401427244067,68.42257698880563,-6.368918905812837,-15.796338435827062,1.1784263058361777,74.68906285410905,144.09502576288725
PENN,2020-10-16,2020-10-15,db,-1.0,-1.48,19,False,6-30,5.556391780834646,1.6268399917120036,101.51117885897203,398.4902738930727,254.86178653548586,7.119505540963335,3.0880161412675022,3.9561371217948116,11.192014560442187,38.75969431339199,50.813925407832805,2.3944350972712414,-2.2406537935839355,81.22810316511875,259.24716925883445,135.297758861368
PDD,2021-01-25,2021-01-22,db,-1.0,-1.5,11,False,6-30,6.631515287707224,23.64407574953502,95.84141046361461,112.84050872075859,343.12966056374125,6.763179678281592,4.3481209674786525,5.055505058995502,14.71948609612339,23.055061383605956,46.18870510835311,2.1882467063687905,17.694047237315957,70.71329128821166,72.96363621912289,203.12168114171297
TSLA,2020-02-18,2020-02-14,db,-1.0,-1.5,8,False,6-30,6.945875353224862,48.72658625038866,129.00529274893069,264.27923699971666,163.36702949113123,7.319908274746605,2.373472630763196,6.615795030760663,16.739667084656862,28.924796558381914,38.16943211844237,4.466394081358582,39.49770407609703,96.16750541430055,182.5517252879725,90.61164647862657
GUSH,2021-11-04,2021-11-03,db,-1.0,-1.51,7,False,6-30,2.604894137016145,15.648494913961141,62.17855311462195,55.83006961945309,443.5223264294065,5.917184109690632,3.4684314651604486,9.162073544260284,7.3078223820556065,17.21719569512985,43.92332338459932,-0.8345901410857559,5.942010039843093,51.133952320089215,32.94130498118335,277.6471482505849
FSLY,2020-08-20,2020-08-19,db,-0.48,-1.51,10,False,6-30,4.463462180200772,1.7179440229367016,97.5597525880052,227.85121420076183,355.45347870497824,8.343546237322487,1.55962960669902,6.429673423190385,21.916654860563423,16.959046334773674,47.71036491674201,2.8592390349858166,-4.427082456148012,62.04492553864367,180.31283126432842,208.34226085738652
AMD,2020-05-11,2020-05-08,db,-1.0,-1.52,56,False,31-60,6.635921186275984,9.018236582531713,6.957569105815153,46.56929535637093,96.3455087748598,4.567525437179077,5.697088880049672,12.110460894067309,-1.6844889423882181,12.22371365288999,22.077501311032343,0.8882291046745427,-2.758194272751613,8.790126761523132,30.60456706121173,60.83676899202371
BILL,2020-06-10,2020-06-09,db,-1.0,-1.52,21,False,6-30,-0.1561178140517483,-15.869413820371282,57.31215687344964,,,7.594592330297376,3.255098982469007,8.200666876893091,25.958825207588653,19.736907040975616,35.5397695756827,-3.303678782100561,-22.245778507678203,24.891730781220424,,
AMD,2020-06-09,2020-06-08,db,-1.0,-1.52,76,False,>60,-1.2306541754005362,-0.4136067149574818,9.014202622680912,33.661367128553366,63.43721527333701,4.0627765644987495,3.2000452491378617,7.422404674820671,16.366100040780964,18.336376020320387,34.56486357387054,-4.293311513422438,-7.294578271170349,-6.317903079611287,12.950363720451774,21.456085141881598
AGQ,2021-02-25,2021-02-24,db,-1.0,-1.52,120,True,>60,4.023647340976266,17.21099734413798,35.629034265123536,-2.7629220663447307,60.39400743669716,5.293670069231458,-2.9347097592702043,-0.3963811632882952,10.271877825436393,14.486352627516276,47.24035171084626,7.168738776744177,17.677448583762278,22.995125266505624,-15.066664539468633,8.933458507136915
PTON,2020-06-09,2020-06-08,db,-0.49,-1.54,15,False,6-30,-2.333696249582551,4.139532044876448,79.26340912690009,37.23566446050211,,6.841738553875136,3.2000452491378617,7.422404674820671,16.366100040780964,18.336376020320387,34.56486357387054,-5.3621502639473295,-3.0560409068125405,54.05123061104267,15.970819012521043,
TNA,2021-05-24,2021-05-21,db,-1.0,-1.55,48,False,31-60,-1.4314633739669569,-4.554443238181571,-11.397043893184067,76.22510138963308,265.2007702483795,5.564600286219403,0.18997829756450813,-3.6192975633781432,-1.0866079107889837,12.961165560620792,43.56927321690209,-1.6183671252186338,-0.9702623566355095,-10.423700739224461,56.00503103437047,154.37251444230702
PTON,2019-12-17,2019-12-16,db,-1.0,-1.55,10,False,6-30,-9.864826747248168,15.093649208390758,,,,8.73433552617154,2.548161343048494,3.1344036061623504,9.396943993193418,15.065501134534308,31.07803808625873,-12.10454475997108,11.59578684131144,,,
RCL,2021-03-15,2021-03-12,db,-1.0,-1.55,11,False,6-30,4.288527380334206,33.402355164068375,17.99633469351822,30.112510983290463,198.05087255166853,6.44361542693128,2.196446721086742,-6.238682322537315,4.698288073510448,16.854013138559477,78.91718190293162,2.0471168287848007,42.27866935805038,12.70130282423625,11.34620668013322,66.58594182048473
SOXL,2021-11-19,2021-11-18,db,-1.0,-1.55,0,False,<=5,10.285561741902715,58.60947361941478,75.84067220621007,124.4305368470202,191.777639281749,5.344109841548832,2.857211557676975,7.808946510036385,11.039292235704634,24.96492930854608,39.22349200011625,7.2220022998195965,47.12088259266049,58.358963449578425,79.59481759309242,109.57500425395548
SE,2020-04-06,2020-04-03,db,-1.0,-1.57,21,False,6-30,-4.165722327206723,-13.993875754961305,3.97628236333345,35.15248471809602,80.60917820110754,7.55888675196054,-1.0415694825083865,-12.277642435507108,-14.20264770215438,-1.0269372212687644,0.6303808794188237,-3.157035563681576,-1.9564377509945885,21.188218026099047,36.55481696090297,79.47778456440899
LRCX,2021-03-22,2021-03-19,db,-1.0,-1.57,23,False,6-30,3.58343433401882,-9.154822605856605,13.027134513622652,78.0972188373944,183.36882372953602,5.520594109051066,-0.7354353327515106,-5.40148156838427,1.1764238580567188,17.550699997444053,77.26147798760374,4.350867483525378,-3.9676530877019833,11.712917104276821,51.506727600317824,59.859224320217265
RETL,2021-06-08,2021-06-07,db,-1.0,-1.58,89,False,>60,4.445551148794591,-3.2723315835108013,46.38549582221525,182.59113164901225,585.5044812527079,6.531464792224491,0.7995851795983722,0.7181143187654282,9.182689072317851,9.88966850394899,41.10858101622006,3.6170446165032066,-3.961994254227952,34.07390591493482,157.15896270890752,385.79928755283214
FAS,2021-09-14,2021-09-13,db,-1.0,-1.58,9,False,6-30,-1.3671818402828273,-3.61599758061264,3.123905203270949,26.01283215619801,236.36470862588612,3.555737133829003,-1.3733047444163704,2.0361853222704562,10.411002808695402,19.584832765402727,39.73967619140808,0.006208161104526155,-5.539390643653796,-6.599974114944418,5.375263101638894,140.70809221366122
SNAP,2021-01-07,2021-01-06,db,-1.0,-1.62,12,False,6-30,0.9523834553907706,3.5758862271659364,86.3823439880841,112.72416538227397,196.90105873758307,4.650693726807873,-1.7349731344053265,0.8436346617461288,11.970293125396235,19.237373499117737,43.482531180100615,2.7348047169129863,2.709394177019142,66.45695816778236,78.40393421937289,106.92488228055446
NIO,2020-07-13,2020-07-10,db,-1.0,-1.62,0,False,<=5,59.70148570866185,137.77776331287677,461.04865596217877,326.7806148984985,307.06519756769,10.736500605337737,4.671061804679599,7.395430166757988,31.648444049454394,21.316917992378226,38.192041733431914,52.574630423326774,121.40398613206162,326.17188529126713,251.7898591236147,194.564862391212
QDEL,2020-11-05,2020-11-04,db,-1.0,-1.62,63,False,>60,1.0007900395551994,13.210672568063186,-10.761657672008408,91.69003679828265,347.9320691429918,5.49964243062054,5.621396015642066,4.59331727698038,6.1136028595061065,33.5419081946756,44.25076027269157,-4.3746874690072985,8.238915750480146,-15.903013446690029,43.54298166747736,210.5231946758694
PINS,2021-01-20,2021-01-19,db,-1.0,-1.62,3,False,<=5,-5.408282369919437,0.9238225131329436,54.97599871056238,184.83755020848474,208.73913972274116,5.058248601954006,0.7932061054598316,2.232993195546795,11.692607646842902,22.189285078686805,42.45297746028898,-6.15268500229138,-1.2805755182279777,38.75224330026905,133.11172499704585,116.73056276328593
JD,2020-09-23,2020-09-22,db,-1.0,-1.63,13,False,6-30,-2.5973981914268474,0.02667582416624459,26.92502976547262,99.15029632343446,142.40465266848133,3.881868807754009,-2.3579075157891816,-3.3313432421129163,10.432042957797316,60.243406992179985,43.96295437043778,-0.24527400995261184,3.473741312749934,14.934964857960885,24.279869020229427,68.37988198320704
BTBT,2021-01-28,2021-01-27,db,-0.22,-1.63,16,False,6-30,-3.6483177515187815,178.23835434354183,310.96939532670393,739.0625505436534,3927.5000925734626,24.224296627787094,-1.3404721853287227,3.188379174313516,13.213366334089539,23.023586773924798,47.294175274833286,-2.339201917249467,169.6411713895814,263.00430650029824,582.0338867908014,2634.3240729367812
SPCE,2021-02-04,2021-02-03,db,-1.0,-1.64,5,False,<=5,23.23624858835627,140.70796665031904,209.59350255123644,137.80183991014465,206.93175361279083,14.119191020049756,2.17578670291827,4.028829570323422,19.050311742073987,21.37933977314703,47.602436968650494,20.611988970217034,131.38582606814836,160.05266010724938,95.91624106259474,107.94490925510974
NUGT,2020-11-05,2020-11-04,db,-1.0,-1.64,64,False,>60,11.367992120760007,-3.6437184370064823,-28.364018728390793,16.398155559554706,-45.023188759969266,4.8571695232612715,5.621396015642066,4.59331727698038,6.1136028595061065,33.5419081946756,44.25076027269157,5.4407500013225585,-7.87529827758865,-32.491236428514355,-12.837732264637825,-61.88802670010016
BYND,2021-06-22,2021-06-21,db,-1.0,-1.65,101,False,>60,-2.798129431347529,38.183692979238934,5.66754712036468,6.292837916585725,-6.943394982260742,5.83989211937125,0.07241114396905335,5.427788211563533,10.236611792256923,11.742502858614557,41.836736081586956,-2.8684634880905224,31.069517176954943,-4.144779667668608,-4.876984855909461,-34.39174674450244
TQQQ,2022-01-31,2022-01-28,db,-1.0,-1.65,46,False,31-60,-0.5293817016405522,-34.20484882262264,-26.265538404084854,-15.928412920669944,16.85322368502944,8.563990194350788,0.03127344560671652,-12.402609636802996,-8.32095063784507,-3.605567521689901,10.013279923261532,-0.5604798658812804,-24.889142353925177,-19.5732698921803,-12.783772965054629,6.217380089511959
TAN,2021-11-11,2021-11-10,db,-1.0,-1.65,7,False,6-30,-4.0761716170365725,18.668022808274397,6.429882227433037,29.251045467081017,30.4606879415503,2.9044682817495304,-0.9333984268429352,7.849736027522747,6.297519458242284,19.841066740062896,38.16799226025527,-3.172384174168741,10.030888511392245,0.1245210329134272,7.85204853644077,-5.578212574868546
VEEV,2020-02-04,2020-02-03,db,-1.0,-1.65,106,False,>60,4.803214569915881,4.2663687217832535,2.923045898337584,-8.734108122313245,31.182131845667584,2.3454491337713925,1.9623967228948658,3.828551205870512,12.064225961692454,19.194840486905605,33.89826529154365,2.7861426744818063,0.42167352893582866,-8.157090262221278,-23.431340228427956,-2.0285053282520837
FVRR,2020-09-22,2020-09-21,db,-0.72,-1.66,3,False,<=5,-0.1420681211612873,7.220336138191863,89.5430661319347,483.310251396282,581.6810360109694,7.836335725119592,-2.780199334267064,-5.094562569621919,9.71800033480803,57.32059538197882,41.337095357758955,2.7135739787991886,12.97596749063814,72.75475815594332,270.7780599100762,382.30864960502197
AAL,2021-03-30,2021-03-29,db,-1.0,-1.66,7,False,6-30,-3.860680147878348,9.407828381620199,44.45145235401522,87.02040691764988,63.17663753318416,5.902563350926723,-0.8474193589505075,0.6904309978402079,1.0701054866324,14.833255306251614,71.30777945867545,-3.039013981730232,8.657622474539783,42.92203580723528,62.86258403010574,-4.746510608674814
PLUG,2020-12-07,2020-12-04,db,-1.0,-1.67,7,False,6-30,-5.2972538177320505,49.608666275321454,111.30952294065146,397.00000762939453,653.0303254709869,9.22091285611132,2.177162207603689,6.486355657104559,7.7368183977011284,30.217963040230433,51.839396961738046,-7.315153272850949,40.49562063807923,96.13492033950797,281.667779180241,395.93869610845644
SHOP,2021-08-24,2021-08-23,db,-1.0,-1.67,21,False,6-30,-0.5097296560572451,-9.852611901840557,21.018366963573087,13.933584650050879,45.07698133237059,3.4936636838449164,1.1518219127228724,1.3661139183231974,14.266506572129757,16.378911458636168,32.97371275847145,-1.6426313805931847,-11.067530742278786,5.908870931641963,-2.101176903905322,9.102000931479637
ROKU,2020-07-31,2020-07-30,db,-1.0,-1.68,13,False,6-30,0.12653332230452286,29.02257588474919,24.02045858304973,15.087267916375202,42.16150063031235,5.812897197840557,1.2092366027279144,5.464423899434112,19.49388583446945,17.76347312531219,35.84455984340234,-1.0697672631138189,22.337534416135462,3.7881208038131664,-2.2725257143946798,4.6501242259476605
ROKU,2020-09-15,2020-09-14,db,-1.0,-1.69,8,False,6-30,-1.3632717682732887,7.408913293714159,45.951694432264546,94.84867408752156,6.899351043869717,5.622066356189253,-2.969153238266886,1.102268795412975,16.855398450990087,43.61332705483374,44.06512837330598,1.6550215973451854,6.237886224950184,24.89940248115934,35.67590005983594,-25.797899706257276
BILI,2020-06-12,2020-06-11,db,-1.0,-1.69,15,False,6-30,1.013111259460442,18.20084088270073,32.06077688011113,93.2725185656565,127.21180531186364,6.737602240179511,-0.42974144312690754,3.151560159762967,20.130463634607644,14.658569849769854,28.692369983725953,1.4490799998909454,14.589484346750714,9.931130609627115,68.56351759741091,76.55421633823059
CRSP,2020-07-20,2020-07-17,db,-1.0,-1.69,7,False,6-30,3.218952960907684,39.22809577081037,79.59938110206919,58.32332517595478,87.55076223830996,6.844880957121474,-1.7236341411141831,6.670733541832097,20.70752613440088,16.58385378763194,36.06449228901945,5.029273374962684,30.521363403028023,48.78888405193196,35.802102977617345,37.83960758838294
MSTR,2021-10-28,2021-10-27,db,-1.0,-1.7,56,False,31-60,-5.692582034505856,20.221943229606488,13.38544895751712,5.6175150953243325,307.23315071323515,4.308067790327665,1.3387299016071275,2.6056364607094373,4.388020055851816,11.9690049788173,35.156977405415724,-6.938425163745288,17.168946440523115,8.61921597598203,-5.672542936944525,201.3038309459245
SE,2020-11-12,2020-11-11,db,-1.0,-1.72,3,False,<=5,-4.424729619114043,-1.7371544963961205,40.5201096918792,168.844389275213,445.5806609122984,5.188302881271295,0.9933644723722601,1.4175427939272067,9.265088025439393,27.94282622392208,45.06027342015011,-5.364802053870066,-3.1106031593897243,28.604765008895548,110.12853726139267,276.10618541445035
SEDG,2020-04-23,2020-04-22,db,-1.0,-1.72,43,False,31-60,3.803934266644049,37.20729966784022,-11.939882959206239,10.021892434410585,121.08796400338697,7.11359465775476,0.7353136094191859,23.854455373465733,-5.5614699516345905,10.439378099685737,13.226167993910455,3.0462213768677193,10.781077074789813,-6.754036730882018,-0.3780224702988777,95.26225069745145
CCJ,2022-01-12,2022-01-11,db,-1.0,-1.72,44,False,31-60,-0.5499056619068354,7.107057561998209,9.482908849499339,28.59614436091873,66.11467573642884,4.733114360689905,-2.6861893248093627,-2.9389212309604784,7.791146503307633,7.1275168159374624,23.299643046371887,2.1952522957228604,10.350161898430432,1.5694817256070248,20.040254999906203,34.72437683696668
TQQQ,2020-11-24,2020-11-23,db,-1.0,-1.74,57,False,31-60,-2.815210715635663,3.589343802592815,2.1086482656129446,82.15089200668027,94.54467875566182,5.696517237339384,-0.9583859334626021,1.9842799618311258,3.022679309590348,26.663373711973538,44.74902685424229,-1.8747925300627855,1.5738345570144752,-0.8872134272791321,43.80707434880322,34.401372488370626
GUSH,2021-10-25,2021-10-22,db,-1.0,-1.74,4,False,<=5,4.371027827932794,48.41664409055895,62.353259576460964,92.56366101925717,373.4034994482365,6.472619109216544,1.398600862769217,1.2257641307520162,2.9027975095500924,11.858358640118816,32.34685000183908,2.931427988031521,46.61943563977553,57.77341676390621,72.14954998471863,257.69910613033716
TSLA,2020-12-03,2020-12-02,db,-1.0,-1.76,2,False,<=5,-0.9024324557322938,42.023932499999425,27.147553342916943,222.62126763344378,749.3146813355997,4.999531770018012,2.555007058575254,12.545367372640627,0.36001399753113894,29.176406384094868,50.585393394267555,-3.371302497529738,26.19260642666392,26.691446402194387,149.75247157298784,464.00867454115985
PLUG,2020-04-27,2020-04-24,db,-1.0,-1.77,45,False,31-60,-2.6548647359614486,17.962468441498025,12.820512507010417,44.26230046416579,70.54264439849393,6.978330038010269,-0.6735104548623694,16.432530395860567,-3.773809844943521,10.649881335155055,13.68361961311888,-1.9947893962352081,1.3140125362180122,17.245120403514115,30.377275351249367,50.01514288415008
COIN,2022-06-08,2022-06-07,db,-1.0,-1.77,112,False,>60,-10.921893656788406,-32.938113430286606,-56.826362195398296,-75.71049632243063,-69.94167180292435,14.641934118335445,0.5158061225132737,0.20052439073441342,-4.496358710583282,-21.91402951154545,-7.500122523665775,-11.379006168801842,-33.072319753333915,-54.79372595462911,-68.89389537502039,-67.50446701427688
DVN,2021-12-07,2021-12-06,db,-1.0,-1.77,7,False,6-30,-3.5519254734716177,-2.7994585780710457,47.76263908703526,37.734778179783255,165.88258945915945,4.674463749999297,-3.3751076946749947,-3.1108763492687763,1.3256217537286341,15.338723679053533,27.084341967031065,-0.182994024187777,0.3214166456085854,45.82949162273244,19.417636840728303,109.21742627281041
UAL,2021-03-11,2021-03-10,db,-1.0,-1.78,7,False,6-30,-1.1911334607182633,23.161260101367432,8.622076615475137,47.92866129036815,2.5875128617203424,5.555325700870548,0.5563214978091979,-6.572488072158644,2.949705134916636,14.35829986319741,53.1771577913055,-1.737787274334146,31.825473631890034,5.509847233777698,29.355421921565572,-33.02688577007705
SE,2020-10-29,2020-10-28,db,-1.0,-1.78,10,False,6-30,-3.0526186248929776,2.0441359301794693,40.724142666520734,206.2664312003593,460.5769257850799,4.366007506032156,-4.416060928811005,-2.005752333417976,5.774704772149608,28.658344197653072,38.322365313414906,1.4264345214969332,4.132781627526638,33.041394887044184,138.04630248455047,305.26846436937956
PLUG,2021-01-26,2021-01-25,db,-1.0,-1.78,7,False,6-30,9.278353654282112,84.71050544843384,337.2588315922167,671.3614752311094,1585.1281952215295,9.961437276718204,5.210690001656659,5.992358642990636,15.440281732753135,28.621358709835576,48.17155095551124,3.866207561761459,74.26775648099884,278.7749172377115,499.7149174665995,1037.2818765509799
XPEV,2020-10-14,2020-10-13,db,-1.0,-1.79,32,True,31-60,-0.30457548714359906,2.82721988164254,,,,5.1626433105706395,7.0359069773420435,8.89994310072666,13.916598963650696,45.31453999854942,55.0425946628875,-6.857962595710543,-5.5764246024143205,,,
AMC,2021-11-15,2021-11-12,db,-1.0,-1.79,115,False,>60,-4.076738609112707,8.636606936093273,20.955544371006617,287.59691068654945,1260.544235340355,6.5747598708936055,-0.9784136696115442,10.516887468503743,7.511666633441183,24.83699908431978,37.591375229505665,-3.128938905466039,-1.7013513278197778,12.50457569726089,210.48239987309483,888.8295927494984
UAL,2020-09-15,2020-09-14,db,-1.0,-1.79,69,False,>60,-3.8471537326029925,1.5478202558525167,-7.362577357992217,-11.767525895785102,-59.781059340821976,5.513776855324489,-2.969153238266886,1.102268795412975,16.855398450990087,43.61332705483374,44.06512837330598,-0.904867393863007,0.44069382986957617,-20.72473854867688,-38.56247472734449,-72.08280649640524
KWEB,2020-03-05,2020-03-04,db,-1.0,-1.81,35,False,31-60,0.7995271669674286,-1.9634561132660155,10.248553061170096,18.925015114739075,7.318267795388889,2.2954420434050737,0.8037781438769986,-4.066483583447422,8.033965631025142,16.356455211269317,26.142837888491677,-0.004217080934709738,2.1921717755553294,2.0498992304962327,2.2074923980848427,-14.923217527215794
TNA,2021-04-15,2021-04-14,db,-1.0,-1.81,21,False,6-30,3.6488295721114783,-14.160860991471559,8.344107660304289,144.27010534165868,375.89524933044316,7.015244795483536,1.474563039955168,6.807533176027447,7.184694493226007,15.574101601847289,59.601956472481454,2.1426714902927912,-19.63194312609149,1.081696572966906,111.35367003169017,198.17632555932795
BILI,2019-11-27,2019-11-26,db,-1.0,-1.81,3,False,<=5,6.802286878338304,8.247414571799006,15.862063703865847,19.57294668322598,12.449797248451633,3.4929698285201294,0.6097175670441324,4.584953343306797,10.930945325939035,15.332257256645555,26.735097884683313,6.155040945391366,3.5019007145989267,4.445214420050347,3.6769326530597057,-11.271779384452696
UBER,2020-11-20,2020-11-19,db,-1.0,-1.82,3,False,<=5,6.163785994832738,43.95089586300445,67.43711146767106,47.485018176917436,82.10720780370033,4.396749352190323,1.380001384041818,3.0232548047441465,5.896408282121923,29.105358595047683,44.637301233518166,4.718666941687322,39.72660457663546,58.114060886367966,14.236170970656193,25.90611567737058
TWLO,2020-06-10,2020-06-09,db,-1.0,-1.83,10,False,6-30,-3.669357843840093,8.113974975212646,108.78022342933278,96.25215523270964,34.80674724145851,5.463154254423928,3.255098982469007,8.200666876893091,25.958825207588653,19.736907040975616,35.5397695756827,-6.706164532837988,-0.08012141161669595,65.75275538276009,63.902809987859,-0.5408171612796497
SE,2020-11-04,2020-11-03,db,-1.0,-1.83,14,False,6-30,-3.424455352253619,7.099638733241576,25.340865830243644,203.7422473483745,456.4882993728522,4.449670918365726,-2.8338136943902636,0.12392809108490166,1.9563392963799497,29.325754731359876,38.94086127878251,-0.6078674900398484,6.96707647727397,22.93582399607983,134.8660156511894,300.5216998448482
ETSY,2020-06-10,2020-06-09,db,-1.0,-1.84,15,False,6-30,-6.706569536813922,-5.377272193186744,30.54701324202056,85.54422504786213,19.53357877000641,6.303695177427962,3.255098982469007,8.200666876893091,25.958825207588653,19.736907040975616,35.5397695756827,-9.647628657035378,-12.54884970859591,3.642609421666365,54.95992808998012,-11.809220906738194
TNA,2021-04-14,2021-04-13,db,-1.0,-1.84,20,False,6-30,-4.331588026227873,-16.62483874491142,11.515964708314108,130.54928224392327,388.93629866862864,7.070267460240514,2.95627754095249,8.105666469284877,7.9072694227992235,16.001722409258544,68.56736930940828,-7.078602433233372,-22.876233986516116,3.3442559568210406,98.74643018707647,190.0539414429478
MU,2021-03-16,2021-03-15,db,-1.0,-1.85,10,False,6-30,4.467997263789325,0.9544452502560752,21.46275953432546,81.1416923622444,106.67597383582583,4.893904295284031,6.297948991731239,-5.2370303913368055,3.9434762984880356,14.458538245808516,66.70751427290081,-1.7215306083509296,6.533644594678112,16.85462509020612,58.2596590332376,23.975199760639754
SHOP,2020-10-27,2020-10-26,db,-1.0,-1.85,38,False,31-60,-2.8952302867403357,8.026679854999275,11.64108492135112,61.390879695199054,226.99636969889124,3.8253235736822058,-1.1733388761525965,3.281052965996256,9.747247408045933,31.386903965887992,44.2276221426962,-1.742334903361653,4.5948668731770725,1.7256355471621188,22.836351891738758,126.72243003172233
BRZU,2021-05-24,2021-05-21,db,-0.53,-1.86,88,False,>60,-2.4148471036763097,10.397270684548499,3.9773772798614493,26.42238583304557,97.96426397992313,3.793929469030849,0.18997829756450813,-3.6192975633781432,-1.0866079107889837,12.961165560620792,43.56927321690209,-2.5998861817341457,14.5429197895125,5.1196153358922025,11.916679688649978,37.88762702785433
XPEV,2021-06-28,2021-06-25,db,-1.0,-1.87,106,False,>60,-6.787529794152258,43.4989824768669,29.60344737007514,0.6926222185940967,,5.635485078323175,2.1117117329028545,5.074151128141735,12.37768010151752,13.16295584331848,42.64208019764466,-8.71520159248056,36.56925222442644,15.328459577557174,-11.019801958858677,
FAS,2022-01-04,2022-01-03,db,-1.0,-1.87,47,False,31-60,1.5242706710718146,11.026639674740313,11.854844625047978,21.335599502784362,122.90501235340004,3.7990389787241523,-0.4461153490177394,4.975582961157787,11.664440816961541,12.268265038063198,28.646351282623716,1.9792156046922305,5.764251593460057,0.17051427177121603,8.076489345984816,73.26959539155453
BNTX,2020-05-20,2020-05-19,db,-1.0,-1.87,43,False,31-60,2.554228701819272,23.964717262357183,56.86821739430845,148.84408803774116,,8.904528717472907,2.1339889871129003,5.374139414327872,-4.066391529081715,12.030439950357152,25.000296315301785,0.41145922025958015,17.642448091492092,63.51747827963976,122.12185201451389,
SOXL,2021-12-07,2021-12-06,db,-1.0,-1.88,9,False,6-30,-8.49290928925065,2.7745768844325003,32.51481403243481,57.52390761575856,101.04304989496514,7.870432778829829,-3.3751076946749947,-3.1108763492687763,1.3256217537286341,15.338723679053533,27.084341967031065,-5.2965664152089476,6.074420958659221,30.781150649646484,36.57503966672229,58.19655418062506
MDB,2020-05-05,2020-05-04,db,-1.0,-1.88,51,False,31-60,-0.2650058000048694,32.77164051423145,-7.086841348120043,26.0639978016183,18.9573025149538,5.297468246873401,-0.15772897281500775,17.369263464569727,-5.183706527229637,8.019094696778462,13.579096553807467,-0.10744630113697085,13.123007331737435,-2.00718120397414,16.705290074402,4.7352075552022255
NVDA,2021-01-11,2021-01-08,db,-1.0,-1.91,88,False,>60,1.69857394043762,-0.548707018267014,-4.032705374093581,30.03764094016821,121.29391481709497,2.5390973541107273,1.6860954270191186,3.6713270417194632,13.573892532195009,22.930990086262383,47.75333803073614,0.012271602490088185,-4.0705894102119995,-15.502328496223383,5.781008392528997,49.772531549209866
CWEB,2021-10-18,2021-10-15,db,-1.0,-1.91,119,False,>60,0.7870253734312938,5.6283268806004205,-42.40741147809567,-58.84688775482616,-59.20929635742785,5.870839320271428,2.15418727064991,-2.301527195356323,2.4489892753469134,8.245537624915356,27.857869311096948,-1.3383317255477922,8.116661241791512,-43.784132055109225,-61.981700910595826,-68.09683763513814
XNET,2019-11-06,2019-11-05,db,-1.0,-1.92,6,False,6-30,27.044024465644977,158.97436602816333,218.94736941171158,67.86703930412945,-2.415460458067742,14.032599804143569,2.1271016787176134,6.037822298849815,11.001877932701088,5.205002041293483,19.55459881053585,24.39795350828,144.22829553995135,187.3351112177444,59.56184216244853,-18.376590685081585
FCX,2021-05-27,2021-05-26,db,-1.0,-1.93,12,False,6-30,1.4735004880419567,5.813065604927181,22.123526676275617,75.92220978967568,347.2147381120493,4.798804284048588,3.5772736029342944,-2.195374741040179,6.497719601950824,13.122171174047036,46.58628192630574,-2.031114588859717,8.188202065866722,14.672433487522829,55.51523451490867,205.08635067016735
SE,2020-12-03,2020-12-02,db,-1.0,-1.94,17,False,6-30,3.4777760499176136,15.162527081794552,16.957132333744518,111.69698778576631,402.8165338181208,5.420406399125321,2.555007058575254,12.545367372640627,0.36001399753113894,29.176406384094868,50.585393394267555,0.8997795600709235,2.3254264215855747,16.53758073072973,63.88208474874555,233.9079059956567
PINS,2020-12-09,2020-12-08,db,-1.0,-1.95,3,False,<=5,2.5069624797311008,8.001236447483207,105.46576749066223,215.09687465591009,272.70787481814864,5.17677787707461,1.5916215198368278,4.643425742007534,14.202626240009986,27.851805083901727,51.29519281285306,0.9010004429504503,3.2088119073568677,79.91334722798075,146.45477195189406,146.34482291792006
DKNG,2020-06-22,2020-06-19,db,-1.0,-1.95,13,False,6-30,13.882860042298862,42.03584860824825,268.42106495977924,312.5736615022112,,9.750681447139359,3.544163304586645,7.661098926964649,37.768996061789075,16.32886136340779,31.649391132590665,9.98481846562398,31.92866320694239,167.4194307074309,254.66148010625136,
MRNA,2020-06-24,2020-06-23,db,-1.0,-1.95,25,False,6-30,-2.175936883535634,-8.782610685929004,136.88370097711956,219.49236644251607,328.16326151949386,6.845384077195598,2.6447383795262125,8.539914357466127,46.23531974942341,17.93774034870936,33.32185650815931,-4.69646602365289,-15.959589747182779,61.988021350125,170.89917569886052,221.15008951536032
GUSH,2021-04-01,2021-03-31,db,-1.0,-1.96,14,False,6-30,4.322721624059356,0.8876122717358825,84.62145275263562,228.94820716743033,350.90296361950976,7.904396503671096,2.32792639500341,1.716780703292975,1.8464673468022275,15.214599501515803,68.41860156783608,1.9494142990406083,-0.8151736870003479,81.27428232142051,185.50913563962231,167.7275309389705
MOMO,2019-10-29,2019-10-28,db,-1.0,-1.96,83,False,>60,1.1631366638048979,11.434989284384267,-0.028725809124385826,-5.641438756531381,14.628728312663174,3.1580594598673906,2.161432095690774,5.635430656699958,1.3715019255455818,4.068238516012679,19.606322587680758,-0.9771744692760431,5.490164229586991,-1.3812834061572743,-9.330106294679009,-4.161648119704219
BILI,2020-11-04,2020-11-03,db,-1.0,-1.97,43,False,31-60,-2.6189453752331726,6.746410876304432,-3.0632193891047654,77.48607802376219,171.08141806627745,4.100710612636696,-2.8338136943902636,0.12392809108490166,1.9563392963799497,29.325754731359876,38.94086127878251,0.22113486936832238,6.614285827055166,-4.923243341341643,37.23954551237121,95.1056122520769
PDD,2020-09-01,2020-08-31,db,-1.0,-1.97,40,False,31-60,6.9504551764834055,-3.1154689708877914,33.00433496086899,148.57463799822423,171.40677814771016,5.066476588415475,3.9664341139387105,10.944683829947866,26.58241592667172,43.83976536752592,58.56525468649003,2.870177368278748,-12.673119896746531,5.073310528310215,72.813573049907,71.1640918335651
OIH,2020-03-24,2020-03-23,db,-1.0,-1.98,53,False,31-60,-5.128217127211432,-65.7724346078466,-72.51114754662143,-70.72063931311678,-77.68204740829965,9.304159324760656,0.8997315223607139,-25.816109159601385,-19.350714621612898,-10.134585521272598,-3.7197011888942644,-5.9741969167046545,-53.86118872385438,-65.91556599118336,-67.4186550446344,-76.81981374456845
DKNG,2020-08-18,2020-08-17,db,-1.0,-1.99,53,False,31-60,9.712115265884758,-1.9230777529362197,18.64523040810997,100.11540945096202,254.60123979614772,7.514542985323932,1.8534147088572706,6.129015137479432,23.52702021756612,17.79172311280306,49.63573955588494,7.715696699508001,-7.58707963131946,-3.9520015951635012,69.88919438704689,136.9763004804836
TAL,2021-10-20,2021-10-19,db,-1.0,-2.01,120,True,>60,3.191491520313172,4.978355514518662,-74.06417269113416,-92.01777478832855,-93.80745668599245,8.04359829107257,5.132427892034119,0.5500343324584822,5.981942680205021,11.048820468895372,33.00936919682791,-1.8461823917109488,4.404097135778584,-75.52806954376572,-92.81196758509718,-95.34428036806656
BILI,2020-06-08,2020-06-05,db,-1.0,-2.01,11,False,6-30,6.382977722309335,25.40894115943917,22.73212113448091,103.53981384728294,146.60472169001727,6.666967759606441,2.7125455060205805,10.121282939508959,13.521786429213645,18.681419460389527,37.18875694701573,3.573499418407078,13.88256457957171,8.113274988858944,71.50099381412885,79.75578114266287
BYND,2021-06-07,2021-06-04,db,-1.0,-2.02,90,False,>60,0.08939959046172508,16.626602157529135,6.692570741355475,4.2472483469098155,6.676927915084008,6.424580449023123,0.5001037051004076,1.653822357946555,10.497806016444834,10.18358614810182,43.478821486735676,-0.4086603888925566,14.729185240924792,-3.443720207913492,-5.387678880965763,-25.649704388639638
MRNA,2020-06-30,2020-06-29,db,-1.0,-2.02,29,False,6-30,-4.123549295668438,0.9430924082190151,106.58902964127752,218.0327888074596,324.0437184099461,6.327680600166934,-1.5806042309682966,4.243349365116833,31.2802206277073,14.124203776755785,31.09237673634906,-2.5837844713737734,-3.165916077138431,57.3649317875049,178.67251492906792,223.46939537359688
SE,2020-10-27,2020-10-26,db,-1.0,-2.03,8,False,6-30,-0.29476525321400215,4.552777145911624,51.56833126157861,198.51076012560517,469.6842126679003,4.248508261578089,-1.1733388761525965,3.281052965996256,9.747247408045933,31.386903965887992,44.2276221426962,0.8890046602278545,1.231323794049688,38.106726903172095,127.19978256212477,294.98967271627413
BILI,2020-03-05,2020-03-04,db,-1.0,-2.03,5,False,<=5,-0.0725442799603182,16.83629909329758,67.78318580421518,100.07260944953393,46.38682084908432,6.132592121297833,0.8037781438769986,-4.066483583447422,8.033965631025142,16.356455211269317,26.142837888491677,-0.8693348999147088,21.788821527174207,55.30595847722106,71.94801017808643,16.048460062780578
XPEV,2021-11-04,2021-11-03,db,-1.0,-2.05,2,False,<=5,1.6121957280378574,31.528484472159278,9.073903696018926,60.71674243261742,109.99550343185365,4.912414399861782,3.4684314651604486,9.162073544260284,7.3078223820556065,17.21719569512985,43.92332338459932,-1.794011671808915,20.48917742372347,1.6458085484909235,37.110209367766764,45.90790324560032
NIO,2020-09-22,2020-09-21,db,-1.0,-2.09,12,False,6-30,0.42712186685138764,33.215294747841284,156.26701736934533,683.7499466041745,518.7499901966044,9.350462514655446,-2.780199334267064,-5.094562569621919,9.71800033480803,57.32059538197882,41.337095357758955,3.2990411203845715,40.366346075341596,133.56880054989904,398.18648645538593,337.7831514298465
BILI,2020-07-21,2020-07-20,db,-1.0,-2.09,10,False,6-30,-6.466564150013321,-5.232558337911197,42.789759542976654,85.87720388704278,172.71558025835247,6.009527920491655,3.1871157867839672,9.41859000491203,25.619967063564353,19.89139714873167,40.79646317100312,-9.355509031519727,-13.389999215092708,13.668044086275156,55.03798296424238,93.69490832104792
ALB,2021-04-01,2021-03-31,db,-1.0,-2.11,49,False,31-60,-0.35460541541950663,-6.822011045204112,-0.7015136666778776,64.51820167219246,162.8037260137373,3.9818019198566166,2.32792639500341,1.716780703292975,1.8464673468022275,15.214599501515803,68.41860156783608,-2.621505101225141,-8.394673611824855,-2.5017863455232603,42.792842559877144,56.041983229438294
NIO,2020-12-30,2020-12-29,db,-1.0,-2.12,23,False,6-30,-3.0264867296965647,-14.555556685836224,121.29495705263871,538.1742637334212,1806.6114849181536,8.412426238292056,1.0330368260354383,4.8550818616707625,13.617428965125168,29.10856936204871,47.344126791998534,-4.018015971074817,-18.511872007419072,94.77201611432795,394.29272347046214,1193.9853976057439
CHWY,2021-02-16,2021-02-12,db,-1.0,-2.12,0,False,<=5,7.217710671572819,13.960634375904913,87.26727743953286,123.31138106104417,322.38434459123783,6.2046803315833845,1.5361363032729614,7.176991982185843,16.87234579321364,23.982904674381867,44.43399177908094,5.595618048070938,6.329383077710005,60.23232542185082,80.11465503855564,192.44109325545463
TAL,2021-10-12,2021-10-11,db,-1.0,-2.13,119,False,>60,13.519811861618969,-1.814519191445696,-77.04995267132634,-91.67663642921899,-93.86495332065611,8.008002831529359,1.6363747468398637,-4.727288911244831,-0.615662518581539,6.553860759736008,26.11012317563983,11.692110373258458,3.0572969809640638,-76.9077825437388,-92.18858564914036,-95.13516716592267
NUGT,2020-05-07,2020-05-06,db,-1.0,-2.13,51,False,31-60,-2.489635596851092,58.67285611346269,-55.90423560748805,-52.29653095668256,-4.6306425820194175,9.503204057524464,0.0,11.461757580319333,-4.658422922803574,10.10338446759902,16.285845255226295,-2.489635596851092,42.35631983384349,-53.74970108076944,-56.67393034829414,-17.98713144436266
PLUG,2021-02-03,2021-02-02,db,-1.0,-2.14,5,False,<=5,-12.202788013030652,89.47213296700541,315.31996697463507,733.3333292102278,1560.2067674407201,10.289601829624802,-0.27697049609970437,4.443122021911927,21.59190424652293,23.508698016524065,50.42930992704455,-11.958940253078165,81.41178595489953,241.56876606898905,574.7163095337118,1003.6458042956456
BILI,2020-11-19,2020-11-18,db,-1.0,-2.15,54,False,31-60,8.257913231173664,9.196711107628964,5.605819959933478,42.15685885631386,192.12454777611637,5.476811789230372,0.12077501332590224,0.5545769040232962,4.36738352903594,27.781936648300864,43.726408548594684,8.127322443084095,8.594471251024572,1.1866125115161053,11.249572971786815,103.25043304574572
XOP,2022-02-01,2022-01-31,db,-1.0,-2.17,9,False,6-30,4.142262124722662,11.192227847486835,0.7508874875473026,29.9283021196469,68.62733096033591,4.653405828888327,2.7596952721039125,-8.747011270652816,-5.852300160385027,-0.1792181627059075,15.971185057451919,1.3454368942587447,21.85050527745307,7.013647342612894,30.161575303454825,45.40450791875432
SQM,2021-05-05,2021-05-04,db,-1.0,-2.17,72,False,>60,-3.5921310663363792,-2.9172010915348157,3.610969180010515,41.65737936222573,142.1548022957713,2.8410759709084834,-2.942809221353848,1.7161038095128145,0.09599525951220489,15.42161691497661,54.13622969740819,-0.6690095187933176,-4.555134071714518,3.5116029481352173,22.730371613642575,57.104402236357
LABU,2020-02-19,2020-02-18,db,-1.0,-2.19,35,False,31-60,2.257290557296332,2.3441462849469685,44.28875968862454,49.856616951474834,10.571756163205226,5.606714262396442,1.1723563535366077,5.081014326732136,15.841283653434735,27.082880299763335,37.64360033141077,1.0723622962467427,-2.6045314268430375,24.557286606299034,17.92038124882971,-19.668073272584717
MDB,2020-09-21,2020-09-18,db,-1.0,-2.19,11,False,6-30,3.360980353261045,2.1930899182434516,2.5303781721509155,102.73337680685786,59.629139151112234,5.482383054786829,-1.3237458894566068,-3.9932236562650547,9.43759970158402,51.70093176769291,39.73925575913269,4.747572032344816,6.443621804735455,-6.311561609782935,33.64016584770451,14.233569002445211
SOXL,2021-05-07,2021-05-06,db,-1.0,-2.19,56,False,31-60,-12.180609525496521,-18.395582885521343,-3.560057084139334,50.767869208787175,328.09033827760834,6.346919099307477,-2.5601103009216364,0.20858918474735422,0.1716690347341121,12.871411085846663,52.10439457660121,-9.873265717239288,-18.565446556651477,-3.725330879312283,33.57489532412914,181.44508215508392
DDS,2019-10-25,2019-10-24,db,-1.0,-2.19,67,False,>60,-1.1639064180003489,21.4045612083795,-10.480839980994695,1.6236120232389295,0.9762926443725561,4.736616597666373,0.27896198238148706,3.2558024761051074,-0.34260566760554445,2.741745622640779,18.437614987307537,-1.438854543224466,17.576502527762816,-10.173087889067588,-1.0882953103684145,-14.74305468309729
HMY,2019-10-08,2019-10-07,db,-1.0,-2.19,28,False,6-30,7.394369115822763,-10.294111940712437,36.77132422133833,57.216496460612376,82.63475771648446,5.24285373637697,-0.3018747091655394,-1.5503880477133691,-1.2721292944319673,2.3701048487549503,5.424644606346218,7.719547185603748,-8.881420372928128,38.53365138323066,53.57657071162458,73.23725244551638
JD,2020-04-14,2020-04-13,db,-1.0,-2.19,26,False,6-30,2.9354879870331807,7.731039588241595,6.127483515416476,43.991908396767585,39.94110283845467,6.176830225439737,3.333710348502894,5.7828261060540065,-7.914577460635974,6.694481271065644,10.190364782493777,-0.3853750727876415,1.841710562955079,15.24895101616095,34.9572224180414,26.99940064150461
NIO,2020-02-20,2020-02-19,db,-1.0,-2.2,19,False,6-30,0.24569414306918613,-12.63383603745265,122.9508102746419,35.999997456868485,-43.80165571517558,9.561446589370707,1.1567568723267696,6.0882580174182355,16.77913688018784,26.292381432342005,38.688707835619795,-0.9006444625418997,-17.647659038568598,90.9166450710997,7.686620455191195,-59.47878874793955
GUSH,2022-02-01,2022-01-31,db,-1.0,-2.2,57,False,31-60,8.152520930840934,21.522193909628974,-3.4576301332994386,54.155210868989556,135.037463116362,9.490616844631154,2.7596952721039125,-8.747011270652816,-5.852300160385027,-0.1792181627059075,15.971185057451919,5.247996935429811,33.17064525969562,2.543524728872848,54.43198102801831,102.66884657591872
RIOT,2021-01-14,2021-01-13,db,-1.0,-2.21,3,False,<=5,23.85891239779534,175.7505725349721,608.6053404065595,995.4127719953982,1655.8822727636493,16.415932147207318,2.7638610212102233,4.890785124330077,7.5013046199361,22.461830064585108,43.85126703916193,20.52769443163598,162.89303889575902,559.159758955287,794.4932240663796,1120.6234320380574
ERX,2022-04-05,2022-04-04,db,-1.0,-2.22,19,False,6-30,0.7491893372932656,6.0575006213790195,68.9857772668093,98.73350628141542,133.55425897568466,5.237014668661794,1.20303086295519,9.62245265614603,-6.737822155271966,4.993721771130399,14.326375058185548,-0.44844657496126983,-3.2520272520714655,81.19432890378488,89.28132361535181,104.2872949105742
SENS,2021-03-19,2021-03-18,db,-1.0,-2.22,21,False,6-30,-10.240968216103974,-33.92461142951005,621.5495983368659,684.2105160789805,380.64516377126523,17.377220893181224,-1.886589365411473,-6.144888996257047,0.8210156876204966,17.137772977230313,77.69909305838318,-8.51502235694096,-29.598518542208254,615.6738041327455,569.47705778171,170.48262064756224
BILI,2020-09-15,2020-09-14,db,-1.0,-2.22,7,False,6-30,-6.529135825045107,5.699852880032097,22.525793341667466,88.06161396946332,191.83266625737616,5.55989548327137,-2.969153238266886,1.102268795412975,16.855398450990087,43.61332705483374,44.06512837330598,-3.668918396146781,4.547458864570708,4.852488602018301,30.949973673166518,102.56995537543992
SPXL,2020-07-20,2020-07-17,db,-1.0,-2.22,104,False,>60,3.6963895782526457,10.312257688920035,35.732317269040934,-34.69821923180356,-11.641665802505742,4.993438685980528,-1.7236341411141831,6.670733541832097,20.70752613440088,16.58385378763194,36.06449228901945,5.515083582912905,3.4137987301454897,12.44726954134643,-43.987285849076876,-35.06143100890042
TDOC,2020-07-30,2020-07-29,db,-1.0,-2.23,12,False,6-30,-2.558262272006351,16.493190760512366,24.643056763216187,110.91031399292697,218.61313868613138,5.04427597368635,-1.9477129324848907,6.971657048143376,18.822679299982028,17.567395193502257,34.55381611226682,-0.6226773059368362,8.900987397141801,4.898372514004601,79.39524274208263,136.79234665503066
SE,2021-06-08,2021-06-07,db,-1.0,-2.23,77,False,>60,1.611120574377356,7.091729911557709,11.995131213568522,29.58654269679051,186.86735348797728,5.091346503236033,0.7995851795983722,0.7181143187654282,9.182689072317851,9.88966850394899,41.10858101622006,0.8050979508824829,6.328172082948513,2.5759048116023475,17.924227510190093,103.29547035484867
TNA,2020-09-02,2020-09-01,db,-1.0,-2.24,15,False,6-30,1.340162663461375,20.433758116807233,32.4676807970937,-27.44014913546455,-32.71388697971563,4.113125001238137,4.918473761021991,12.840940184435956,28.360924315005363,46.298261436831226,61.275437467858374,-3.4105634301458743,6.72877939510339,3.1993821359607155,-50.40279347689625,-58.278759570133396
DOCU,2020-12-04,2020-12-03,db,-1.0,-2.25,64,False,>60,3.060450946752913,10.833374573964761,-4.5452668276843795,56.6700571638024,226.83926642529943,4.838741423928459,2.7001435163695575,10.788278691182306,5.869676046990979,28.77988970053631,51.98894068124784,0.3508343981290851,0.04070456127236444,-9.837512745436772,21.657238197766482,115.04147930785886
JD,2020-08-17,2020-08-14,db,-1.0,-2.26,26,False,6-30,0.0,-0.11266161075760284,26.756541650919274,47.86751676984857,109.449886007465,3.154812399174382,0.2541948785524939,4.528212525026376,22.901917253743576,16.439785511211834,50.11975658334611,-0.25355036650628326,-4.439829232392977,3.136341957316602,26.990543756721873,39.521866258275566
AMC,2021-11-03,2021-11-02,db,-1.0,-2.27,107,False,>60,7.60055309195129,0.8580311338010072,10.198861902410329,286.73976280570633,1704.1860181231832,5.796725052916231,2.619256937938852,8.015457170111029,6.824325134344389,15.368279923442362,44.87495044957108,4.854153404194861,-6.626297961261196,3.158959126418126,235.2219198052916,1145.3402141118902
ACAD,2019-10-21,2019-10-18,db,-1.0,-2.27,24,False,6-30,-1.4067119654116556,-5.24193333128845,52.77247168535444,69.42324381763838,75.7589158271004,4.528889161928879,0.30351138946957956,-0.23033058337736945,-0.17844414277284892,2.7276004717818436,11.677657333299285,-1.7050483389764781,-5.023172650781682,53.04557254533475,64.92475541096387,57.38055401945989
ZM,2020-04-23,2020-04-22,db,-1.0,-2.28,21,False,6-30,-0.8643425572023355,15.090001139587827,98.90124196320458,142.33870967741936,,8.38993535710183,0.7353136094191859,23.854455373465733,-5.5614699516345905,10.439378099685737,13.226167993910455,-1.5879795369713845,-7.076414172949952,110.61450433561389,119.43143274374246,
CCL,2020-04-23,2020-04-22,db,-1.0,-2.29,65,False,>60,-5.977380359289031,-2.9999902292547898,-76.39162812906874,-72.00412653014423,-77.08912110458121,14.969706136022115,0.7353136094191859,23.854455373465733,-5.5614699516345905,10.439378099685737,13.226167993910455,-6.663694913121853,-21.682260457845224,-75.00133488011667,-74.6504607762406,-79.76538524499833
GME,2021-09-13,2021-09-10,db,-1.0,-2.29,66,False,>60,-6.086311387368992,19.717070109169654,-13.603156137105199,-28.14716842939269,2956.340338349257,8.856848468716953,-1.3051591083989456,2.657793724759183,10.776178439429218,21.43045376162207,38.86580243795705,-4.844379134489207,16.617614469826748,-22.00774112266807,-40.82799714175464,2100.930887728661
SPOT,2020-08-19,2020-08-18,db,-1.0,-2.29,19,False,6-30,1.2139313248648698,-2.442739400901117,59.07823790138566,77.55650910821915,73.81885626425735,4.323168643104445,4.819196621545507,7.150515631577159,22.43474189687893,18.87989593266848,51.0759958485963,-3.4395086137681607,-8.95306473882348,29.929001716988026,49.357894129369086,15.053920570183266
CCL,2021-03-12,2021-03-11,db,-1.0,-2.31,6,False,6-30,0.25546929495170456,32.57722370206668,28.84615332172775,55.28545661621222,26.298842475520612,7.6970386455249535,4.584063590072729,-4.943471234215313,5.5546070193631,17.809752789996836,63.841221204964604,-4.138866043766831,39.471980960646505,22.06587373120721,31.810357749428555,-22.91387872559778
CCL,2020-12-28,2020-12-24,db,-1.0,-2.32,11,False,6-30,-3.6523442889863977,3.0153178572492667,51.67393263534805,30.249984919944882,-58.61164691756522,6.407568562520896,-0.2825959060300365,5.315024192786466,16.854902024246023,27.25007034349849,46.90564178295349,-3.3792981411558176,-2.183645071692175,29.796807842838714,2.357495416975741,-71.82657345210457
W,2020-10-19,2020-10-16,db,-1.0,-2.35,38,False,31-60,0.3004774379700592,10.45508477489825,35.128486843155486,256.8099675113889,175.32899200285323,5.3163179234921545,0.9800179873151516,5.061713516623989,11.342238774866043,35.5271871988897,50.36032134368777,-0.6729455617946689,5.133526836511049,21.363184654823787,163.27556476750377,83.11279833827763
BNTX,2020-07-28,2020-07-27,db,-1.0,-2.36,90,False,>60,-1.8934162355174644,39.27249315249504,75.16193446756509,160.6325251795437,,10.528814187512111,-2.496432011365479,8.284073140549175,20.881581392912075,19.728402607468688,34.27287731523931,0.6184550866059624,28.6177081385957,44.90374170256823,117.68646328142474,
CCL,2021-04-26,2021-04-23,db,-1.0,-2.36,12,False,6-30,0.8879017816684653,7.658906356468487,34.866483646191135,77.53908172148832,124.07561859316706,4.370555377338841,-0.7572773619928141,6.998307500569156,4.433877982484691,19.570362874873616,62.00683211226501,1.657732778716836,0.6173918740684847,29.14054926583356,48.48084211911026,38.31244995759844
MDB,2020-07-08,2020-07-07,db,-1.0,-2.37,24,False,6-30,-0.3755371823270903,13.895348196433144,71.05901453833079,62.386579650032424,44.63759738367057,4.513092511576286,3.6389168733135246,7.245284931306362,30.8840162099302,19.521218618365666,35.400747554667774,-3.8735005891153973,6.200797796738877,30.69511426357996,35.864226893918286,6.821860289414894
RIOT,2021-11-29,2021-11-26,db,-1.0,-2.38,8,False,6-30,-3.48259293975246,22.784801382572883,-3.748623638674553,26.338635817855092,393.2203184356292,10.483136405649377,-3.1659149026394773,3.186335369248061,5.1591588376440844,17.34595868563322,32.74429625018853,-0.3270315785960931,18.993276525610227,-8.470762389866039,7.663388865664311,271.5566938605309
RIOT,2021-06-28,2021-06-25,db,-1.0,-2.38,90,False,>60,2.4549437788547124,31.145592765124498,-31.55490455891581,151.29574320341678,1315.021557951884,8.318698020310617,2.1117117329028545,5.074151128141735,12.37768010151752,13.16295584331848,42.64208019764466,0.33613386763082787,24.812421853580034,-39.09369246699734,122.06537583849628,892.0084984677958
PANW,2021-05-21,2021-05-20,db,-1.0,-2.38,63,False,>60,5.776828335724171,-4.836114247639978,-13.683552329052839,17.321326017621264,46.10626605969903,2.3928833175635247,2.97173656123233,-2.2532008906044787,-0.5361238947086955,13.589829837171298,42.79600904105509,2.724137581989594,-2.642453134598066,-13.21829487162397,3.2850618631958373,2.3181719439317128
RBLX,2021-12-07,2021-12-06,db,-1.0,-2.38,9,False,6-30,-12.453618223825536,45.210928454981534,36.659824117926654,13.739078384156,,10.526433558447481,-3.3751076946749947,-3.1108763492687763,1.3256217537286341,15.338723679053533,27.084341967031065,-9.395622921331038,49.873301546665004,34.87193244180391,-1.3869108690232945,
ALB,2021-05-14,2021-05-13,db,-1.0,-2.39,79,False,>60,3.1665241571881886,6.131380211832105,-3.975404817698003,29.427659382310534,166.8282981847486,4.123326785295619,-3.6710833879227023,-6.241901300755426,-4.965574773121794,10.103087143652933,46.293403425654,7.098187943550083,13.197026906740405,1.0419066070636251,17.55134459894352,82.39256995640967
SE,2021-03-16,2021-03-15,db,-1.0,-2.4,19,False,6-30,12.273716530729772,-16.217586401264384,22.99431168168262,54.23694103967092,419.7483825245892,7.3112558564425205,6.297948991731239,-5.2370303913368055,3.9434762984880356,14.458538245808516,66.70751427290081,5.6217148079342305,-11.587391209111853,18.328072200017132,34.75354779425474,211.77261852381721
NCLH,2020-07-15,2020-07-14,db,-1.0,-2.4,120,True,>60,0.3929237992385204,-25.219512567287538,24.129550203962747,-73.52331689170306,-69.21068559585967,9.087632208170696,1.4652497884410698,10.574339848907721,23.110877848134102,18.765259690218382,35.624194248139695,-1.0568406340480063,-32.37084884712412,0.8274430120506882,-77.70671055041058,-77.29806648819029
SHOP,2020-02-12,2020-02-11,db,-1.0,-2.41,0,False,<=5,1.5016686648002153,14.814646261646436,62.452196808794284,33.1936827910283,184.54699504741384,3.3117952704061535,1.9958537650484942,6.217100307651591,15.701134453877819,24.929952790895204,38.90853541299679,-0.4845148915431974,8.094314313884077,40.406744994840935,6.614690725101546,104.84486010986376
ESTC,2020-09-21,2020-09-18,db,-1.0,-2.41,15,False,6-30,2.3911062712804965,10.33892686320208,15.294374355143159,133.90752367779712,12.11297504272213,4.915834183909968,-1.3237458894566068,-3.9932236562650547,9.43759970158402,51.70093176769291,39.73925575913269,3.76468705082329,14.928269717288977,5.351702403497027,54.18990572582061,-19.769878239533302
JNUG,2019-11-04,2019-11-01,db,-1.0,-2.41,61,False,>60,9.162895881291178,17.013455432643674,-13.095871195637432,97.85338816062534,82.42886976689294,7.443348002125777,1.6509872300519035,6.194248354880605,4.796773032170654,5.70670565968403,16.614850206075115,7.389902307823792,10.188129061008432,-17.07365953178289,87.17203125939963,56.43708279392807
BILI,2020-10-29,2020-10-28,db,-1.0,-2.41,39,False,31-60,-1.7493377285133338,6.122931055986824,8.590304133877002,64.57715296229081,182.25189680783006,4.0207130064727625,-4.416060928811005,-2.005752333417976,5.774704772149608,28.658344197653072,38.322365313414906,2.7899281262216524,8.29506178471009,2.6618834510505174,27.917978416896915,104.0536945477294
NCLH,2021-03-12,2021-03-11,db,-1.0,-2.42,5,False,<=5,-8.024319679500513,27.303322028327614,14.145605309782262,72.81553302877481,101.33067708910674,7.183076700369445,4.584063590072729,-4.943471234215313,5.5546070193631,17.809752789996836,63.841221204964604,-12.05574046060498,33.923806898101304,8.138913623015265,46.69034518460382,22.881577425038245
RIOT,2021-04-12,2021-04-09,db,-1.0,-2.43,36,False,31-60,-4.61271913797664,-4.850457796583751,86.6491191549879,1503.5541392353703,4718.446839483877,12.529772151166515,3.863529954486511,8.264317585040448,5.800611465365901,18.35340575786404,68.64262487583721,-8.160948406218704,-12.113663739045588,76.41591723322692,1254.886349883363,2757.193928896356
RBLX,2021-04-26,2021-04-23,db,-1.0,-2.44,8,False,6-30,-5.365853364140594,5.5588217342601,,,,6.446459108968655,-0.7572773619928141,6.998307500569156,4.433877982484691,19.570362874873616,62.00683211226501,-4.64374200913229,-1.345335080465082,,,
DKNG,2021-01-26,2021-01-25,db,-1.0,-2.45,77,False,>60,-4.487895369035721,-1.573593715639543,20.004676886496696,36.59121693112017,257.172716864781,5.6516751064557464,5.210690001656659,5.992358642990636,15.440281732753135,28.621358709835576,48.17155095551124,-9.218250893079084,-7.1382054852786485,3.953901606295651,6.196372283132434,141.05350491473408
UBER,2021-03-10,2021-03-09,db,-1.0,-2.45,17,False,6-30,1.0978928771611773,-7.31420997434854,2.71425740773914,57.81206126484732,96.13063489657154,5.0451686972970835,-2.0822800080032122,-6.518540404060458,3.6590841300820465,12.399275961988,61.98018495050659,3.247801200257028,-0.8511522752503553,-0.9114750822583395,40.40309416069312,21.083103440399032
UAL,2020-09-16,2020-09-15,db,-1.0,-2.46,70,False,>60,-1.2875524623216728,1.7136509857797577,-5.641027597280646,-11.623439537780344,-59.71538056731794,5.437629277551164,3.374705895908936,2.535236794367779,17.087014812127066,45.64882343236254,46.10702833444344,-4.510057192254724,-0.8012716742788584,-19.411240815965957,-39.32215971297522,-72.42800713154651
BYND,2021-06-28,2021-06-25,db,-1.0,-2.49,105,False,>60,1.8160552234457006,23.692119318983163,14.090803500594262,8.360786642599361,1.8300573041778234,5.45858770245701,2.1117117329028545,5.074151128141735,12.37768010151752,13.16295584331848,42.64208019764466,-0.2895422125823499,17.71888517865459,1.5244338533498603,-4.243587634250234,-28.61148886564032
NCLH,2020-12-28,2020-12-24,db,-1.0,-2.51,11,False,6-30,-3.26643025852118,9.00222064446563,68.01093459625973,55.56961789228201,-57.896540811934585,6.078983247386277,-0.2825959060300365,5.315024192786466,16.854902024246023,27.25007034349849,46.90564178295349,-2.9922904427789665,3.501111527002543,43.77739545868553,22.255034887083227,-71.33979425359892
UAL,2020-07-01,2020-06-30,db,-1.0,-2.53,113,False,>60,-4.074282555711706,23.43081127071589,14.75464451410231,-60.652568246261865,-60.46830450720736,10.264256261011791,-0.4983034762841343,6.28667822028699,29.155706941788708,17.128861569791297,33.661987533676864,-3.5938875460030495,16.13008642051681,-11.15015570638086,-66.40671545305429,-70.4241301343567
APT,2020-04-23,2020-04-22,db,-1.0,-2.53,37,False,31-60,-4.2971538134332405,23.149018269611155,185.65218729873715,258.03814905071727,262.9834463736006,15.816363115208937,0.7353136094191859,23.854455373465733,-5.5614699516345905,10.439378099685737,13.226167993910455,-4.995733117350287,-0.5695694205972934,202.4741989868375,224.1942821586172,220.58264693116047
FTNT,2022-04-21,2022-04-20,db,-1.0,-2.54,77,False,>60,-0.08214480764238141,6.441225531563832,11.66922864293638,2.1382438459194075,67.9388437084913,3.4337687684314133,-1.4840309358862824,-2.8046709440277873,-5.553498212916052,-8.776945670017078,1.912757669634857,1.423003947036805,9.512696304847278,18.2354312017597,11.965384842797256,64.78687020999831
NUGT,2020-05-05,2020-05-04,db,-1.0,-2.55,49,False,31-60,0.7536369586668146,80.1036241888885,-53.606939030447066,-52.76831408904754,-2.9158703232874283,9.59392462710634,-0.15772897281500775,17.369263464569727,-5.183706527229637,8.019094696778462,13.579096553807467,0.9128056905212789,53.450416976720994,-51.07058157375004,-56.27468824513201,-14.52288966683275
MRNA,2020-06-15,2020-06-12,db,-1.0,-2.55,18,False,6-30,6.547519269990554,-0.5613447998180199,178.026915341601,236.04334653763,280.3681159630578,9.052722167320354,-1.5895583093094579,6.194855810477162,33.30848590485744,14.71362130212015,30.46931948019227,8.26851037298999,-6.362078990297581,108.55905267728376,192.94110213171277,191.53836126262993
NET,2021-04-22,2021-04-21,db,-1.0,-2.57,48,False,31-60,-1.059408500416259,2.9153246850546877,-11.129846106228714,34.19425135247256,208.18712252882236,5.575120662641048,0.8261145103627632,8.48774289873706,4.093188080904286,19.755882504912847,66.39470625171859,-1.8700740576343744,-5.136449579270619,-14.624428810174606,12.056500729279328,85.21449959027123
CMPS,2020-12-23,2020-12-22,db,-1.0,-2.58,6,False,6-30,-0.6131652802701781,62.90274202634723,,,,10.622994763676651,0.9865113613848564,6.867402493581287,13.887812035806313,25.768637511077074,47.46540487081352,-1.584049810306365,52.43445449713402,,,
BCRX,2020-05-04,2020-05-01,db,-1.0,-2.61,38,False,31-60,-0.5617972260667625,86.31578980390387,24.210529133663815,71.01449642596718,-51.37362829902693,14.010234141867766,-0.5144050576285197,16.69135377031632,-2.6825385696634396,7.434796392563481,13.565783998767934,-0.04763721669021059,59.66546259342349,27.634370346351787,59.179802231937416,-57.1821987320577
SQM,2021-05-07,2021-05-06,db,-1.0,-2.62,74,False,>60,0.6439148531766081,-1.269196284997831,1.3280382160857807,29.05239300684963,145.37753044973974,2.9459568988835128,-2.5601103009216364,0.20858918474735422,0.1716690347341121,12.871411085846663,52.10439457660121,3.2882068770738293,-1.4747093854606597,1.1543874555496325,14.335766484478697,61.32178898103125
DOCU,2020-11-19,2020-11-18,db,-1.0,-2.62,54,False,31-60,2.76672461665175,-8.644500533537268,2.3153702560041234,74.35731412040067,221.5121445395925,5.0141373991584635,0.12077501332590224,0.5545769040232962,4.36738352903594,27.781936648300864,43.726408548594684,2.64275781222596,-9.148342841063162,-1.9661442144527141,36.44910907892327,123.69733425217224
SHOP,2021-04-08,2021-04-07,db,-1.0,-2.63,38,False,31-60,4.7871640282568295,2.5163355970377,-0.00517824751786744,8.015423540380716,206.30051861299972,4.978997954401764,3.91376254760456,7.567355272441234,5.4159000877462615,18.834217156817722,69.66354408604923,0.8405060689166577,-4.6956808249218,-5.142562299189901,-9.104106439444248,80.53408011897449
DXCM,2020-10-16,2020-10-15,db,-1.0,-2.64,48,False,31-60,3.117415889616937,0.4045494249878434,-4.392978839520067,36.98789236101157,161.21460638269647,3.8259551439676285,3.0880161412675022,3.9561371217948116,11.192014560442187,38.75969431339199,50.813925407832805,0.028519074718769133,-3.4164290778195605,-14.01628836528589,-1.276885165499697,73.2032407990952
PDD,2020-08-19,2020-08-18,db,-1.0,-2.65,31,False,31-60,4.950154533055606,11.05856066714599,37.81221426361589,151.34467560259185,266.2134966001378,5.1375727449387805,4.819196621545507,7.150515631577159,22.43474189687893,18.87989593266848,51.0759958485963,0.12493695404185434,3.647247997392866,12.559729475877601,111.42740211090789,142.4034966925822
BLDP,2020-04-27,2020-04-24,db,-1.0,-2.65,46,False,31-60,-1.0784280268057334,21.712909517704237,4.020622175169919,65.40984115303291,203.0030145273527,5.797025096379473,-0.6735104548623694,16.432530395860567,-3.773809844943521,10.649881335155055,13.68361961311888,-0.40766322639375074,4.535140741071975,8.10011495576588,49.48939769037044,166.53181483710136
QS,2020-12-04,2020-12-03,db,-1.0,-2.67,3,False,<=5,64.0425499449385,196.53845566969653,105.70971028758116,,,17.62881697686085,2.7001435163695575,10.788278691182306,5.869676046990979,28.77988970053631,51.98894068124784,59.729620941368466,167.66230071710478,94.3046564119791,,
W,2021-02-11,2021-02-10,db,-1.0,-2.68,18,False,6-30,0.7193696824884688,11.084442909523506,18.25634752342209,-3.6845674450765475,195.22730447420588,7.259732814609275,1.9516601526659683,4.300512610843299,17.618014004053272,23.322482640410037,44.261910862843564,-1.2087007394800842,6.504215682996506,0.5427174780785027,-21.899534867648672,104.64674473561635
URA,2022-04-05,2022-04-04,db,-1.0,-2.68,100,False,>60,1.2539095406860268,11.044236751776326,5.040631814812757,13.367279171427926,39.485106732505756,4.47491464020234,1.20303086295519,9.62245265614603,-6.737822155271966,4.993721771130399,14.326375058185548,0.05027386758775787,1.2969825625869014,12.629400516139189,7.975293435688036,22.006060859986043
MU,2020-07-23,2020-07-22,db,-1.0,-2.7,111,False,>60,2.257017752293189,0.9775310494116951,17.626982562245463,-12.709129027964927,9.451175813791712,3.060858941974862,1.5446685767342094,7.372159956259949,25.79550395055781,18.799424797840224,38.71624245371408,0.7015131227895877,-5.955574433310485,-6.493492320300154,-26.522480120945822,-21.09707278849291
XPEV,2022-01-12,2022-01-11,db,-1.0,-2.71,28,False,6-30,-3.8655466629652357,-2.2848675372289295,22.287548264791802,14.629259570284647,3.1559911900788995,6.64364730115008,-2.6861893248093627,-2.9389212309604784,7.791146503307633,7.1275168159374624,23.299643046371887,-1.211911577578928,0.6738578450048882,13.448601514818591,7.002629181852882,-16.337153424456496
NUGT,2019-10-24,2019-10-23,db,-1.0,-2.72,35,False,31-60,0.8777921324959914,-24.5004371869297,-20.4040676652124,76.30326159535355,71.44981986051584,7.2330740438910555,-0.4247821429062215,0.9028764683510326,-0.6101431859075968,1.4310730453539922,11.928224458679137,1.3081309822205123,-25.176005426613067,-19.91543716209302,73.81583010220263,53.178361123570284
EDC,2021-05-07,2021-05-06,db,-1.0,-2.73,56,False,31-60,-4.362935652033551,-2.0889347958005344,-13.89070334922745,38.659295789640716,212.07978975085035,2.3391850778359347,-2.5601103009216364,0.20858918474735422,0.1716690347341121,12.871411085846663,52.10439457660121,-1.8501923151591604,-2.292741569599499,-14.038273016181346,22.847135918395267,105.17473582506125
SOXL,2022-01-03,2021-12-31,db,-1.0,-2.73,3,False,<=5,0.8900869350623397,5.190307800193317,69.89647012104068,52.73137329262687,118.83892034760648,8.213488971240563,0.2342920438787699,1.1523276938060656,11.285664933003847,12.518639278339316,27.419710052552393,0.6542620073542116,3.991979421976777,52.6669856565279,35.73873117574114,71.7465219920447
DKNG,2021-02-26,2021-02-25,db,-1.0,-2.74,12,False,6-30,-0.8064471788781447,12.712030300997391,15.090587099609621,48.00307050890462,240.86087555404205,5.678012469934733,-5.90727372744233,-4.656966138972029,5.777309278575782,9.633031120808887,46.07934029813201,5.421063615256139,18.217373348205456,8.804608365019329,34.99861218451061,133.33955017758305
DOCU,2020-12-15,2020-12-14,db,-1.0,-2.75,71,False,>60,-1.8019965441324004,11.001460971585054,12.505545831215304,51.61354088798043,209.72598758846974,4.418277901120019,-1.044741051727982,4.5062471859767195,10.495725895413543,29.120220766399353,47.63237373982481,-0.7652503772439867,6.215144032537712,1.8189119257916886,17.420447384670567,109.79543967389253
EVGO,2021-11-11,2021-11-10,db,-1.0,-2.76,1,False,<=5,51.375239542745966,101.4379039909275,43.884218417596976,37.344023891835995,,9.139258484742495,-0.9333984268429352,7.849736027522747,6.297519458242284,19.841066740062896,38.16799226025527,52.80148621123426,86.77644601700413,35.359902235649244,14.605141315820624,
DDOG,2020-06-03,2020-06-02,db,-1.0,-2.76,5,False,<=5,-0.26760907240317433,57.425518628791885,58.09331572048719,78.81313203804447,,6.98632763937891,2.8772312814884904,10.75961978119202,9.10827432559207,16.57344991198695,36.61718619677477,-3.056886654819546,42.13259213040759,44.89580803809427,53.39095838121677,
COIN,2022-06-06,2022-06-03,db,-1.0,-2.77,110,False,>60,-11.457776537950515,-46.026219035994245,-62.5400197165189,-74.8955377475396,-71.45852888976019,15.297750140203565,-0.9382042334898699,-3.9583366501034556,-10.425233579757354,-19.878343174891423,-6.767587891399196,-10.619202108202652,-43.801701176946665,-58.18020880150945,-68.66707049348842,-69.38675031061776
AGQ,2020-08-26,2020-08-25,db,-1.0,-2.77,11,False,6-30,-9.000161161898678,27.297293953516032,107.0329744956041,80.97983120788854,78.57820265082292,8.539108262501905,2.8384573411734726,11.856348705802343,24.68744937977483,33.24391271929854,58.27399526554342,-11.511859288006177,13.80426361701248,66.04155071375313,35.825965715337404,12.82851762932642
BTBT,2021-10-20,2021-10-19,db,-1.0,-2.81,50,False,31-60,6.273408774803557,13.613620035141793,163.95348553531178,-8.171515398561413,176.8292840359684,11.462855416399217,5.132427892034119,0.5500343324584822,5.981942680205021,11.048820468895372,33.00936919682791,1.0852796854850189,12.99212455710348,149.05514926422669,-17.308005421669815,108.12765725271207
NIU,2021-01-07,2021-01-06,db,-1.0,-2.83,35,False,31-60,0.8716875778933764,2.9537363431973107,22.429121170723043,30.845768912512828,240.3529447667739,5.642897401961632,-1.7349731344053265,0.8436346617461288,11.970293125396235,19.237373499117737,43.482531180100615,2.6526840682230324,2.09244905593593,9.340716857473886,9.735534315070261,137.20862879088727
LRN,2020-08-05,2020-08-04,db,-1.0,-2.83,4,False,<=5,0.2128614086691405,50.27131166837728,107.58377953068461,187.9510748171774,65.36706345816718,8.789903911392825,5.2840699035410665,7.212809281818244,25.84805773816239,19.324463754797527,45.48407094976192,-4.816691166591546,40.16171451433195,64.94794060515447,141.31771956578362,13.666783159560602
URA,2022-01-05,2022-01-04,db,-1.0,-2.85,38,False,31-60,6.251747977183197,8.421938680809205,7.927072802927437,21.885778591253626,68.11121909014662,4.066389147339724,-1.2798693463128785,3.6139840991028738,12.579101408005066,10.812075535621801,28.796371756928597,7.629261908006568,4.640256451395319,-4.132231068551451,9.993227725503662,30.524809664215645
BILI,2020-07-31,2020-07-30,db,-1.0,-2.87,18,False,6-30,0.7317054562452352,-10.837652182291801,50.78495858845893,94.26151830870751,166.62362716148223,5.937055319643821,1.2092366027279144,5.464423899434112,19.49388583446945,17.76347312531219,35.84455984340234,-0.47182565792597275,-15.457417277764495,26.186337933085447,64.95906001514894,96.27111123834344
APPN,2021-02-16,2021-02-12,db,-1.0,-2.89,12,False,6-30,-1.0382569951173815,51.24240125729944,137.2775443565636,340.2319197935925,300.9846098205303,10.719445717362316,1.5361363032729614,7.176991982185843,16.87234579321364,23.982904674381867,44.43399177908094,-2.5354454011338623,41.11461654236184,103.02283037630397,255.07469432965792,177.62482008657386
BE,2020-12-04,2020-12-03,db,-1.0,-2.91,4,False,<=5,-11.871807830381831,66.66666666666667,53.944022594558284,211.45432203789773,304.68228571492364,9.910328949807585,2.7001435163695575,10.788278691182306,5.869676046990979,28.77988970053631,51.98894068124784,-14.188832505797555,50.43709373916987,45.4089861635443,141.85012330896618,166.2577184241489
CCJ,2022-01-05,2022-01-04,db,-1.0,-2.94,39,False,31-60,6.486473637449874,7.699302122202356,8.476015291051752,23.77030021570743,77.0127818852208,4.033035224593672,-1.2798693463128785,3.6139840991028738,12.579101408005066,10.812075535621801,28.796371756928597,7.867030698133193,3.942824956129498,-3.6446250375396616,11.693874171610519,37.436155592401946
FCX,2021-09-15,2021-09-14,db,-1.0,-2.94,88,False,>60,-4.317897955575056,-8.687663771690602,-11.694057406641999,-6.625129089592285,113.57503019454356,3.052753042119072,-1.7926871288671986,1.7460970578174528,9.052069223372206,19.244853801251406,36.95727869383767,-2.5713063038609207,-10.254703749057859,-19.02405591912223,-21.69484222267729,55.9428109490856
NCLH,2020-08-24,2020-08-21,db,-1.0,-2.95,120,True,>60,-1.206346542116199,3.871835080802577,10.905208237815799,-66.87247175808405,-69.43025549477522,6.374761697827092,3.5677479106925425,6.768956091408573,23.371446591047395,22.88266548839548,50.63740277366298,-4.609634320643419,-2.713448849425548,-10.104638226829564,-73.04133328305417,-79.70640495497875
LAKE,2020-07-28,2020-07-27,db,-0.73,-2.97,103,False,>60,2.3893771718238366,3.119437782840606,53.75412971206583,43.72671622045712,120.38094352117766,6.430815437718902,-2.496432011365479,8.284073140549175,20.881581392912075,19.728402607468688,34.27287731523931,5.010902968965025,-4.769524462757369,27.19400916199566,20.04396040567522,64.12915841803108
FUTU,2021-03-16,2021-03-15,db,-1.0,-2.99,22,False,6-30,20.617889803918988,0.5353349338251379,256.80614657187846,352.4550015048146,1312.9523876094718,12.822293102682055,6.297948991731239,-5.2370303913368055,3.9434762984880356,14.458538245808516,66.70751427290081,13.471511866425256,6.091372346180934,243.26939917543297,295.3003493135066,747.5637068743424
XP,2021-01-19,2021-01-15,db,-1.0,-3.0,108,False,>60,-1.6316186410133549,3.6737969074177146,-5.688538367534957,-11.440007626337268,5.965393040601841,3.6019870782987446,-2.247460782518762,1.6711068378773675,7.695703141881083,19.749021918491017,42.45148052957819,0.630001170747363,1.9697730572893146,-12.427832419445084,-26.045331348140422,-25.6129928262841
LIT,2021-09-15,2021-09-14,db,-0.77,-3.0,23,False,6-30,0.9524843833588648,-0.24401534323075236,22.511574093782194,41.016056245532084,121.30339171635586,1.4120703775533905,-1.7926871288671986,1.7460970578174528,9.052069223372206,19.244853801251406,36.95727869383767,2.795282176010927,-1.9559594506286748,12.342273710405971,18.257561437885883,61.58571039591876
SDGR,2020-04-20,2020-04-17,db,-1.0,-3.0,38,False,31-60,-1.9128351818913258,33.388202838639636,,,,9.803941070704642,7.184125683692666,18.452183334384877,-3.4162512304141357,11.710937279432088,16.020107900625867,-8.487227756496063,12.609323934613425,,,
BNTX,2020-05-05,2020-05-04,db,-1.0,-3.03,32,False,31-60,-7.327946902160476,-13.213275705476569,39.06440446961719,141.3284103518719,,10.423574194870646,-0.15772897281500775,17.369263464569727,-5.183706527229637,8.019094696778462,13.579096553807467,-7.181545306990433,-26.056684916727157,46.667201781679154,123.41273182237585,
ETSY,2021-03-23,2021-03-22,db,-1.0,-3.04,14,False,6-30,-1.549967083859638,3.120312175127826,11.343600585551572,84.139092653708,593.4995284593685,8.48028101769934,0.057174833581985496,-1.0630346016350156,2.986928062008065,17.28955905271079,87.94878547216865,-1.6062235617932186,4.228295015840433,8.114304097420977,56.99529791134652,268.98324547144335
SOXL,2021-09-16,2021-09-15,db,-1.0,-3.04,11,False,6-30,8.097896792070603,11.752546834582244,21.35363531978447,36.662991126174035,196.70817141455677,4.485450168058062,-0.7169436149315089,2.502556944230827,10.585086993198889,18.861614756505208,36.047266785660085,8.878494204301912,9.024155266081912,9.737794325963556,14.976556061547686,118.09197525593436
NUGT,2021-01-04,2020-12-31,db,-1.0,-3.07,103,False,>60,0.18766907716913916,7.965139566728907,-18.15072921538595,-11.230515953372889,-60.16073835313374,4.995546486460811,1.3503070666310846,4.902438582238644,13.125769114006802,26.942120132320312,48.40613222084929,-1.1471479693668685,2.919570818260109,-27.647545359777993,-30.070898489723742,-73.15524564201982
LI,2021-12-30,2021-12-29,db,-1.0,-3.1,19,False,6-30,-3.223682745176648,-14.675172659860769,14.341238242155452,-14.102189558265854,2.6159748796797055,6.723226483265049,1.9291826370138487,0.5936753686609952,11.90793529256402,13.385910610243524,28.92527038938024,-5.055338666396136,-15.178735613907824,2.174379272774507,-24.24295930646787,-20.406624263995088
BE,2020-12-15,2020-12-14,db,-0.52,-3.11,4,False,<=5,-11.907343858520147,34.84765197448105,66.37047137520162,176.9055774541409,258.9970412888219,11.381558619002314,-1.044741051727982,4.5062471859767195,10.495725895413543,29.120220766399353,47.63237373982481,-10.977287030768611,29.033101470488674,50.567336453063035,114.45562578080674,143.16959227485486
TNA,2020-06-29,2020-06-26,db,-1.0,-3.14,111,False,>60,-9.445954411560864,-8.056556688135974,34.28377573476047,-67.32598808766141,-57.83864730567693,9.00248005717746,-1.4748649515904488,5.063632318124034,25.39749197449641,12.797845222131944,30.341099370695247,-8.090412112659251,-12.487850188286998,7.086492417305568,-71.03312403885562,-67.65306346357067
PENN,2021-03-01,2021-02-26,db,-0.86,-3.16,14,False,6-30,-3.7972577920779127,16.36180781838883,59.961319663948245,109.82239604742614,290.3573815742919,6.775996182982144,-5.099366707220366,-4.397558952880387,6.220275510927342,7.791968010054728,45.93892000732198,1.3720761073588328,21.71426434711803,50.593960422831266,94.65494500281702,167.47997145292496
KODK,2020-08-06,2020-08-05,db,-1.0,-3.17,5,False,<=5,-55.12048410805199,574.2081158977505,599.5304609380842,328.1609062317546,510.6557077504211,28.132937123666384,4.342319721397359,7.47847348019286,24.745629199757868,19.227046000164183,51.186731401019884,-56.98819423242647,527.2959543121907,460.7655077180387,259.1139096335281,303.9082676711017
ACB,2021-01-06,2021-01-05,db,-1.0,-3.18,38,False,31-60,15.476190476190466,-10.927457630063486,109.9567064895183,-20.94539330680103,-59.583333333333336,7.716435418765928,-0.3514978847981798,2.2601491461739176,11.516669785183065,23.88482800853968,46.4354508260415,15.883518592874113,-12.89613489355137,88.27383107293498,-36.187015017085436,-72.39967068173964
NIO,2021-02-08,2021-02-05,db,-1.0,-3.19,18,False,6-30,-0.5789505807976991,6.522551421508904,33.81345976570642,307.1120535800536,1190.888380238434,6.24755025623864,5.34074720757165,6.252801722024914,12.762162861440363,22.472060130109163,46.019819468673994,-5.619570721958822,0.2538753756251122,18.668759422549776,232.41218703070308,784.0501138377119
SPG,2020-08-10,2020-08-07,db,-1.0,-3.19,117,False,>60,-0.2566095214673658,-3.7688545185620703,11.307365680042869,-54.32051622704677,-56.86559287443336,3.8786891164450443,2.1370042305234316,5.790896896026099,22.59584973620987,18.90121116232828,48.52822951626907,-2.343532366181811,-9.036459369451922,-9.207884345560224,-61.58198614933372,-70.95878186520636
TLRY,2020-04-08,2020-04-07,db,-1.0,-3.21,113,False,>60,-7.41279369563641,-36.42714301094902,-58.447488913987314,-73.7427868259166,-89.30131035422326,27.15259148697867,3.151273104631458,-5.384794976564655,-8.681577720948964,4.783928947553173,7.267417928255093,-10.241334384261268,-32.80904800311477,-54.49712111863209,-74.94156457215327,-90.02615160091533
W,2021-03-18,2021-03-17,db,-1.0,-3.22,42,False,31-60,3.757941204960469,17.712066225130062,12.83940448220644,19.425264734385237,949.4616889575465,8.450994636266302,3.5447829484583915,-3.6025362435125996,3.692430133896707,19.29693414953522,77.73838278134457,0.20586093324295174,22.111165209165804,8.821255646625659,0.10757240809655677,490.4530425758425
BE,2021-01-06,2021-01-05,db,-1.0,-3.24,5,False,<=5,1.9410529167899648,1.539564269521665,60.22598524251022,174.00965763369732,253.17561087711317,9.1417558305784,-0.3514978847981798,2.2601491461739176,11.516669785183065,23.88482800853968,46.4354508260415,2.3006374937154295,-0.7046585426178309,43.67895450174126,121.18096464145647,141.18176908996537
JKS,2021-01-06,2021-01-05,db,-1.0,-3.24,51,False,31-60,-1.1755658838891625,5.4234543503488775,33.961101949303774,238.19227064596643,186.54274777308265,9.347102659300962,-0.3514978847981798,2.2601491461739176,11.516669785183065,23.88482800853968,46.4354508260415,-0.8269747980138131,3.093389977021488,20.126526560877302,172.98925629751372,95.6785369640321
TSLA,2021-11-29,2021-11-26,db,-1.0,-3.24,15,False,6-30,-4.849341696480125,6.234113699145749,54.304301200085604,74.74844734985713,88.48781754464652,5.904895150381435,-3.1659149026394773,3.186335369248061,5.1591588376440844,17.34595868563322,32.74429625018853,-1.7384651201568846,2.9536646678955503,46.73405807507174,48.917311944251686,41.99315742304732
SEDG,2021-02-08,2021-02-05,db,-1.0,-3.26,19,False,6-30,6.9052837336845085,-2.7050937124020957,31.935104135698,42.66407188622816,195.051198078564,6.821376533819276,5.34074720757165,6.252801722024914,12.762162861440363,22.472060130109163,46.019819468673994,1.4852149501369816,-8.430738097487877,17.00299177288478,16.487035275366367,102.06243176588919
RIG,2020-12-04,2020-12-03,db,-1.0,-3.27,6,False,6-30,-6.451617510690378,133.33332876592766,67.76858738769698,35.333331425984696,-58.230454411082086,12.985018946846038,2.7001435163695575,10.788278691182306,5.869676046990979,28.77988970053631,51.98894068124784,-8.911147262030084,110.61192711219437,58.467082975895515,5.088870428983672,-72.51803624546784
FUTU,2021-06-14,2021-06-11,db,-1.0,-3.28,84,False,>60,-5.979314206065611,13.668329842907912,-9.382591404326812,241.43190183009241,700.9360650815152,6.1464656962186295,1.6805743614989987,4.896839274121967,7.430137974712392,13.397459959567248,46.51974584508321,-7.53328609290882,8.362016081212719,-15.64991881793607,201.0930773509677,446.64035926485485
DPST,2021-05-21,2021-05-20,db,-1.0,-3.31,44,False,31-60,-2.0559072594199534,22.25832437919868,22.73334189812106,178.94363572874195,377.6481799906586,7.408060511726129,2.97173656123233,-2.2532008906044787,-0.5361238947086955,13.589829837171298,42.79600904105509,-4.882547375184442,25.07655032506029,23.39489139574349,145.57096011905463,234.49686948416786
INSG,2019-10-28,2019-10-25,db,-1.0,-3.33,3,False,<=5,4.423075455885672,7.952286402924713,6.679759546673081,22.022470195641674,52.957744329748024,5.0628936490901,2.0605989791474766,2.9251113529443318,1.4146474699460176,3.1436212549796227,15.391451305955739,2.3147781811675205,4.884303727145367,5.191668272857108,18.30345755845819,32.555525213203865
APPS,2021-03-22,2021-03-19,db,-1.0,-3.36,13,False,6-30,-7.110088492230348,-4.672238629715153,41.016716463387716,147.02652558220376,1801.4083485451097,13.871740719272005,-0.7354353327515106,-5.40148156838427,1.1764238580567188,17.550699997444053,77.26147798760374,-6.421881948354624,0.7708819871172556,39.37705157599174,110.14466573791135,972.6573929830816
SE,2021-03-11,2021-03-10,db,-1.0,-3.36,16,False,6-30,-13.558576978247238,-19.839832551444992,9.178190523106888,55.70609800277217,328.50663365261454,7.18452930906229,0.5563214978091979,-6.572488072158644,2.949705134916636,14.35829986319741,53.1771577913055,-14.036808691698166,-14.200682652807206,6.050027418755355,36.15635960751218,179.7457792214872
PLUG,2020-09-15,2020-09-14,db,-1.0,-3.37,17,False,6-30,4.081628681073313,7.36842263768589,141.89723141369308,262.130158482044,361.8867671935327,8.242128318668104,-2.969153238266886,1.102268795412975,16.855398450990087,43.61332705483374,44.06512837330598,7.266536523847877,6.19783701882386,107.00561088339136,152.15637427839633,220.60969396888157
DDOG,2020-07-29,2020-07-28,db,-1.0,-3.38,13,False,6-30,-2.689597011215006,4.473371336446008,102.47706850654072,109.39278723625452,,5.610116870757015,-2.723485539002135,6.906165864584324,21.63432124419289,16.41669866735189,32.564264319334924,0.034837317079983166,-2.2756353746891334,66.46376321700194,79.86490738289336,
RRC,2020-01-07,2020-01-06,db,-1.0,-3.4,120,True,>60,-3.6717218402106733,16.414808667967872,22.458196382352092,-28.44129295629323,-57.688179985953965,7.632215393992428,1.5786244975112718,5.379194220031214,14.415226176351004,13.301745882734028,39.113145017106476,-5.168751165606289,10.472289648461675,7.029632746260761,-36.842361530978366,-69.58459963733618
BLDP,2020-05-26,2020-05-22,db,-1.0,-3.41,66,False,>60,1.9812260412949811,-4.678367302170683,-25.570780232581857,45.752603239507984,135.09615605046773,4.749324568132775,2.861986839939923,8.859075366972991,-0.05239029787577065,14.27851841637715,27.955168111211172,-0.856254896199371,-12.435750187577677,-25.531766103020402,27.541558342972273,83.73322431661052
GME,2021-03-04,2021-03-03,db,-1.0,-3.42,23,False,6-30,35.40508291881621,34.37939117417541,670.3473563285576,1487.9795086857837,3320.9365396756093,35.550192054726935,-4.618521466287939,-5.276070135640854,1.7879645122047094,7.762588283897287,48.42478848923826,41.961610367528564,41.86424841811493,656.8157591324958,1373.5907275188115,2204.828306980305
APT,2020-04-21,2020-04-20,db,-1.0,-3.46,35,False,31-60,13.632653684032213,30.459231272365983,297.7142878941127,277.23576857555304,287.7437439859908,16.439941111756756,4.782524931535703,24.89358627979863,-4.56023835122803,11.45888103989563,14.499034004982558,8.446187719067776,4.456309693997151,316.7176038826896,238.45285818052054,238.64368145596555
MELI,2022-11-04,2022-11-03,db,-1.0,-3.46,57,False,31-60,4.07017007964503,-1.2943424082689559,-2.2438728820073806,-12.618398611055825,-43.15145115319081,6.279782383980846,-4.536936070399477,-4.767287504171147,-19.18049043352171,-17.991409221426792,-33.33399641154852,9.016163734689941,3.646798463347678,20.956100380172526,6.551765564266709,-14.72632858307854
BLDP,2020-07-08,2020-07-07,db,-1.0,-3.46,1,False,<=5,26.88312597109128,61.48760578100012,124.33984879389763,139.75462368243745,361.9385538397059,7.427861165066208,3.6389168733135246,7.245284931306362,30.8840162099302,19.521218618365666,35.400747554667774,22.428070264561995,50.5778141057087,71.40354895136302,100.59586611811594,241.16396119098172
CCL,2020-05-26,2020-05-22,db,-1.0,-3.47,87,False,>60,13.14554100960963,24.22678382680017,-65.31542480856389,-66.50923294944478,-71.30060807464416,9.20093243547597,2.861986839939923,8.859075366972991,-0.05239029787577065,14.27851841637715,27.955168111211172,9.997429065483242,14.117066866516502,-65.29724393128839,-70.69373359520586,-77.57074423097
ACMR,2020-02-10,2020-02-07,db,-1.0,-3.5,12,False,6-30,3.713301450853246,47.06122156800168,130.22362411317437,123.7888188382541,289.09283029594286,12.879328094952053,4.6241051867747185,6.342540939137398,14.60206003232476,24.917339415065243,37.36483783580182,-0.8705486506149884,38.29011444457458,100.88960359721044,79.14952390609817,183.25504286696898
CLNE,2021-06-18,2021-06-17,db,-1.0,-3.5,88,False,>60,1.1828946055354672,36.77736444071107,-26.842105098048073,133.12368826045903,403.1674069509479,10.487193146191732,1.466118221662538,6.451696173207178,7.41725821855721,11.383565430024834,42.437108703664705,-0.27913122241292054,28.487726694519843,-31.893723489850444,109.29810188821416,253.25584149406572
VXRT,2020-02-24,2020-02-21,yf,-1.0,-3.51,13,False,6-30,-0.9090900224102638,105.6603947582098,289.2857245492691,62.68656809363444,,19.153892126450703,-1.8624286454859251,3.130605985614876,14.412124827239836,22.5863730860302,35.280078436842885,0.9714308291080442,99.41742103880999,240.24866257582684,32.7117884297484,
XPEV,2021-11-23,2021-11-22,db,-1.0,-3.56,6,False,6-30,-0.2315802323190841,9.85164594374055,22.48643337230194,65.8152537304249,-12.061607113784023,5.378755710578695,1.1885072414001163,6.73614531456157,8.705476459698458,22.383490212373005,38.245816997664804,-1.403407869563067,2.91888059101002,12.677334538626162,35.48825372007647,-36.38983457437891
RBLX,2022-06-08,2022-06-07,db,-1.0,-3.56,120,True,>60,5.01001995071344,13.052862775350738,-23.874089310285175,-72.89421405888467,-66.35274003361376,13.850676528080083,0.5158061225132737,0.20052439073441342,-4.496358710583282,-21.91402951154545,-7.500122523665775,4.471151355760328,12.826617887246083,-20.290043749200215,-65.28725227904664,-63.62453563790419
SPCE,2021-02-08,2021-02-05,db,-1.0,-3.58,1,False,<=5,22.69135965286719,125.29022856110062,183.46376268371935,169.67743147099873,190.74373577295444,14.848771434092466,5.34074720757165,6.252801722024914,12.762162861440363,22.472060130109163,46.019819468673994,16.470941117501802,112.03227106471742,151.38198442684478,120.19506423302163,99.11251556870226
BCRX,2020-05-20,2020-05-19,db,-1.0,-3.58,5,False,<=5,-5.730128493956066,51.78571618637267,81.49466222365291,151.23152593647706,-30.422920085734408,13.839327113418967,2.1339889871129003,5.374139414327872,-4.066391529081715,12.030439950357152,25.000296315301785,-7.69980450098865,44.04456067684301,89.18777800240045,124.25291380432193,-44.338468015496716
PLUG,2021-10-13,2021-10-12,db,-1.0,-3.58,73,False,>60,22.199424132569256,23.261593024535475,2.61888427599426,0.3369285055306648,68.82087141182728,4.981753106873005,-0.06715803980439361,-5.059605371906695,-1.3476416574673578,6.320924455376398,21.90693557244694,22.281546021920096,29.830504188847982,4.020710705860031,-5.628239201736118,38.48340180079444
SABR,2020-03-24,2020-03-23,db,-1.0,-3.59,97,False,>60,-41.7486178946674,-82.85471209078659,-83.5103784635593,-83.55962371996851,-81.83160323927306,17.611908860790944,0.8997315223607139,-25.816109159601385,-19.350714621612898,-10.134585521272598,-3.7197011888942644,-42.268050443302386,-76.88812528571697,-79.55391488086305,-81.70555783290445,-81.12968386567653
XPEV,2021-12-30,2021-12-29,db,-1.0,-3.6,19,False,6-30,-2.7765640821162396,-13.415107686466355,28.712017952815884,0.33845109862764566,7.027682400143287,7.265270386858195,1.9291826370138487,0.5936753686609952,11.90793529256402,13.385910610243524,28.92527038938024,-4.616682482275958,-13.926107186945124,15.01598846973673,-11.507125921901928,-16.984713643106453
PLUG,2019-10-24,2019-10-23,db,-0.79,-3.63,2,False,<=5,6.071431399608196,6.071431399608196,32.00000127156575,17.391306806172004,58.82353053673442,4.710910273242399,-0.4247821429062215,0.9028764683510326,-0.6101431859075968,1.4310730453539922,11.928224458679137,6.523926015243586,5.122306828267997,32.810334477561675,15.73505364936989,41.89765924087159
TLRY,2020-04-20,2020-04-17,db,-1.0,-3.65,120,True,>60,-4.129797825555137,124.13793103448273,-69.00333765095705,-71.09826511159541,-87.17442747323962,21.955841254814793,7.184125683692666,18.452183334384877,-3.4162512304141357,11.710937279432088,16.020107900625867,-10.555596210800777,89.22228761436337,-67.906958733824,-74.1281063499537,-88.94538820999391
ACB,2020-06-23,2020-06-22,db,-1.0,-3.68,108,False,>60,3.5471675081073073,-14.303565448003175,56.62100381060393,-49.185186315465856,-84.33789989175318,6.945858588544272,3.526302898833089,7.623915556373428,45.105897437230766,17.251333710143356,32.19671594172468,0.020153920974652628,-20.374171382838213,7.935657045472122,-56.66163268543002,-88.15242875235188
ENPH,2020-11-05,2020-11-04,db,-1.0,-3.7,10,False,6-30,3.2876227634244914,17.427847045278,54.01016264165834,141.45066745493335,491.5877321891367,7.953574452685245,5.621396015642066,4.59331727698038,6.1136028595061065,33.5419081946756,44.25076027269157,-2.209564861149871,12.270888908045308,45.137059237887755,80.80516499955192,310.1106511125484
DQ,2020-12-08,2020-12-07,db,-1.0,-3.7,33,False,31-60,-8.972572220544828,-12.114545025551749,97.21997417356314,232.540758927476,328.3526470981575,8.320581846277255,2.5465505168017044,4.290441778226262,8.346882835089176,28.40932449545899,50.784842769537384,-11.233067011317155,-15.730096185289188,82.02644045952337,158.9693234771559,184.08203320068472
HOOD,2022-02-04,2022-02-03,db,-1.0,-3.72,120,True,>60,21.877691963515254,-23.264646373539733,-61.798058129640786,-69.76495758716807,,10.420587651175781,3.6499314186471787,-11.982168827734519,-9.964499751026112,-3.3848653120358674,8.846488755960436,17.585887704300784,-12.818399857778296,-57.57013426401816,-68.70568725026219,
MELI,2021-02-19,2021-02-18,db,-1.0,-3.75,19,False,6-30,-2.63406019717789,2.1228189040554346,43.471994693730466,56.46428571789279,159.60463094657067,4.551584848196157,-0.6306620859030776,6.608733498836461,14.809050921967447,19.82320250177594,42.44569843730186,-2.016112971394368,-4.207830303912186,24.96575273603161,30.57928886149892,82.2481365141657
NUGT,2020-09-09,2020-09-08,db,-1.0,-3.75,23,False,6-30,-5.284269147434806,-11.921600941044929,45.936937944574055,-42.95356945733219,-46.778105557681215,7.4196528701381474,-9.992681209555677,-0.5599336664435572,11.9517206331196,30.27385122931159,42.03814919804636,5.231143561873042,-11.425643298034826,30.357029904728705,-56.21037529453772,-62.529859236541775
NVAX,2021-06-29,2021-06-28,db,-1.0,-3.79,96,False,>60,7.4644975395319335,31.757218827704882,6.797718655135276,66.45271933236366,151.32446250673573,8.338482445266122,2.7151697960486,6.046280757990008,12.063366154346422,13.396266016955716,47.86870804875607,4.623784152733834,24.245016313575608,-4.698812537862462,46.78853650037702,69.9646029394317
APT,2020-04-22,2020-04-21,db,-1.0,-3.84,36,False,31-60,6.177607741449531,28.865978460009934,183.5051602138472,274.659392756337,283.00836570302835,15.864777183613485,-3.2899212849438753,20.285073627894445,-8.040744809252198,6.402493366809092,10.274075281636819,9.78959913194597,7.13380685841436,208.29431972429808,252.1152379998712,247.32403307380815
W,2021-03-15,2021-03-12,db,-1.0,-3.85,39,False,31-60,6.967464604058526,7.9496222984881015,29.827586962880925,25.360714799392415,858.3636659564395,8.220164468313653,2.196446721086742,-6.238682322537315,4.698288073510448,16.854013138559477,78.91718190293162,4.668477267113591,15.132364788038654,24.00163302739655,7.279768518301655,435.64652414231676
RCL,2020-04-23,2020-04-22,db,-1.0,-3.9,65,False,>60,-8.031384542535758,42.8391241614752,-73.40077233789198,-68.12207759336829,-70.93240036347524,16.095916175905923,0.7353136094191859,23.854455373465733,-5.5614699516345905,10.439378099685737,13.226167993910455,-8.702705970565638,15.328208202735905,-71.83434806907141,-71.13536588565559,-74.32784297876434
LAKE,2020-01-21,2020-01-17,db,-1.0,-3.91,76,False,>60,2.523342416051677,2.908060833706294,-0.6340525961842758,7.233621726041406,-3.091888957409028,1.9551233244884079,2.2661837822712583,6.912617196322057,15.662250329436134,16.709550995692133,37.640345077142314,0.25146008609056025,-3.7456349565012093,-14.089560664092481,-8.11924061810545,-29.593237369262937
CBAT,2021-01-22,2021-01-21,db,-1.0,-3.93,44,False,31-60,6.85544017186035,31.801470604348147,140.60402786585132,733.7209252359546,774.3902608335623,14.231079966277708,3.8205907607779643,5.645475470811734,15.04680057626353,23.845275672116895,46.99841110350573,2.923167156768791,24.758272909437483,109.13578357735987,573.1955827231143,494.82973609686115
GME,2021-05-24,2021-05-21,db,-1.0,-3.97,79,False,>60,10.549021579756035,11.53239506200887,335.55061005551937,1290.9519492960405,3881.7565542286807,9.009387139081394,0.18997829756450813,-3.6192975633781432,-1.0866079107889837,12.961165560620792,43.56927321690209,10.339400664830102,15.720670468603902,340.33532856975694,1131.3541050969275,2673.404409600311
DQ,2020-11-24,2020-11-23,db,-1.0,-3.98,24,False,6-30,-6.510388422545244,3.084456865891805,66.00276946223265,290.5891246289759,439.9259578570268,8.284620901684129,-0.9583859334626021,1.9842799618311258,3.022679309590348,26.663373711973538,44.74902685424229,-5.6057269880039895,1.078771065964701,61.132258037458655,208.36785187575768,273.0083507923789
TTD,2021-02-19,2021-02-18,db,-0.87,-4.0,38,False,31-60,-2.3464498943613465,7.784962527702155,9.590643783157349,80.45962270540166,174.4456033678271,3.962956536575461,-0.6306620859030776,6.608733498836461,14.809050921967447,19.82320250177594,42.44569843730186,-1.726677307583091,1.1033139502389266,-4.54529246335893,50.604907010999824,92.66682418537589
APT,2020-05-06,2020-05-05,db,-1.0,-4.02,46,False,31-60,-4.309063313984229,-18.58406850251186,147.21689098148096,255.80111938185044,256.78671713919886,10.358589268450036,2.9125351029143376,18.699905238190606,-4.423868984424817,9.183751839536857,14.866768351545545,-7.017219437531919,-31.410280965166848,158.6596552450886,225.873688518011,210.60917118105573
PLUG,2020-07-22,2020-07-21,db,-1.0,-4.03,11,False,6-30,4.971102013167972,65.69342868800258,115.16588566687318,110.18517506711318,293.0735995075572,9.635864653025418,1.3941876052335545,8.278390603098051,29.073697494937022,18.695210863502986,39.32928978595132,3.527731216567087,53.025389244436916,66.70002474773233,77.07974360382724,182.11842614817598
BTBT,2021-10-19,2021-10-18,db,-1.0,-4.16,49,False,31-60,-7.588529886875406,9.709712605130893,139.824937121667,-17.779444104454022,184.67533271777992,11.184096918623398,3.978861324176064,-0.20516199006962443,4.324133719250778,9.206128140114899,29.855265136730402,-11.124752727371845,9.935257968166567,129.88442709437277,-24.7106757689876,119.22509835703048
U,2021-01-22,2021-01-21,db,-1.0,-4.3,18,False,6-30,-2.293728385242566,-11.1326050353175,61.49451287238152,,,6.10739483315492,3.8205907607779643,5.645475470811734,15.04680057626353,23.845275672116895,46.99841110350573,-5.889312612474984,-15.88149462280073,40.372884829012,,
ACB,2020-05-28,2020-05-27,db,-1.0,-4.31,112,False,>60,19.999999999999996,67.7631635084709,-12.06896551724138,-49.40476088356868,-84.65703989900922,15.461964882112406,-0.475375866431027,6.833364139009013,12.225619116087682,12.250598077363417,30.365929646360446,20.57317577904303,57.032557067267376,-21.647984501826112,-54.926530474643044,-88.23085131014588
NVAX,2020-12-17,2020-12-16,db,-1.0,-4.34,93,False,>60,4.912338112089731,33.34803664499548,0.6243236636540139,131.79289303267328,2921.999931335449,10.439051694287574,2.545588810799493,5.381988143255012,12.515944134237532,27.452085821587158,48.53987784639657,2.307997183240107,26.53778790330257,-10.568831432811143,81.86669252094218,1934.4704567890285
TLRY,2020-12-23,2020-12-22,db,-1.0,-4.39,30,False,6-30,7.496825609483948,14.94565248376707,57.54189436158627,0.5945303318332984,-51.12651906925445,9.394882663020871,0.9865113613848564,6.867402493581287,13.887812035806313,25.768637511077074,47.46540487081352,6.446716655852813,7.559133844084021,38.33077617827545,-20.01620410098389,-66.85766334581255
TLRY,2021-03-02,2021-03-01,db,-1.0,-4.39,12,False,6-30,-2.7767166080053585,33.821992724353734,216.72864407596873,296.2790792302568,77.13097761462728,20.680357162837197,0.35664874917784584,0.3628496120635649,6.8267667724188685,8.087658282926057,58.130364895703934,-3.122229963073442,33.338175671198165,196.4880934295425,266.6274998695707,12.015790092848611
BLNK,2021-02-03,2021-02-02,db,-1.0,-4.44,4,False,<=5,-20.998023293274827,12.210529171235374,484.2874664776509,334.1176506125739,2438.095321893152,15.126592591113225,-0.27697049609970437,4.443122021911927,21.59190424652293,23.508698016524065,50.42930992704455,-20.778603398089402,7.4369733487034795,380.531553558887,251.48751268877754,1587.234570925095
CLF,2021-06-09,2021-06-08,db,-1.0,-4.53,20,False,6-30,-1.073691145983291,-4.0246228583984305,38.550924806594125,55.4447892412665,187.11049039730327,5.763825480644108,1.1838161408199266,0.7659779305511316,12.417585535746568,9.57103386943472,40.08854465116563,-2.231095221454571,-4.754184782736182,23.246664786745196,41.866681139921646,104.9492991109565
TLRY,2021-01-26,2021-01-25,db,-1.0,-4.54,5,False,<=5,-12.791876623473186,100.0,155.2748815176622,141.29214945984526,-13.012656682654267,11.823693260366298,5.210690001656659,5.992358642990636,15.440281732753135,28.621358709835576,48.17155095551124,-17.11096716963493,88.69284782467304,121.13154757247501,87.59881864114831,-41.29281717280274
BLDP,2019-10-24,2019-10-23,db,-1.0,-4.57,2,False,<=5,12.475630647336633,3.7769791422334054,42.11822813416788,69.20820632533564,67.73255479503419,4.562048577627105,-0.4247821429062215,0.9028764683510326,-0.6101431859075968,1.4310730453539922,11.928224458679137,12.955445208020521,2.8483852735197823,42.99067600026672,66.82087771039917,49.85724611128492
APT,2020-10-02,2020-10-01,db,-1.0,-4.73,45,False,31-60,11.950147165786973,12.362033011867668,-13.189310259800614,-11.2209315091097,319.5054949913432,7.627999399227775,6.352937368768119,-5.891578926642682,12.679131702320445,55.08793354583936,51.63005464193493,5.262863382523308,19.39636403450198,-22.957615639479002,-42.75565709007925,176.6638157468054
NVAX,2020-02-24,2020-02-21,db,-1.0,-4.74,22,False,6-30,0.5208328482694924,-21.38492841032781,102.6246694523469,13.030744896446045,-79.68421107844303,9.225520606974046,-1.8624286454859251,3.130605985614876,14.412124827239836,22.5863730860302,35.280078436842885,2.4284903945157588,-23.771347178317004,77.10069606547938,-7.795016647468711,-84.98242375647229
CBAT,2021-02-16,2021-02-12,db,-1.0,-4.75,60,False,31-60,-8.374382240422939,1.9178063401050771,87.40554165247616,807.3170880630287,1100.0,12.081900633767017,1.5361363032729614,7.176991982185843,16.87234579321364,23.982904674381867,44.43399177908094,-9.760582689590136,-4.907009932649453,60.35062903936179,631.8082202106242,730.8293534083449
JNUG,2020-06-02,2020-06-01,db,-1.0,-4.76,68,False,>60,5.326677215850983,32.00398830204847,-77.34126733749574,-82.97316784935099,-71.8869941880791,7.730937910215051,1.9158825467524343,10.021613141860875,13.974141443393307,14.611039611870268,35.706887022227754,3.3466762823094687,19.98005167570458,-80.11940921374871,-85.14381144407179,-79.28402424608252
FLGT,2021-11-29,2021-11-26,db,-1.0,-4.78,77,False,>60,3.830600495350467,17.52379051628481,1.9644774741521376,29.55390630167529,167.26925860608176,6.170693810326065,-3.1659149026394773,3.186335369248061,5.1591588376440844,17.34595868563322,32.74429625018853,7.225261013160189,13.894722683706862,-3.037948761480902,10.40338137996455,101.34142570039214
ETHE,2020-05-07,2020-05-06,db,-1.0,-4.85,51,False,31-60,-8.612426992984801,1.3262509818168011,44.15096955564306,143.31209263445058,,8.410259538018988,0.0,11.461757580319333,-4.658422922803574,10.10338446759902,16.285845255226295,-8.612426992984801,-9.093259265357345,51.19423652802231,120.98511668008891,
DKNG,2020-08-13,2020-08-12,db,-1.0,-4.9,50,False,31-60,3.6559215646658094,4.039473823507622,28.288983487581998,83.86921513384962,245.6967304019444,7.707835117708885,0.29882606293603065,2.9889687869565584,22.60614117140387,16.495086285008465,48.660850080603964,3.3470935139592317,1.0200170454411905,4.635038882949183,57.83430958109983,132.54053115834296
AMC,2021-02-22,2021-02-19,db,-1.0,-5.0,16,False,6-30,1.9677968588459605,86.2745074817619,78.68338771668661,5.751388471914409,-21.54624517218422,31.686281038786717,-1.6139307867809483,4.617397924529021,13.420897073812599,20.10865624252989,40.477938906774554,3.6404825137029473,78.05308789666161,57.54009386859475,-11.95356622891901,-44.15225946624965
PLTR,2021-01-15,2021-01-14,db,-1.0,-5.02,32,False,31-60,-0.3199996948242134,-8.516885882224024,166.8094182995191,,,7.003944832847544,-0.200001040786002,3.5783774699860382,7.827056977012226,20.950873266119284,43.647618732093505,-0.12023913355675431,-11.677401835836744,147.4419925570263,,
APT,2020-05-14,2020-05-13,db,-1.0,-5.07,52,False,31-60,-2.3844984575632666,6.938778624242659,152.89576864081246,284.16422439117093,259.8901099980763,9.409559989903608,0.1552441764475221,8.033278870399329,-6.053156417615235,9.273262486630852,23.87512426660483,-2.5358059429583357,-1.0131139752498575,169.19027717949956,251.5628760861532,190.52653801865702
MQ,2021-10-26,2021-10-25,db,-1.0,-5.4,96,True,>60,23.010008561083396,5.208339172578236,5.640643268812173,,,7.560939093735677,1.4168927821215815,1.232164501297639,2.756379938178144,11.598572614080172,33.43881823783501,21.291438917726712,3.9277779852564754,2.806894649625935,,
LAKE,2020-06-17,2020-06-16,db,-1.0,-5.41,75,False,>60,28.52686269682254,49.20291607266742,16.591189208261703,91.71327415185692,72.01339660485131,8.385546203791867,-0.1849663423926451,8.769640007897483,43.74925334454831,16.545662543592265,34.10385065634769,28.765034671735478,37.173310550475456,-18.892664486536326,64.49627550930887,28.26879747521196
VIR,2020-06-19,2020-06-18,db,-1.0,-5.43,78,False,>60,11.236961381504873,-6.932665548830319,-24.115495194707016,201.4539527450529,,7.785224701168398,4.384225709053058,7.408833107168666,38.61865773861373,17.07525574609545,32.16536668195054,6.5649149820320885,-13.352252548623778,-45.25664434842198,157.48733224963004,
APT,2020-03-05,2020-03-04,db,-1.0,-5.47,3,False,<=5,29.13639674451467,207.10172519865623,399.9999925494195,339.5604268923836,321.05263686246167,31.3243152510563,0.8037781438769986,-4.066483583447422,8.033965631025142,16.356455211269317,26.142837888491677,28.106703064441298,220.11932499710625,362.8174015726678,277.77055522555264,233.7903632980461
ARCT,2020-07-08,2020-07-07,db,-1.0,-5.51,33,False,31-60,6.2473214892727835,52.05143931238272,263.01168669289734,375.6705157414275,420.5450738572777,10.398574996480443,3.6389168733135246,7.245284931306362,30.8840162099302,19.521218618365666,35.400747554667774,2.5168196413589694,41.779136872801416,177.3537191207887,297.9799748028472,284.4477104139389
CREX,2020-05-11,2020-05-08,db,-0.41,-5.56,8,False,6-30,-7.3333316379123215,178.00000508626303,64.49703886015796,72.67081334006762,16.806727010387903,34.332993163481405,5.697088880049672,12.110460894067309,-1.6844889423882181,12.22371365288999,22.077501311032343,-12.328078905512307,147.96972813174324,67.31544909914015,53.8630363580211,-4.317564042546563
TNA,2021-04-23,2021-04-22,db,-1.0,-5.68,27,False,6-30,-3.8506783588573623,-6.11029058505419,4.171977205645905,134.00242762905935,413.06305035971553,6.069158725652846,-1.8763890491411472,5.207011638800263,3.1354514280754753,18.31645986120516,59.65134238445049,-2.0120430654605226,-10.75717487605231,1.0050140501816518,97.7767319133477,221.36469552772527
STNE,2020-03-03,2020-03-02,db,-1.0,-5.71,19,False,6-30,4.97846913695954,0.9668522822639858,16.308675268354268,45.811167880494416,40.893040877844115,5.415626473565745,-2.2449055717334576,-1.20964617285082,6.841988504114638,15.926080860754134,25.123870984296424,7.389256540479905,2.2031487597695687,8.860455422799497,25.779433582022904,12.602846898436182
RIOT,2020-09-01,2020-08-31,db,-1.0,-5.75,17,False,6-30,-3.581270257368574,32.57575230767049,63.55139385176447,207.01754771221164,90.21738785370093,12.571243936447079,3.9664341139387105,10.944683829947866,26.58241592667172,43.83976536752592,58.56525468649003,-7.259751126056335,19.49716537195958,29.205460848929143,113.44413829357207,19.96158189244701
SIGA,2022-06-07,2022-06-06,db,-0.59,-5.76,9,False,6-30,-22.295316884084826,51.03313895331203,75.93130301196149,54.32989607895911,71.14041550809713,16.432019481236132,-0.6082306775967883,-0.6564154583312609,-8.80527138836925,-20.250479029920797,-8.017920372951481,-21.819800929531997,52.03109455947062,92.91828123223742,93.51827346632129,86.05843247076474
BCRX,2020-04-30,2020-04-29,db,-1.0,-6.03,36,False,31-60,7.246376711439373,93.71728336878718,26.279862231495322,60.86957062575238,-50.73235772411409,13.798226056742221,3.8062509432464253,18.186720085126275,-1.0564347764879578,12.192681979378683,15.628373572561504,3.3139871028323276,63.9078258786254,27.62817061041918,43.38686604828703,-57.39139040560104
VIR,2021-12-03,2021-12-02,db,-1.0,-6.1,53,False,31-60,43.472823141606874,24.938803521306863,-7.453668026658001,3.282372076209894,48.385012872139384,8.744547907074784,-2.2193971433216664,0.2210094270927554,2.6136353209369245,17.19045303369182,29.01031924913955,46.72932969323354,24.66328590732807,-9.8108826532733,-11.867930021128437,15.017940995544876
TLRY,2020-11-24,2020-11-23,db,-1.0,-6.23,10,False,6-30,-8.743161425279355,-0.7429420168309164,0.6024119227211244,-34.8927835816617,-68.6826056746241,13.246430577975874,-0.9583859334626021,1.9842799618311258,3.022679309590348,26.663373711973538,44.74902685424229,-7.860105638612513,-2.674159174024404,-2.349256885074935,-48.59822969314792,-78.36434896594398
UGAZ,2020-04-20,2020-04-17,yf,-1.0,-6.35,112,False,>60,1.9593913444558853,-8.298616857466723,-48.94755594339142,-79.57173476631618,,13.529528451501587,7.184125683692666,18.452183334384877,-3.4162512304141357,11.710937279432088,16.020107900625867,-4.874541174740099,-22.583627788721593,-47.141786576951596,-81.7132809631837,
ZKIN,2021-03-23,2021-03-22,db,-1.0,-6.48,1,False,<=5,41.14286150251117,20.48780859970465,439.30133568545233,832.0754669450196,1615.27776260067,27.463589263278855,0.057174833581985496,-1.0630346016350156,2.986928062008065,17.28955905271079,87.94878547216865,41.06220941902876,21.782397625160854,423.6599885382939,694.6789760938038,812.6304052944612
RIOT,2020-08-14,2020-08-13,db,-1.0,-6.58,5,False,<=5,-15.058825997745284,65.59632039212637,91.00528690049474,124.22359397642131,82.32322526870857,14.516060341304849,-0.7864723852170519,5.3918024376017115,24.443247394523503,16.910502978573085,45.804638843787785,-14.385491530896466,57.12447890828069,53.48786768232512,91.79080430225859,25.046244560192687
LGVN,2021-12-09,2021-12-08,db,-1.0,-6.75,9,False,6-30,7.195299426656421,488.7096653454347,503.3057978040164,229.3233082706767,,51.000466458329555,3.2263833274507103,0.3893949665332741,5.061473604201638,18.932516198862604,30.315587606026682,3.8448659841308963,486.42615142933414,474.24075363425027,176.8993028954567,
TNA,2021-05-07,2021-05-06,db,-0.95,-6.87,37,False,31-60,-6.944875392541627,-2.9339450799868882,-3.161247960550595,133.73710324824,355.60838100144167,5.051428669847228,-2.5601103009216364,0.20858918474735422,0.1716690347341121,12.871411085846663,52.10439457660121,-4.499969268398574,-3.1359929226631222,-3.3272052142098496,107.08264475445111,199.53663223845444
OCGN,2019-12-17,2019-12-16,db,-1.0,-6.98,69,False,>60,1.8134712825676358,-29.82142767811917,-96.99541277547371,-97.80936457649685,-98.80692160576758,17.761222111895886,2.548161343048494,3.1344036061623504,9.396943993193418,15.065501134534308,31.07803808625873,-0.7164341621134884,-31.95425593396498,-97.25349985579741,-98.09618399789363,-99.08979535271402
MARA,2020-08-14,2020-08-13,db,-1.0,-6.99,5,False,<=5,-30.25540577810454,303.409087676401,379.729717103472,183.9999961853027,72.33009955943486,23.056788281892445,-0.7864723852170519,5.3918024376017115,24.443247394523503,16.910502978573085,45.804638843787785,-29.702535633353065,282.77084018488387,285.5008022914901,142.92085736501633,18.192466937945607
OCGN,2019-12-20,2019-12-19,db,-1.0,-7.14,72,False,>60,3.714289047280195,0.8333308498065684,-97.31111107049165,-97.04878048898681,-98.86491553883793,14.84992366592941,2.106440294820411,3.682956550632599,9.56507563767377,13.170016098861304,37.67212950851433,1.5746790778498498,-2.7484032049514773,-97.54585216698032,-97.39222489070329,-99.17551615914255
APT,2020-01-21,2020-01-17,db,-1.0,-7.14,58,False,31-60,-0.28490001397227793,3.550292351955475,-1.6853916782002765,-6.666666666666665,-16.467781570346506,3.031279041706203,2.2661837822712583,6.912617196322057,15.662250329436134,16.709550995692133,37.640345077142314,-2.4945526486789604,-3.1449280099395516,-14.998534057763724,-20.02939559181548,-39.31124018699839
KODK,2021-03-15,2021-03-12,db,-1.0,-7.2,65,False,>60,28.5526392152766,-9.369195734934799,-3.2673258538831296,52.65625487780192,378.92160002243935,9.986261336412465,2.196446721086742,-6.238682322537315,4.698288073510448,16.854013138559477,78.91718190293162,25.789734711736934,-3.3388112389443947,-7.6081606241744755,30.638435752129457,167.67781323666827
GME,2021-02-22,2021-02-19,db,-1.0,-7.31,15,False,6-30,-22.53816990340808,3.124998788523503,225.76244003466596,759.9576685773492,878.0722703572407,65.16120617647671,-1.6139307867809483,4.617397924529021,13.420897073812599,20.10865624252989,40.477938906774554,-21.267481548918077,-1.4265305442619947,187.21553826422718,615.9830902119796,596.2461707288568
VXRT,2020-01-27,2020-01-24,yf,-1.0,-7.69,93,False,>60,28.947372548798157,63.33333002196431,53.125006402842835,-29.99999744551518,,12.930007013622486,-0.3044317047778078,5.086808973287282,14.989361167533088,14.595401099029726,37.58282806828499,29.34112794959396,55.42705275548248,33.16449873979928,-38.91552201646118,
MARK,2020-07-06,2020-07-02,yf,-1.0,-7.95,26,False,6-30,2.6086973107379396,5.357146354354225,534.2381257646807,281.8770394337397,188.4380337245434,11.121457849002365,2.503795428337896,7.214095675501686,35.81453254102167,17.12015283948145,33.79688260469293,0.10233951041684897,-1.7320011043769568,366.9884097809005,226.05578986659944,115.57903899505834
ETHE,2020-03-05,2020-03-04,db,-1.0,-8.1,7,False,6-30,7.319578334037646,113.31969592968352,215.45452896679942,185.20546714827287,,22.113492067408718,0.8037781438769986,-4.066483583447422,8.033965631025142,16.356455211269317,26.142837888491677,6.463845215067887,122.36201058598625,191.99569517256282,145.11357503150393,
MARK,2020-04-28,2020-04-27,yf,-1.0,-8.7,41,False,31-60,2.672043014630132,1.7741154861034447,-27.267856721671258,-39.20895417651715,,12.822052195821504,1.3255688598268422,16.330267570589953,-0.9539739405750369,10.656165442989929,14.03298298137068,1.328859210912503,-12.512781401154893,-26.567328168531056,-45.063119094974965,
OPTT,2020-10-16,2020-10-15,db,-1.0,-8.78,6,False,6-30,26.666665036454205,194.04763163420117,263.2352945043554,436.9565182180621,49.696973593986016,26.759688866167064,3.0880161412675022,3.9561371217948116,11.192014560442187,38.75969431339199,50.813925407832805,22.872347124107527,182.85740483959643,226.67390364341907,286.96865172197147,-0.7406158355909853
TLRY,2020-03-19,2020-03-18,db,-1.0,-9.31,119,False,>60,-65.16219995577319,-85.55555510939213,-85.60606067342475,-91.89632488446273,-96.58084164892247,13.767327759067829,-9.537968155674925,-24.76463099085049,-15.5414879526114,-7.885037929020577,-0.4024304589922423,-61.48903652288209,-80.80099150061821,-82.95738466420177,-91.20265054303235,-96.5670263171736
MARA,2020-09-01,2020-08-31,db,-1.0,-9.62,17,False,6-30,7.359310844371292,22.167490346102745,254.28572304394797,188.37209044436372,48.50299897030297,17.755447684196014,3.9664341139387105,10.944683829947866,26.58241592667172,43.83976536752592,58.56525468649003,3.263434741557325,10.11567758700076,179.88541729933735,100.48148000488064,-6.34581373837656
ZKIN,2021-03-30,2021-03-29,db,-1.0,-10.88,6,False,6-30,-18.70445626125393,67.05490148909654,327.23405826787985,672.3077177013881,1119.9270708576094,25.66746257559392,-0.8474193589505075,0.6904309978402079,1.0701054866324,14.833255306251614,71.30777945867545,-18.009654198461234,65.90941148387759,322.7106088499988,572.5470906852738,612.1259026954419
ETHE,2020-02-18,2020-02-14,db,-1.0,-16.44,2,False,<=5,20.652016251241424,178.5184561095087,154.05404334749937,141.02560312167313,,15.267819509804012,2.373472630763196,6.615795030760663,16.739667084656862,28.924796558381914,38.16943211844237,17.854765644616343,161.23564151929918,117.62443708466752,86.95053981530066,
DVN,2022-02-16,2022-02-15,db,,,7,False,6-30,0.4493201881564435,2.0440490651824073,21.35269737322791,90.35490309347121,173.30983306779905,5.4488926964830116,-0.832573569549766,-6.284023380439008,-9.636109554942006,-3.210179963174542,6.359251189480397,1.2926560704943357,8.886502329724566,34.2933518859631,96.66830976754291,156.96855704718536
